N,P,K,pH,temperatura,umidade,luminosidade,acao
149.4,47.0,206.0,6.03,18.2,68.7,60.4,nao_fazer_nada
151.2,46.9,200.6,5.90,18.6,68.6,59.1,nao_fazer_nada
147.2,46.9,203.2,6.11,18.6,67.0,59.4,nao_fazer_nada
147.5,47.6,207.3,6.11,18.7,67.2,59.6,nao_fazer_nada
148.0,46.6,204.6,6.09,18.4,68.3,59.2,nao_fazer_nada
145.5,46.6,205.1,6.07,18.5,67.9,60.7,nao_fazer_nada
148.7,46.5,198.8,6.13,18.4,67.3,61.2,nao_fazer_nada
146.3,46.7,199.6,6.13,18.8,66.5,61.2,nao_fazer_nada
147.9,46.5,201.9,6.09,18.9,65.2,61.1,nao_fazer_nada
149.8,46.3,197.6,5.94,18.5,65.6,61.8,nao_fazer_nada
144.8,45.8,201.0,6.04,18.7,65.0,61.9,nao_fazer_nada
143.6,47.2,201.8,6.12,18.7,63.5,61.2,nao_fazer_nada
143.3,47.0,203.4,6.14,19.1,61.5,62.3,nao_fazer_nada
148.3,46.1,199.8,5.91,18.8,63.0,62.4,nao_fazer_nada
145.8,45.4,196.5,6.03,19.4,62.4,60.8,nao_fazer_nada
144.2,46.3,202.2,5.96,19.2,62.1,60.5,nao_fazer_nada
145.2,45.1,200.1,6.06,18.9,59.8,61.4,irrigar
142.7,46.4,197.6,5.93,19.1,59.6,63.0,irrigar
146.2,45.9,200.3,6.01,19.1,59.3,61.5,irrigar
141.4,44.8,201.6,5.95,19.6,59.9,61.3,irrigar
141.8,44.8,196.2,6.14,19.1,57.7,61.3,irrigar
143.9,45.4,201.2,6.01,19.4,57.9,63.1,irrigar
145.2,45.2,196.2,6.08,19.7,56.3,62.4,irrigar
142.4,45.0,193.6,5.97,19.4,55.6,62.9,irrigar
142.3,44.4,194.0,5.99,19.7,56.4,62.7,irrigar
140.0,44.4,198.8,6.16,20.0,55.9,62.5,irrigar
140.7,44.6,199.4,6.07,19.6,55.9,63.5,irrigar
141.2,44.7,197.4,6.12,19.5,55.3,62.8,irrigar
139.0,44.3,191.8,5.97,19.5,53.3,62.6,irrigar
142.0,44.4,191.1,6.08,19.9,52.9,63.8,irrigar
140.2,44.1,194.1,6.07,21.3,53.4,67.1,irrigar
140.1,43.7,195.7,6.14,22.4,52.4,69.1,proteger
141.4,44.6,190.6,6.12,23.1,51.5,70.6,proteger
142.5,44.1,193.2,6.07,23.8,51.4,74.8,proteger
138.9,43.8,194.6,6.16,23.9,51.4,75.4,proteger
137.4,43.6,195.7,6.09,25.3,50.5,78.1,proteger
141.2,43.4,190.9,6.12,25.1,48.9,78.7,proteger
138.2,44.3,190.4,6.00,26.2,49.3,80.3,proteger
136.8,43.6,187.8,6.08,26.1,48.5,80.7,proteger
138.7,43.5,194.5,6.04,26.8,48.2,83.1,proteger
139.9,43.4,193.4,6.20,27.8,45.8,81.5,proteger
137.7,42.8,187.3,6.07,27.2,46.2,82.3,proteger
138.9,43.3,189.1,6.11,27.6,44.8,84.7,proteger
136.8,43.8,192.0,6.06,28.1,45.6,84.4,proteger
135.8,42.8,189.2,6.01,28.7,43.9,84.3,proteger
134.0,43.0,189.0,6.04,28.5,44.3,87.0,proteger
137.4,42.0,189.5,6.13,28.6,42.2,86.9,proteger
137.7,43.0,188.1,5.99,29.5,42.7,88.9,proteger
136.6,43.2,189.7,6.02,29.0,41.1,86.8,proteger
136.0,43.2,185.8,6.12,29.6,40.9,86.9,proteger
136.8,42.2,186.4,6.08,29.6,39.9,89.0,proteger
133.9,42.5,184.2,6.09,30.3,40.4,89.0,proteger
132.4,43.0,189.3,6.07,30.1,39.0,87.9,proteger
133.4,42.5,188.0,6.16,29.5,39.1,88.6,proteger
132.7,41.7,183.1,6.13,28.9,38.2,87.9,proteger
134.3,41.6,182.1,6.09,28.1,36.8,85.2,proteger
134.3,41.1,185.0,6.05,27.9,36.1,83.1,proteger
130.2,41.0,182.6,6.02,27.2,36.3,80.8,proteger
134.7,42.3,181.1,6.09,25.9,34.7,81.5,proteger
133.1,41.9,181.0,6.24,25.7,33.9,79.4,proteger
133.0,42.2,184.3,6.11,25.8,33.9,79.2,proteger
131.0,41.9,183.8,6.09,24.7,33.6,78.6,proteger
130.5,41.2,185.8,6.10,24.3,33.2,76.2,proteger
128.9,40.3,181.9,6.01,24.6,31.8,76.9,proteger
132.2,41.7,183.9,6.08,24.0,31.9,75.2,proteger
131.7,40.6,185.1,6.25,23.6,30.9,73.7,proteger
132.1,41.5,180.1,6.09,23.2,31.0,74.7,proteger
128.6,40.3,178.9,6.14,23.3,29.7,72.8,proteger
128.9,40.2,183.1,6.14,23.1,29.1,71.7,proteger
129.6,40.9,181.2,6.25,23.3,28.7,71.1,proteger
129.0,39.9,177.1,6.25,22.4,28.1,70.9,proteger
130.4,39.7,176.9,6.24,22.9,27.5,71.1,proteger
129.7,40.4,179.3,6.21,22.7,26.9,71.3,proteger
127.9,40.4,178.7,6.18,22.3,26.7,71.9,proteger
128.9,39.9,180.4,6.20,22.4,25.4,70.6,proteger
125.7,40.1,181.3,6.12,22.3,24.9,69.8,proteger
126.0,39.1,176.5,6.24,22.1,24.9,69.6,proteger
128.4,40.4,176.1,6.12,21.8,24.8,68.9,irrigar
125.8,38.9,175.8,6.16,21.5,24.8,65.9,irrigar
128.3,39.9,174.7,6.27,20.9,24.9,61.0,irrigar
124.8,39.1,179.5,6.17,20.9,24.5,58.6,irrigar
123.7,38.7,176.9,6.11,20.6,25.0,55.5,irrigar
127.4,39.5,174.9,6.08,20.1,25.1,53.3,irrigar
122.5,39.0,174.4,6.15,19.3,24.4,51.3,irrigar
125.7,38.3,177.7,6.28,19.4,24.6,50.3,irrigar
125.6,39.7,172.8,6.10,19.4,24.9,47.5,irrigar
123.3,38.7,172.7,6.20,19.0,24.6,46.1,irrigar
124.2,38.0,177.4,6.23,18.4,24.6,44.5,irrigar
122.6,38.9,171.8,6.07,18.1,25.3,43.0,irrigar
120.9,38.8,170.5,6.30,18.2,25.1,42.3,irrigar
124.3,39.1,174.2,6.15,18.1,24.7,40.6,irrigar
121.7,38.6,173.8,6.30,18.0,25.1,40.5,irrigar
122.2,38.0,174.7,6.20,18.0,25.1,39.2,irrigar
122.3,38.8,168.8,6.10,17.6,25.4,38.0,irrigar
122.2,38.5,174.8,6.13,17.5,24.9,37.3,irrigar
123.3,38.3,169.9,6.30,17.6,24.9,37.2,irrigar
119.0,37.6,172.8,6.14,17.5,24.8,36.0,irrigar
122.2,37.2,172.6,6.12,16.8,24.7,35.1,irrigar
120.5,37.6,167.3,6.17,16.9,25.1,34.4,irrigar
119.6,37.6,167.8,6.24,17.1,25.0,34.7,irrigar
117.3,36.9,172.7,6.10,16.7,25.6,33.6,irrigar
119.6,37.8,172.3,6.32,16.7,25.0,35.1,irrigar
120.0,37.1,167.4,6.23,16.9,24.2,38.1,irrigar
117.3,36.9,168.8,6.29,17.7,24.4,40.4,irrigar
116.3,36.6,171.0,6.19,17.3,23.9,41.3,irrigar
118.1,36.6,169.3,6.17,17.9,22.9,44.1,irrigar
119.8,36.8,166.4,6.27,18.2,22.0,45.2,irrigar
116.1,36.3,166.3,6.27,18.4,21.7,47.6,irrigar
116.0,36.7,167.6,6.10,18.3,21.6,48.7,irrigar
115.4,36.9,169.3,6.26,18.5,20.9,50.2,irrigar
118.3,36.7,166.9,6.28,18.1,19.9,51.7,irrigar
152.6,47.5,202.4,6.08,18.8,68.7,59.9,nao_fazer_nada
147.9,46.7,203.5,6.10,18.5,68.4,59.8,nao_fazer_nada
147.4,48.1,203.2,6.04,18.5,68.3,58.9,nao_fazer_nada
148.1,46.3,205.9,5.90,18.3,67.7,60.8,nao_fazer_nada
149.3,47.2,199.8,6.05,18.6,68.2,59.1,nao_fazer_nada
146.5,47.5,202.1,5.90,18.7,66.4,60.5,nao_fazer_nada
145.0,46.9,200.1,6.02,18.3,65.9,60.7,nao_fazer_nada
147.9,46.5,202.5,6.00,18.6,66.5,61.2,nao_fazer_nada
149.4,46.5,205.2,5.96,18.4,65.8,61.8,nao_fazer_nada
148.1,46.0,199.4,5.97,19.1,64.8,61.4,nao_fazer_nada
146.1,46.5,204.9,6.07,19.1,63.9,61.5,nao_fazer_nada
146.7,46.1,200.6,5.94,19.0,62.3,59.9,nao_fazer_nada
146.8,46.4,201.0,6.09,18.9,63.0,60.8,nao_fazer_nada
148.3,45.5,197.7,6.07,19.0,61.4,61.4,nao_fazer_nada
145.1,45.9,203.0,5.92,19.2,61.1,62.1,nao_fazer_nada
145.6,46.5,199.8,5.99,19.0,61.7,62.5,nao_fazer_nada
143.4,46.5,199.2,6.09,19.5,61.6,61.9,nao_fazer_nada
159.2,48.9,211.2,6.04,18.9,73.7,62.8,nao_fazer_nada
153.9,49.7,209.8,6.15,19.4,73.5,61.2,nao_fazer_nada
155.5,50.0,209.2,6.14,19.6,74.6,63.4,nao_fazer_nada
158.1,49.2,209.9,6.02,19.0,73.3,62.3,nao_fazer_nada
153.9,48.8,207.6,6.07,19.7,72.3,63.2,nao_fazer_nada
156.2,49.6,213.9,6.08,19.1,72.4,62.6,nao_fazer_nada
157.8,49.2,214.0,5.99,19.2,70.4,63.1,nao_fazer_nada
154.7,48.2,206.9,5.95,20.0,70.9,62.4,nao_fazer_nada
156.9,49.3,208.0,6.15,19.8,69.7,63.1,nao_fazer_nada
151.9,48.4,212.0,6.16,19.6,71.0,64.8,nao_fazer_nada
152.9,48.9,210.3,6.05,19.9,68.5,64.8,nao_fazer_nada
155.3,48.5,206.3,6.05,19.8,69.6,64.9,nao_fazer_nada
151.1,47.7,204.6,5.96,20.3,69.1,64.6,nao_fazer_nada
152.6,48.1,209.3,6.08,19.8,68.1,64.5,nao_fazer_nada
155.0,48.7,205.8,6.04,19.8,65.8,64.3,nao_fazer_nada
153.3,47.6,210.7,6.16,19.8,65.6,64.4,nao_fazer_nada
151.2,48.5,210.8,5.96,20.3,67.1,64.2,nao_fazer_nada
150.0,47.4,209.0,6.04,20.0,66.1,65.3,nao_fazer_nada
150.1,48.0,207.0,6.00,20.3,65.9,65.7,nao_fazer_nada
151.6,47.3,202.7,6.00,19.9,63.2,65.6,nao_fazer_nada
152.5,47.4,208.2,6.17,20.0,63.2,64.6,nao_fazer_nada
152.1,47.0,208.6,6.18,20.5,62.0,64.7,nao_fazer_nada
147.9,46.8,203.3,6.06,20.3,62.5,64.4,nao_fazer_nada
146.0,47.6,207.4,6.03,20.2,63.0,66.2,nao_fazer_nada
148.8,47.1,202.8,6.00,20.2,61.4,65.2,nao_fazer_nada
146.9,47.2,200.4,6.02,20.3,61.1,65.5,nao_fazer_nada
143.3,46.5,206.6,6.01,20.9,60.2,67.0,nao_fazer_nada
143.0,46.2,205.3,5.99,20.4,60.8,65.4,nao_fazer_nada
141.1,47.4,199.5,5.91,20.5,59.9,66.8,irrigar
142.4,46.0,203.7,5.87,20.9,57.7,65.2,irrigar
155.5,49.9,213.4,5.90,21.1,72.7,67.8,nao_fazer_nada
149.5,49.8,216.7,5.79,20.9,72.5,67.8,travar_irrigacao
153.2,51.5,211.8,5.77,21.2,72.6,66.5,travar_irrigacao
151.8,51.2,212.9,5.69,21.3,70.7,67.8,travar_irrigacao
146.7,49.9,210.9,5.67,21.0,71.9,67.0,travar_irrigacao
144.4,50.7,212.2,5.63,21.4,69.4,66.3,travar_irrigacao
148.6,50.2,215.5,5.86,20.8,58.2,67.6,irrigar
145.5,49.4,213.4,6.03,20.7,57.1,67.9,irrigar
143.8,50.7,209.9,5.98,21.2,57.2,66.2,irrigar
144.0,49.1,209.7,5.84,20.7,57.1,67.8,irrigar
140.5,50.1,216.5,5.81,21.3,55.6,68.1,irrigar
139.9,49.0,212.2,5.78,21.4,54.7,68.4,irrigar
152.0,52.6,223.3,5.78,21.1,69.4,66.9,travar_irrigacao
153.5,53.0,229.1,5.89,21.4,69.3,66.7,nao_fazer_nada
150.2,53.5,221.3,5.70,21.1,68.3,68.2,travar_irrigacao
148.7,54.1,221.2,5.78,21.0,68.1,68.5,travar_irrigacao
147.4,54.0,228.3,5.70,21.3,66.5,68.6,travar_irrigacao
145.2,52.6,222.4,5.76,20.9,66.4,67.9,travar_irrigacao
147.5,52.1,222.6,6.09,21.0,54.4,67.6,irrigar
144.3,53.4,227.3,6.03,21.0,53.7,68.5,irrigar
147.9,52.9,227.6,6.01,21.2,53.3,67.1,irrigar
146.2,53.4,225.8,5.96,21.4,51.8,67.9,irrigar
145.0,51.6,223.5,6.05,21.4,50.8,66.4,irrigar
144.8,53.4,225.5,6.09,20.9,50.5,66.5,irrigar
156.7,56.5,232.7,5.97,21.5,66.1,67.5,nao_fazer_nada
154.3,55.9,239.5,6.03,21.5,64.7,66.9,nao_fazer_nada
156.0,57.2,237.5,6.11,21.2,64.3,68.5,nao_fazer_nada
157.4,56.8,231.5,5.96,21.1,63.2,66.9,nao_fazer_nada
154.9,55.8,233.9,5.99,20.9,64.3,67.5,nao_fazer_nada
152.6,54.7,231.2,5.94,21.2,63.0,68.9,nao_fazer_nada
155.6,55.9,236.0,6.11,21.0,62.0,68.0,nao_fazer_nada
156.3,55.7,232.5,6.00,21.5,60.7,67.6,nao_fazer_nada
154.0,55.5,235.5,6.14,21.2,61.5,66.2,nao_fazer_nada
152.6,56.4,230.2,6.00,21.0,60.1,66.1,nao_fazer_nada
157.2,54.5,236.0,5.94,21.1,59.0,67.2,irrigar
156.3,54.7,231.1,6.02,20.9,58.7,66.3,irrigar
164.9,58.6,249.8,5.95,21.2,74.3,67.2,nao_fazer_nada
166.7,58.9,244.5,5.98,20.6,74.5,66.2,nao_fazer_nada
162.7,58.3,241.2,6.06,21.3,72.3,67.3,nao_fazer_nada
165.9,58.6,247.5,6.12,21.3,72.6,67.4,nao_fazer_nada
161.3,58.8,245.7,6.05,21.1,71.2,67.8,nao_fazer_nada
164.9,58.4,243.2,6.15,20.7,71.6,66.6,nao_fazer_nada
162.1,57.7,242.9,5.94,20.4,70.0,66.8,nao_fazer_nada
164.3,57.9,243.2,6.10,20.5,70.0,67.6,nao_fazer_nada
164.5,58.9,239.5,6.14,21.1,68.4,66.6,nao_fazer_nada
160.5,57.0,243.9,6.17,20.4,67.9,67.2,nao_fazer_nada
162.5,58.5,245.4,5.95,20.6,67.3,65.9,nao_fazer_nada
164.3,57.8,240.7,6.12,20.8,68.5,67.1,nao_fazer_nada
159.2,57.3,243.7,6.06,20.8,66.7,65.0,nao_fazer_nada
163.2,57.6,237.6,6.01,20.2,66.8,66.8,nao_fazer_nada
160.6,57.1,239.3,6.06,20.5,67.2,65.7,nao_fazer_nada
162.4,58.5,242.0,6.18,20.8,65.5,65.6,nao_fazer_nada
159.5,57.1,240.8,6.14,20.6,65.6,65.3,nao_fazer_nada
157.8,57.7,242.5,5.98,20.0,63.2,64.0,nao_fazer_nada
149.8,46.8,202.0,6.03,18.3,68.7,61.0,nao_fazer_nada
151.7,46.7,206.4,5.89,18.6,67.9,58.8,nao_fazer_nada
150.3,47.8,206.8,6.08,18.2,69.7,59.2,nao_fazer_nada
148.2,47.9,201.9,5.90,18.5,69.0,60.5,nao_fazer_nada
148.8,46.4,203.5,6.04,18.5,66.3,59.7,nao_fazer_nada
147.3,46.4,199.9,5.91,18.3,65.9,60.3,nao_fazer_nada
149.5,46.1,201.9,6.08,18.4,65.3,61.5,nao_fazer_nada
149.1,46.9,205.3,6.00,19.0,64.2,60.4,nao_fazer_nada
149.8,47.2,201.0,6.07,18.7,65.4,61.7,nao_fazer_nada
145.1,47.0,205.2,5.97,19.1,64.6,61.4,nao_fazer_nada
145.6,46.5,198.0,5.92,18.7,64.4,61.5,nao_fazer_nada
147.9,46.0,197.8,5.94,18.9,62.8,60.3,nao_fazer_nada
144.2,46.0,199.0,6.14,18.9,61.5,61.1,nao_fazer_nada
146.7,45.7,200.1,6.02,19.1,62.7,61.8,nao_fazer_nada
145.6,46.3,198.6,5.98,18.8,61.0,61.4,nao_fazer_nada
147.8,46.2,201.6,5.92,19.2,61.7,62.3,nao_fazer_nada
142.7,45.9,198.5,5.92,19.3,59.5,62.6,irrigar
147.4,45.5,201.0,6.15,19.5,61.1,61.6,nao_fazer_nada
146.0,45.4,201.9,5.95,19.0,58.3,62.7,irrigar
146.6,46.0,201.3,5.96,19.1,59.4,63.0,irrigar
146.5,46.3,199.9,6.04,19.6,58.0,62.5,irrigar
144.4,44.5,195.6,5.99,19.7,58.3,62.6,irrigar
144.6,46.0,194.5,6.13,19.8,58.1,62.0,irrigar
152.4,49.5,208.2,6.16,19.3,72.1,62.5,nao_fazer_nada
156.2,49.4,206.8,6.10,19.5,71.7,62.4,nao_fazer_nada
156.8,48.0,209.3,6.17,19.5,71.4,63.9,nao_fazer_nada
151.1,48.8,207.3,6.13,19.6,70.3,63.9,nao_fazer_nada
151.7,47.7,211.1,6.01,19.5,69.2,64.0,nao_fazer_nada
151.5,49.4,206.8,6.04,20.1,68.1,64.1,nao_fazer_nada
155.8,48.7,205.7,5.98,20.0,69.0,64.2,nao_fazer_nada
155.0,48.1,211.4,6.02,19.6,68.6,63.5,nao_fazer_nada
153.4,47.6,207.8,5.98,20.2,66.2,64.6,nao_fazer_nada
153.6,48.4,205.3,6.16,20.2,66.0,64.2,nao_fazer_nada
152.3,47.5,207.9,5.97,19.9,65.5,61.2,nao_fazer_nada
152.2,47.1,204.6,6.15,19.7,66.9,58.7,nao_fazer_nada
150.4,47.5,207.9,5.97,19.4,67.3,54.8,nao_fazer_nada
150.5,47.1,203.3,6.16,18.9,66.3,53.7,nao_fazer_nada
152.4,47.0,208.5,6.05,18.4,66.5,51.9,nao_fazer_nada
149.0,47.7,204.5,6.09,18.2,67.1,49.0,nao_fazer_nada
151.3,48.4,201.5,6.19,18.6,68.0,47.5,nao_fazer_nada
146.9,47.1,208.5,6.03,18.4,66.8,46.1,nao_fazer_nada
151.2,47.6,204.5,6.08,17.8,68.1,44.9,nao_fazer_nada
149.3,46.3,203.9,6.07,18.1,67.6,44.4,nao_fazer_nada
150.3,47.0,204.3,6.04,18.3,67.8,42.3,nao_fazer_nada
150.9,46.9,206.0,6.09,17.7,67.3,41.5,nao_fazer_nada
146.2,46.0,201.2,6.01,18.0,68.2,40.0,nao_fazer_nada
146.7,47.0,201.7,6.17,17.6,66.1,40.3,nao_fazer_nada
147.9,45.8,201.5,6.21,17.9,67.4,39.7,travar_irrigacao
145.8,47.1,205.6,6.03,17.4,67.8,38.0,nao_fazer_nada
144.6,46.2,199.1,6.21,17.4,68.3,38.4,travar_irrigacao
145.9,45.5,202.8,6.02,17.6,68.4,37.3,nao_fazer_nada
146.4,47.0,198.1,6.21,17.3,67.9,36.6,travar_irrigacao
148.6,46.5,199.9,6.02,17.8,67.0,37.0,nao_fazer_nada
146.2,45.7,202.8,6.15,17.2,66.8,35.8,nao_fazer_nada
147.2,45.1,199.4,6.06,17.1,67.5,36.5,nao_fazer_nada
145.7,45.2,200.9,6.04,17.1,68.2,36.0,nao_fazer_nada
147.6,46.3,202.6,6.01,17.8,66.3,36.2,nao_fazer_nada
144.7,46.4,197.8,6.03,17.5,66.6,39.4,nao_fazer_nada
141.8,46.1,196.3,6.21,18.4,67.3,41.6,travar_irrigacao
144.6,45.1,197.4,6.17,18.6,66.9,43.9,nao_fazer_nada
143.2,44.7,195.1,6.20,19.1,65.2,46.7,travar_irrigacao
144.1,45.9,195.6,6.04,19.2,64.6,48.5,nao_fazer_nada
142.1,45.7,199.4,6.22,19.2,63.1,50.4,travar_irrigacao
142.6,45.0,200.5,6.04,19.1,64.7,52.1,nao_fazer_nada
141.0,45.4,198.7,6.10,19.5,62.7,53.0,nao_fazer_nada
144.4,44.7,194.1,6.14,19.6,62.3,54.0,nao_fazer_nada
140.7,44.7,198.4,6.17,20.0,62.5,56.1,nao_fazer_nada
144.1,45.1,193.2,6.03,19.6,60.8,57.5,nao_fazer_nada
138.6,45.0,196.5,6.19,19.8,60.3,57.5,nao_fazer_nada
138.9,44.4,192.0,6.22,20.1,61.4,58.1,travar_irrigacao
142.0,44.6,193.7,6.11,20.2,59.2,60.6,irrigar
153.3,48.6,205.2,6.21,20.4,75.2,60.4,travar_irrigacao
152.2,48.9,204.0,6.11,20.6,73.7,61.1,nao_fazer_nada
151.7,48.1,207.2,6.25,20.3,73.0,62.1,travar_irrigacao
150.1,48.7,204.8,6.14,20.5,71.6,62.1,nao_fazer_nada
153.3,47.1,204.8,6.14,20.3,71.0,62.6,nao_fazer_nada
148.6,48.3,202.3,6.19,20.4,70.3,62.5,nao_fazer_nada
147.6,48.2,204.2,6.25,20.9,71.0,63.2,travar_irrigacao
151.7,47.3,205.0,6.10,20.4,69.7,63.1,nao_fazer_nada
148.5,47.1,205.7,6.26,20.5,70.4,63.2,travar_irrigacao
149.1,48.3,203.1,6.13,20.4,69.1,64.2,nao_fazer_nada
146.7,47.8,202.5,6.25,20.6,68.0,64.2,travar_irrigacao
147.9,46.8,203.7,6.29,20.7,67.4,61.4,travar_irrigacao
146.5,47.0,204.4,6.26,19.8,67.2,58.6,travar_irrigacao
150.9,47.0,200.3,6.09,20.0,68.7,55.8,nao_fazer_nada
150.8,46.6,206.0,6.23,19.2,68.8,53.5,travar_irrigacao
148.8,47.4,198.8,6.19,19.4,69.6,51.4,nao_fazer_nada
149.2,47.2,202.0,6.26,19.3,69.9,50.9,travar_irrigacao
146.3,47.0,202.4,6.21,19.1,69.8,48.1,travar_irrigacao
147.8,47.3,204.1,6.06,18.6,67.4,46.6,nao_fazer_nada
149.4,46.8,203.5,6.30,18.7,69.8,45.8,travar_irrigacao
145.0,46.1,198.4,6.26,18.4,68.2,44.2,travar_irrigacao
143.9,45.6,201.2,6.16,17.9,69.9,41.7,nao_fazer_nada
146.3,46.1,201.4,6.19,17.9,69.0,40.9,nao_fazer_nada
148.3,45.4,199.6,6.31,17.5,68.6,40.2,travar_irrigacao
146.8,45.9,200.4,6.08,17.2,68.2,39.2,nao_fazer_nada
142.3,45.7,196.8,6.29,17.4,69.9,38.0,travar_irrigacao
143.6,45.6,196.4,6.27,17.1,68.1,37.3,travar_irrigacao
144.6,44.9,195.3,6.14,17.0,68.0,36.7,nao_fazer_nada
146.3,46.3,199.3,6.18,16.8,69.9,36.4,nao_fazer_nada
142.8,45.6,200.1,6.22,17.2,67.7,35.3,travar_irrigacao
143.1,44.5,194.7,6.12,16.9,69.7,35.0,nao_fazer_nada
149.1,46.9,204.6,6.00,18.8,69.6,60.7,nao_fazer_nada
149.9,47.2,203.6,6.04,18.2,69.5,59.0,nao_fazer_nada
146.5,46.5,201.5,6.11,18.2,69.5,60.5,nao_fazer_nada
146.9,48.0,203.0,5.99,18.3,66.8,59.6,nao_fazer_nada
146.5,46.3,203.0,6.12,18.5,66.1,60.5,nao_fazer_nada
147.6,47.3,206.8,5.89,18.7,66.2,60.6,nao_fazer_nada
145.5,47.6,203.7,6.10,18.9,66.2,59.4,nao_fazer_nada
148.8,47.5,198.4,6.00,18.6,65.2,60.4,nao_fazer_nada
148.4,46.8,199.9,6.05,18.5,63.7,60.0,nao_fazer_nada
145.4,47.0,202.2,6.07,19.0,64.8,60.4,nao_fazer_nada
148.6,45.8,201.0,6.05,18.7,63.5,60.5,nao_fazer_nada
147.6,47.1,198.1,6.01,19.2,63.3,60.1,nao_fazer_nada
148.7,46.0,203.4,5.93,19.2,63.1,61.6,nao_fazer_nada
143.8,46.7,196.6,6.12,19.0,63.4,60.4,nao_fazer_nada
142.8,46.3,198.9,5.97,18.8,62.5,61.6,nao_fazer_nada
148.1,46.4,197.6,6.01,19.2,60.5,61.8,nao_fazer_nada
147.7,45.4,200.3,5.96,18.9,61.1,61.3,nao_fazer_nada
145.2,46.4,202.3,5.99,18.9,58.7,63.1,irrigar
147.1,45.5,199.5,5.98,19.3,59.5,61.8,irrigar
144.9,45.3,195.4,5.92,19.4,58.0,62.6,irrigar
143.5,44.8,197.5,6.08,19.2,59.0,62.6,irrigar
144.4,44.8,194.4,6.11,19.4,56.7,63.2,irrigar
144.2,46.0,195.9,6.00,19.8,56.4,62.9,irrigar
153.2,49.6,213.2,6.14,19.7,72.5,63.7,nao_fazer_nada
153.3,50.0,207.5,6.11,19.6,71.0,64.2,nao_fazer_nada
152.1,48.7,208.7,6.16,19.6,71.1,62.7,nao_fazer_nada
152.7,49.2,206.4,6.07,19.4,68.7,62.6,nao_fazer_nada
155.4,48.0,211.8,5.94,19.5,68.4,64.4,nao_fazer_nada
156.0,48.5,205.0,5.96,19.5,67.7,64.2,nao_fazer_nada
155.5,48.8,207.2,6.13,19.6,67.6,64.7,nao_fazer_nada
154.8,47.8,208.8,5.94,20.2,67.2,63.3,nao_fazer_nada
153.3,47.6,206.4,6.01,20.4,67.9,65.4,nao_fazer_nada
151.8,47.9,211.5,6.09,20.4,66.8,64.0,nao_fazer_nada
150.9,48.5,208.5,6.05,19.8,65.0,65.0,nao_fazer_nada
149.2,49.0,206.6,6.03,20.5,64.8,65.6,nao_fazer_nada
150.6,47.0,210.3,5.98,20.2,65.5,64.8,nao_fazer_nada
152.2,47.2,207.1,5.98,20.0,63.4,65.9,nao_fazer_nada
152.2,48.2,209.7,5.99,20.2,63.5,66.2,nao_fazer_nada
151.4,46.8,207.8,6.10,20.1,63.1,66.2,nao_fazer_nada
150.7,47.1,202.3,6.08,20.6,63.4,66.5,nao_fazer_nada
144.9,46.5,207.8,5.89,20.5,62.8,64.5,nao_fazer_nada
147.3,46.7,200.3,5.85,20.9,62.1,66.3,nao_fazer_nada
147.4,46.6,200.0,5.96,20.3,60.6,66.2,nao_fazer_nada
142.7,46.9,202.6,5.81,20.4,60.1,65.5,nao_fazer_nada
142.5,47.3,201.8,5.85,21.0,59.4,65.2,irrigar
141.6,46.7,205.5,5.76,20.7,60.0,67.3,travar_irrigacao
141.5,46.5,203.4,5.74,20.8,57.6,65.4,irrigar
151.7,50.6,213.5,5.85,21.1,72.8,65.9,nao_fazer_nada
150.2,50.9,213.0,5.70,21.2,73.5,67.9,travar_irrigacao
150.4,50.9,218.0,5.64,20.6,72.9,67.1,travar_irrigacao
148.5,49.9,219.2,5.65,20.8,70.8,66.5,travar_irrigacao
145.7,50.8,218.5,5.66,20.9,69.9,66.6,travar_irrigacao
146.4,49.2,217.3,5.69,20.8,70.7,65.7,travar_irrigacao
145.4,49.2,217.4,5.70,20.9,70.8,67.5,travar_irrigacao
141.7,50.7,210.9,5.61,21.4,69.1,67.4,travar_irrigacao
144.5,49.1,215.7,5.62,20.7,68.1,67.0,travar_irrigacao
141.0,49.1,216.2,5.61,21.2,68.6,66.3,travar_irrigacao
138.1,49.0,214.2,5.56,20.9,66.4,66.8,travar_irrigacao
137.3,49.8,216.2,5.54,20.8,66.8,66.4,travar_irrigacao
138.2,49.0,208.1,5.46,21.3,65.2,66.5,travar_irrigacao
137.1,50.3,207.5,5.32,20.8,65.7,66.4,travar_irrigacao
137.7,48.5,207.6,5.48,20.8,64.4,68.8,travar_irrigacao
135.5,50.0,214.0,5.50,21.2,64.7,68.8,travar_irrigacao
137.2,48.2,213.9,5.32,21.2,64.8,66.3,travar_irrigacao
134.1,49.5,211.9,5.49,21.6,64.4,67.1,travar_irrigacao
134.3,49.4,207.9,5.40,21.0,62.0,67.4,travar_irrigacao
133.3,48.1,209.1,5.41,20.8,62.2,67.7,travar_irrigacao
135.0,49.4,211.5,5.34,20.9,62.3,68.2,travar_irrigacao
133.2,49.1,207.5,5.42,21.5,60.7,67.5,travar_irrigacao
136.0,48.0,210.9,5.50,21.1,60.3,67.3,travar_irrigacao
133.3,47.8,209.2,5.38,21.6,61.0,67.9,travar_irrigacao
145.0,53.0,225.7,5.44,21.4,74.9,68.2,travar_irrigacao
147.7,52.4,219.8,5.32,21.4,75.2,67.7,travar_irrigacao
143.8,51.2,220.5,5.38,21.2,72.8,68.4,travar_irrigacao
145.1,51.8,221.2,5.41,20.8,74.3,67.2,travar_irrigacao
145.7,51.0,218.4,5.51,21.2,73.2,67.2,travar_irrigacao
143.8,52.2,223.0,5.42,21.6,72.9,67.7,travar_irrigacao
142.6,52.5,222.9,5.49,21.3,70.5,67.4,travar_irrigacao
144.7,50.9,221.6,5.54,20.9,72.0,67.6,travar_irrigacao
144.7,50.8,217.0,5.46,20.8,69.2,68.1,travar_irrigacao
142.8,52.4,219.8,5.55,21.3,68.9,66.7,travar_irrigacao
143.7,51.6,220.6,5.34,21.1,70.2,68.6,travar_irrigacao
139.7,52.0,220.3,5.40,20.6,67.7,67.2,travar_irrigacao
140.3,50.5,219.1,5.49,21.3,67.6,68.3,travar_irrigacao
143.9,50.5,214.8,5.54,20.8,68.7,67.7,travar_irrigacao
140.7,51.6,216.4,5.37,20.9,68.2,68.4,travar_irrigacao
142.2,51.3,220.0,5.44,21.1,65.7,68.2,travar_irrigacao
139.8,50.7,219.6,5.47,20.9,65.9,67.1,travar_irrigacao
138.2,51.6,211.7,5.45,20.5,64.4,67.9,travar_irrigacao
142.4,50.5,212.2,5.54,20.9,65.6,67.5,travar_irrigacao
140.8,49.9,213.1,5.57,20.4,64.9,66.0,travar_irrigacao
139.9,51.0,211.2,5.49,20.8,64.6,65.7,travar_irrigacao
141.6,50.9,210.4,5.48,20.9,62.7,67.7,travar_irrigacao
140.3,50.4,213.6,5.41,21.1,63.2,66.7,travar_irrigacao
140.6,50.1,212.1,5.49,20.9,60.6,66.7,travar_irrigacao
135.7,50.8,215.1,5.67,20.8,48.7,65.7,irrigar
137.7,50.8,216.7,5.84,20.7,49.3,65.2,irrigar
136.8,50.2,211.5,5.72,20.6,49.1,65.1,irrigar
134.7,49.0,214.4,5.88,20.2,47.8,64.4,irrigar
138.1,49.6,211.2,5.87,20.2,46.4,65.5,irrigar
137.6,48.5,211.3,5.84,20.1,45.6,65.5,irrigar
137.2,49.4,212.6,5.82,19.7,46.5,62.4,irrigar
136.8,50.1,215.0,5.89,19.7,46.0,59.6,irrigar
136.5,49.7,214.8,5.74,18.9,46.2,57.6,irrigar
134.3,49.9,213.4,5.79,18.6,45.6,54.9,irrigar
136.5,48.8,213.7,5.79,18.8,47.3,51.0,irrigar
134.1,49.1,213.0,5.72,18.1,46.7,48.3,irrigar
135.1,48.6,208.8,5.85,18.1,47.0,47.2,irrigar
131.5,49.0,207.4,5.83,17.8,45.8,45.7,irrigar
131.1,47.8,210.1,5.78,17.4,47.5,44.0,irrigar
132.7,48.0,206.0,5.85,17.5,46.6,42.7,irrigar
131.8,49.0,209.1,5.92,17.0,46.9,39.8,irrigar
131.8,48.2,205.0,5.77,17.0,47.0,38.5,irrigar
132.3,49.0,203.6,5.88,16.6,46.8,37.6,irrigar
133.1,48.1,206.4,5.78,16.2,47.2,36.1,irrigar
133.2,48.1,208.3,5.82,16.3,47.0,35.2,irrigar
130.8,48.2,207.0,5.78,16.0,46.2,34.9,irrigar
131.3,48.6,203.1,5.84,15.9,47.2,33.5,irrigar
130.4,46.8,203.4,5.93,15.9,47.0,33.7,irrigar
140.6,52.4,220.3,5.92,16.0,60.9,32.3,nao_fazer_nada
151.2,46.7,201.2,5.88,18.9,69.5,59.3,nao_fazer_nada
150.0,48.1,203.4,6.03,18.6,70.1,60.5,nao_fazer_nada
149.6,47.8,200.8,6.06,18.7,68.1,59.0,nao_fazer_nada
150.4,47.2,207.3,5.96,18.9,66.4,61.1,nao_fazer_nada
149.1,46.9,206.0,6.07,18.4,66.4,60.9,nao_fazer_nada
149.5,46.1,200.8,5.95,18.6,67.2,60.6,nao_fazer_nada
149.5,47.1,201.4,6.13,18.4,64.9,60.9,nao_fazer_nada
147.5,46.3,199.9,5.91,18.9,66.0,61.1,nao_fazer_nada
144.5,46.6,200.4,6.00,18.8,66.2,60.2,nao_fazer_nada
148.2,45.6,203.3,5.94,19.1,63.8,60.2,nao_fazer_nada
148.1,47.3,202.6,6.06,19.0,63.6,60.0,nao_fazer_nada
147.2,47.0,201.2,6.12,19.1,63.9,61.2,nao_fazer_nada
146.9,46.3,198.5,5.94,19.3,61.9,61.3,nao_fazer_nada
144.1,45.9,200.9,6.12,19.0,62.6,61.9,nao_fazer_nada
146.6,46.2,198.6,6.10,18.7,62.6,60.4,nao_fazer_nada
147.1,45.5,195.8,5.92,18.8,60.7,61.7,nao_fazer_nada
142.0,45.7,201.4,6.08,19.0,60.3,62.9,nao_fazer_nada
146.0,46.2,197.2,5.97,19.4,58.9,63.0,irrigar
146.7,44.9,198.5,6.09,18.9,60.2,61.1,nao_fazer_nada
141.4,45.6,198.4,6.07,19.4,59.1,62.3,irrigar
146.1,44.6,201.6,5.96,19.6,57.1,62.4,irrigar
143.6,45.8,201.1,5.98,19.3,57.0,63.3,irrigar
141.0,44.5,195.5,6.13,19.1,57.1,62.1,irrigar
141.8,45.0,195.9,5.99,19.5,55.6,63.2,irrigar
137.8,44.1,195.4,6.03,19.9,56.7,62.0,irrigar
139.6,45.2,197.0,5.94,19.5,55.9,63.2,irrigar
138.5,44.3,196.4,6.03,19.4,55.7,62.5,irrigar
135.4,44.1,194.8,5.96,19.4,54.0,62.7,irrigar
136.1,44.4,197.9,5.96,19.7,53.6,64.9,irrigar
132.1,44.5,191.6,5.75,20.0,54.3,62.9,irrigar
136.0,43.8,197.6,5.76,19.6,52.9,63.7,irrigar
134.6,44.3,193.2,5.87,20.2,51.6,64.9,irrigar
130.2,44.9,194.8,5.84,19.9,51.0,63.2,irrigar
127.9,44.7,195.4,5.64,20.2,51.1,64.1,irrigar
131.1,44.8,189.5,5.63,20.1,50.4,65.4,irrigar
130.6,44.4,189.9,5.72,20.2,49.4,65.1,irrigar
128.6,43.4,190.0,5.74,20.5,48.3,64.2,irrigar
126.0,44.4,190.6,5.64,20.6,48.9,64.3,irrigar
125.7,43.2,192.8,5.47,20.2,47.6,64.2,irrigar
133.3,46.9,201.3,5.55,20.1,61.9,66.3,travar_irrigacao
137.2,46.9,203.9,5.61,20.7,62.6,66.6,travar_irrigacao
135.0,46.5,207.2,5.54,20.4,61.8,66.1,travar_irrigacao
133.0,48.1,206.2,5.39,20.6,60.5,66.1,travar_irrigacao
133.2,46.7,206.9,5.50,20.2,61.2,66.4,travar_irrigacao
130.9,46.5,200.8,5.45,20.7,60.2,66.2,travar_irrigacao
131.7,46.6,205.7,5.28,20.6,60.1,65.4,travar_irrigacao
129.4,46.9,204.7,5.31,20.8,59.1,66.3,irrigar
126.1,46.7,205.5,5.32,21.1,57.9,66.3,irrigar
129.9,46.2,201.4,5.36,21.1,57.6,67.1,irrigar
127.0,46.7,202.1,5.42,20.7,57.8,67.2,irrigar
126.5,45.5,204.7,5.35,21.2,56.2,65.7,irrigar
127.9,46.6,198.5,5.35,20.6,55.7,66.2,irrigar
127.9,47.0,203.1,5.33,21.4,55.3,67.4,irrigar
127.0,46.9,203.4,5.44,20.6,54.1,66.3,irrigar
125.2,46.4,196.5,5.38,21.2,55.0,67.8,irrigar
126.9,45.2,200.0,5.45,20.9,53.2,68.2,irrigar
127.3,46.5,198.7,5.37,20.9,53.5,66.4,irrigar
126.7,45.3,196.3,5.36,21.2,52.3,67.8,irrigar
122.7,46.0,199.6,5.47,21.1,51.5,67.8,irrigar
125.5,45.8,195.9,5.40,21.5,50.7,67.5,irrigar
123.2,45.0,199.7,5.36,20.7,50.8,66.9,irrigar
125.5,45.7,196.7,5.43,21.0,49.6,68.5,irrigar
124.4,46.0,200.1,5.36,20.8,48.9,66.8,irrigar
121.6,45.9,198.9,5.34,21.0,49.1,66.9,irrigar
125.5,44.2,193.1,5.41,21.6,48.2,67.4,irrigar
122.7,45.8,196.1,5.43,21.6,48.0,68.0,irrigar
120.8,44.9,193.6,5.44,21.2,48.2,68.0,irrigar
122.7,43.8,197.5,5.31,20.9,46.9,67.2,irrigar
121.8,43.9,192.0,5.46,21.4,47.1,66.7,irrigar
122.4,43.7,191.3,5.31,21.5,46.3,69.1,irrigar
121.8,44.4,192.1,5.40,20.8,45.2,67.8,irrigar
119.9,44.7,194.9,5.44,21.0,44.8,68.3,irrigar
118.9,43.6,190.4,5.46,20.8,43.5,67.9,irrigar
122.9,44.1,193.8,5.36,21.3,43.8,67.4,irrigar
122.4,44.5,191.7,5.38,21.6,43.8,68.0,irrigar
117.8,43.5,192.0,5.53,20.8,41.9,69.0,irrigar
119.7,44.7,190.2,5.35,20.9,41.6,67.2,irrigar
121.3,42.9,191.1,5.35,20.9,41.2,67.4,irrigar
118.5,42.9,193.5,5.34,21.4,40.9,66.2,irrigar
132.3,47.5,203.7,5.45,21.5,54.3,68.7,irrigar
130.4,48.0,204.1,5.31,21.0,54.9,67.2,irrigar
130.1,47.5,206.6,5.31,21.2,54.9,68.5,irrigar
126.7,47.9,200.3,5.42,21.2,54.4,68.4,irrigar
128.2,46.6,207.3,5.21,20.9,52.8,68.5,irrigar
126.4,46.8,206.9,5.24,20.6,52.5,66.6,irrigar
121.6,47.2,204.2,5.26,20.7,50.8,67.5,irrigar
124.5,47.2,203.1,5.27,21.0,51.3,66.6,irrigar
119.5,46.2,200.1,5.11,20.6,49.9,66.6,irrigar
121.9,45.8,198.2,5.17,20.9,49.6,65.7,irrigar
119.5,46.2,197.8,5.22,21.1,49.9,65.9,irrigar
116.6,47.1,200.1,5.19,20.6,49.2,65.5,irrigar
119.0,46.9,198.2,5.07,21.1,49.3,65.5,irrigar
114.8,45.5,201.9,5.09,20.3,47.3,66.9,irrigar
116.8,45.6,203.9,5.00,20.4,46.5,65.5,irrigar
114.7,45.7,198.9,4.96,20.5,46.2,66.7,irrigar
112.6,46.1,202.9,5.00,20.8,46.4,67.3,irrigar
109.7,45.1,201.2,4.93,20.4,46.1,66.7,irrigar
112.5,45.2,198.6,4.98,20.3,45.0,67.0,irrigar
108.6,46.1,201.0,4.92,20.2,44.1,66.8,irrigar
110.6,45.1,198.4,4.95,20.7,43.7,66.1,irrigar
106.7,45.9,200.4,4.87,20.3,43.5,66.5,irrigar
104.7,46.0,197.7,4.89,20.1,42.5,64.7,irrigar
104.5,45.7,200.7,4.78,20.0,42.1,65.7,irrigar
104.8,45.5,194.7,4.72,20.0,41.0,64.2,irrigar
104.4,45.1,194.9,4.75,20.4,40.4,63.5,irrigar
103.7,44.1,198.0,4.82,20.3,41.1,63.3,irrigar
101.8,44.4,197.3,4.72,20.0,40.2,65.2,irrigar
102.4,44.9,193.0,4.79,19.6,39.9,65.1,irrigar
104.9,43.8,196.3,4.72,19.5,39.1,63.9,irrigar
100.8,44.3,197.0,4.72,19.9,38.9,63.9,irrigar
102.6,43.8,191.7,4.70,19.6,38.2,64.5,irrigar
102.1,44.5,190.0,4.87,19.9,37.4,63.8,irrigar
102.1,44.0,192.5,4.85,19.7,37.2,64.4,irrigar
102.9,44.4,192.4,4.74,19.2,35.7,62.6,irrigar
103.0,44.6,195.7,4.86,19.6,35.5,63.1,irrigar
100.8,43.4,192.0,4.82,19.7,35.3,63.8,irrigar
100.1,44.5,188.3,4.76,19.5,34.0,62.9,irrigar
98.4,43.8,188.1,4.82,19.2,33.8,61.9,irrigar
99.2,44.5,191.7,4.81,19.6,33.1,63.2,irrigar
112.2,46.8,208.7,4.73,19.4,48.2,61.8,irrigar
151.9,47.5,202.3,5.95,18.5,70.1,59.5,nao_fazer_nada
151.9,47.9,201.6,6.10,18.7,68.9,59.0,nao_fazer_nada
148.3,46.3,207.1,5.90,18.8,67.4,61.2,nao_fazer_nada
146.8,47.9,202.6,5.90,18.6,67.0,59.0,nao_fazer_nada
148.2,46.2,206.0,6.01,18.3,66.7,59.0,nao_fazer_nada
147.4,46.6,206.9,6.06,18.7,65.9,60.3,nao_fazer_nada
147.2,47.4,206.5,5.97,18.6,66.4,59.2,nao_fazer_nada
146.6,45.8,202.4,6.08,19.0,64.4,61.7,nao_fazer_nada
149.1,47.3,200.6,6.07,19.0,64.5,61.2,nao_fazer_nada
145.1,45.8,201.0,6.12,19.0,64.7,60.9,nao_fazer_nada
147.3,45.5,204.0,6.08,19.1,64.9,62.1,nao_fazer_nada
145.9,47.2,199.8,6.01,18.6,64.1,61.1,nao_fazer_nada
148.8,45.7,198.2,6.09,19.3,62.8,60.7,nao_fazer_nada
145.7,46.9,196.8,6.03,18.8,61.0,60.3,nao_fazer_nada
146.0,46.8,201.2,6.07,18.9,62.5,61.9,nao_fazer_nada
142.4,46.7,198.0,6.07,19.1,62.3,61.9,nao_fazer_nada
144.4,46.1,196.1,6.06,19.1,60.1,62.9,nao_fazer_nada
144.1,46.5,201.2,6.10,18.8,60.3,62.0,nao_fazer_nada
142.5,45.6,198.8,5.97,19.0,60.3,61.0,nao_fazer_nada
143.9,46.0,200.2,6.03,19.0,57.8,62.0,irrigar
142.6,45.9,194.6,5.94,19.6,57.8,63.4,irrigar
141.3,46.2,196.9,6.16,19.8,57.2,63.2,irrigar
140.9,46.0,199.0,6.14,19.8,57.6,61.8,irrigar
141.2,45.8,197.7,6.13,19.8,56.0,62.2,irrigar
140.3,45.9,193.7,5.97,19.3,55.8,64.0,irrigar
142.6,45.2,199.4,6.08,19.4,54.6,63.3,irrigar
144.1,44.5,193.9,5.93,19.9,54.6,63.6,irrigar
144.3,44.7,193.7,6.15,19.8,55.3,64.0,irrigar
142.8,45.2,193.2,5.93,20.2,53.0,64.1,irrigar
136.8,45.1,197.1,5.89,20.0,54.1,64.6,irrigar
140.2,43.7,196.5,6.08,20.0,53.6,64.8,irrigar
137.8,44.1,195.8,5.96,19.8,51.5,64.0,irrigar
136.7,45.0,191.7,6.02,20.3,51.2,65.0,irrigar
137.4,43.2,189.7,5.95,20.4,50.5,65.3,irrigar
132.1,44.5,192.9,5.83,19.9,50.9,64.1,irrigar
135.3,44.2,193.4,5.89,20.2,50.1,63.8,irrigar
129.2,44.3,193.1,5.84,20.4,48.8,64.7,irrigar
132.1,44.0,191.6,5.76,20.3,48.0,64.1,irrigar
128.8,43.3,194.9,5.77,20.4,47.4,65.6,irrigar
130.0,43.7,194.3,5.67,20.4,47.0,65.3,irrigar
124.9,43.3,188.6,5.66,20.8,46.2,65.3,irrigar
127.5,42.7,188.5,5.63,20.8,45.7,64.8,irrigar
123.5,44.0,191.4,5.68,20.6,45.4,64.8,irrigar
122.0,42.9,192.9,5.52,20.6,45.7,64.9,irrigar
123.0,43.9,190.8,5.56,20.5,44.4,67.4,irrigar
122.1,43.2,185.2,5.66,21.0,44.5,66.5,irrigar
119.9,43.6,184.8,5.49,20.7,43.1,65.4,irrigar
121.0,42.8,189.6,5.49,20.7,43.2,67.3,irrigar
119.4,41.9,191.4,5.40,20.5,43.0,65.9,irrigar
117.0,42.4,188.5,5.41,21.0,42.2,67.5,irrigar
114.3,41.9,184.0,5.40,20.8,41.4,66.3,irrigar
116.5,42.6,189.8,5.36,20.7,41.3,67.3,irrigar
115.0,42.8,183.6,5.46,20.6,40.1,66.7,irrigar
114.9,42.8,184.6,5.39,21.2,40.5,67.3,irrigar
114.4,42.5,182.3,5.42,20.9,39.6,66.6,irrigar
115.2,41.7,185.8,5.34,20.8,38.2,67.5,irrigar
113.5,41.2,188.1,5.48,20.8,38.7,68.1,irrigar
112.0,40.9,183.0,5.38,20.8,37.5,68.7,irrigar
112.8,41.0,186.3,5.32,21.4,36.4,67.0,irrigar
114.1,40.8,186.1,5.33,21.1,36.3,68.7,irrigar
110.6,41.9,184.7,5.41,21.0,36.2,66.6,irrigar
112.1,42.1,180.3,5.33,21.3,34.8,66.4,irrigar
112.3,41.6,179.9,5.42,21.1,35.2,67.5,irrigar
109.7,41.8,181.2,5.32,21.1,33.8,68.8,irrigar
111.0,41.8,180.5,5.32,21.2,34.0,67.5,irrigar
109.9,40.6,183.0,5.39,21.1,33.3,67.8,irrigar
112.7,41.1,181.4,5.33,20.9,32.8,67.8,irrigar
112.1,41.1,183.9,5.50,21.0,32.5,67.8,irrigar
111.3,40.0,183.1,5.46,20.9,31.2,66.9,irrigar
108.5,41.3,182.1,5.41,21.2,30.5,68.3,irrigar
110.1,39.6,182.5,5.38,20.8,29.8,68.9,irrigar
107.8,39.8,177.7,5.40,21.4,29.5,67.5,irrigar
109.1,40.7,176.1,5.44,20.9,29.6,67.8,irrigar
109.3,40.7,178.6,5.44,21.2,28.1,66.9,irrigar
109.3,39.9,175.8,5.49,20.9,28.2,67.1,irrigar
109.7,39.5,177.5,5.47,20.8,27.0,68.1,irrigar
109.1,39.0,176.5,5.38,22.3,26.7,69.7,proteger
108.2,40.0,175.7,5.45,23.0,26.5,72.5,proteger
105.2,39.6,176.4,5.43,23.8,25.7,74.8,proteger
107.2,39.5,179.0,5.52,24.2,25.2,74.4,proteger
106.2,39.5,178.8,5.40,25.1,25.0,76.9,proteger
105.3,39.3,173.3,5.39,25.4,24.0,76.9,proteger
105.6,39.4,178.0,5.40,26.3,23.3,79.7,proteger
107.0,38.3,178.7,5.40,26.8,22.5,82.2,proteger
103.2,39.6,174.5,5.39,27.2,21.9,82.5,proteger
106.5,39.2,175.7,5.35,27.6,21.8,83.2,proteger
104.3,38.2,172.3,5.55,28.1,20.9,83.7,proteger
105.3,39.4,177.6,5.50,27.6,19.9,85.6,proteger
106.1,38.0,175.1,5.38,28.2,19.3,84.3,proteger
102.1,38.6,176.2,5.39,28.4,19.0,86.3,proteger
102.2,38.2,170.4,5.49,28.9,18.7,85.5,proteger
102.0,37.7,170.1,5.48,29.2,17.5,85.9,proteger
101.9,38.1,174.2,5.44,28.8,17.0,87.2,proteger
102.1,37.9,170.7,5.48,28.7,16.6,86.9,proteger
100.4,38.7,172.0,5.50,29.5,15.6,86.5,proteger
100.6,37.6,172.1,5.41,29.0,15.0,86.3,proteger
148.0,48.3,202.7,6.09,18.2,70.3,59.3,nao_fazer_nada
147.4,47.2,201.7,5.92,18.7,69.6,59.5,nao_fazer_nada
147.0,47.9,201.7,5.92,18.5,68.6,61.2,nao_fazer_nada
151.6,47.5,199.8,5.93,18.9,68.5,60.1,nao_fazer_nada
145.9,46.7,203.7,6.08,18.7,66.8,61.1,nao_fazer_nada
147.2,47.3,204.7,5.90,19.0,65.6,59.3,nao_fazer_nada
150.7,46.1,206.0,6.10,18.3,66.3,59.6,nao_fazer_nada
148.2,46.1,199.0,6.12,19.0,65.0,61.0,nao_fazer_nada
147.4,46.1,202.2,5.95,18.9,63.9,61.1,nao_fazer_nada
149.5,46.5,198.5,5.93,19.1,63.5,60.2,nao_fazer_nada
145.9,46.9,202.5,5.99,18.8,62.8,61.7,nao_fazer_nada
146.9,46.4,203.7,6.12,19.0,63.9,61.9,nao_fazer_nada
147.4,45.7,199.3,6.00,18.7,62.7,61.7,nao_fazer_nada
145.8,46.4,196.8,5.98,19.2,61.9,61.2,nao_fazer_nada
145.2,45.1,197.9,6.01,19.4,62.2,61.0,nao_fazer_nada
145.7,46.4,198.9,6.12,19.1,61.7,62.4,nao_fazer_nada
143.4,45.6,202.7,6.09,19.4,60.9,62.9,nao_fazer_nada
158.6,49.9,216.6,5.97,19.4,75.1,61.9,nao_fazer_nada
155.8,48.9,215.6,5.99,19.3,74.9,61.3,nao_fazer_nada
154.9,48.9,215.3,5.99,19.2,75.1,63.2,nao_fazer_nada
156.9,50.1,215.7,6.12,19.2,74.2,63.7,nao_fazer_nada
153.0,48.5,212.6,5.96,19.7,73.9,62.4,nao_fazer_nada
157.6,49.1,213.8,5.93,19.7,71.0,63.5,nao_fazer_nada
154.6,48.6,210.2,6.11,19.2,72.6,64.1,nao_fazer_nada
153.9,49.1,206.2,5.97,19.5,70.6,62.4,nao_fazer_nada
155.9,49.6,213.9,6.03,19.6,71.2,64.1,nao_fazer_nada
152.4,48.1,210.5,6.08,20.0,71.0,62.9,nao_fazer_nada
155.8,48.1,210.8,6.00,19.8,70.2,63.6,nao_fazer_nada
154.3,48.9,209.0,6.00,19.6,68.1,62.9,nao_fazer_nada
154.2,47.8,212.0,5.96,20.2,68.9,64.1,nao_fazer_nada
155.6,47.7,205.5,6.14,19.7,68.0,65.3,nao_fazer_nada
154.3,48.1,210.8,5.99,20.0,67.1,63.7,nao_fazer_nada
154.9,47.7,205.9,6.06,20.0,66.7,63.6,nao_fazer_nada
154.2,48.1,206.2,6.01,19.9,65.4,64.5,nao_fazer_nada
151.2,47.2,207.2,6.12,19.9,64.6,63.8,nao_fazer_nada
151.7,47.5,205.1,6.04,19.9,64.3,64.8,nao_fazer_nada
153.4,47.2,203.1,5.98,20.2,64.3,64.3,nao_fazer_nada
152.8,47.8,201.8,6.09,20.7,63.6,66.2,nao_fazer_nada
147.4,47.4,201.7,6.01,20.0,62.0,65.1,nao_fazer_nada
152.4,47.8,204.8,6.10,20.5,61.9,64.5,nao_fazer_nada
149.9,46.7,200.7,6.02,20.2,62.0,64.4,nao_fazer_nada
148.4,47.0,205.9,6.07,20.6,60.5,65.9,nao_fazer_nada
148.0,47.4,203.9,5.97,20.8,60.4,65.6,nao_fazer_nada
149.2,47.2,204.3,6.20,20.3,59.0,65.4,irrigar
145.6,46.8,205.4,6.05,20.8,57.6,66.2,irrigar
145.4,46.7,206.3,5.98,20.8,56.0,67.5,irrigar
148.7,47.4,200.4,6.18,20.9,56.4,67.4,irrigar
158.4,51.7,217.2,6.22,20.8,69.1,67.2,travar_irrigacao
159.2,51.1,217.0,5.98,20.4,69.8,67.4,nao_fazer_nada
157.9,51.4,217.8,6.00,20.8,68.1,67.1,nao_fazer_nada
161.6,50.9,214.3,6.19,20.7,65.5,67.6,nao_fazer_nada
160.2,50.0,215.2,6.02,21.1,66.4,67.9,nao_fazer_nada
160.4,49.4,218.5,6.12,21.0,65.1,66.2,nao_fazer_nada
156.9,49.2,217.1,6.10,21.2,65.0,67.1,nao_fazer_nada
158.1,50.9,209.5,6.05,21.2,62.2,67.7,nao_fazer_nada
156.7,50.9,217.1,6.18,20.7,62.4,68.3,nao_fazer_nada
157.4,50.2,215.7,6.06,20.7,61.8,68.1,nao_fazer_nada
153.9,49.0,209.1,6.13,20.7,60.6,67.5,nao_fazer_nada
157.4,50.2,213.5,6.20,21.3,59.2,66.6,irrigar
166.2,53.9,229.2,6.02,21.4,72.7,68.3,nao_fazer_nada
167.7,54.2,228.8,6.14,21.1,73.5,67.9,nao_fazer_nada
169.7,52.7,229.8,6.17,20.8,71.6,68.5,nao_fazer_nada
169.7,53.7,224.3,6.08,20.9,69.1,67.2,nao_fazer_nada
164.0,54.0,227.9,6.09,21.2,68.3,68.4,nao_fazer_nada
169.4,52.0,226.3,6.01,21.5,68.2,66.5,nao_fazer_nada
164.4,53.7,228.3,6.20,21.5,69.0,67.8,nao_fazer_nada
163.6,53.7,225.7,6.20,21.6,68.8,67.9,travar_irrigacao
165.9,51.9,225.1,6.24,20.9,68.2,66.7,travar_irrigacao
167.8,53.6,226.2,6.23,21.3,67.9,67.8,travar_irrigacao
167.5,52.2,221.6,6.07,21.0,65.3,68.3,nao_fazer_nada
164.0,51.4,221.3,6.23,21.2,64.4,67.4,travar_irrigacao
166.2,53.2,221.1,6.18,21.3,65.5,67.1,nao_fazer_nada
165.2,52.4,221.4,6.26,21.5,65.8,68.8,travar_irrigacao
167.0,51.8,219.5,6.24,20.9,64.4,67.0,travar_irrigacao
161.8,51.7,220.1,6.08,21.5,63.9,68.2,nao_fazer_nada
161.4,51.2,219.1,6.21,21.1,62.8,68.8,travar_irrigacao
159.8,52.5,221.1,6.08,20.8,62.9,68.0,nao_fazer_nada
163.0,51.6,223.0,6.21,20.9,60.6,67.3,travar_irrigacao
161.4,51.0,220.6,6.27,21.0,60.6,68.0,travar_irrigacao
159.2,51.5,218.5,6.21,21.0,60.0,66.9,travar_irrigacao
164.2,51.3,217.8,6.18,20.8,59.0,68.2,irrigar
160.6,51.3,214.0,6.09,21.4,60.5,67.1,nao_fazer_nada
159.3,51.3,214.6,6.28,21.2,59.7,67.0,irrigar
172.6,56.1,233.5,6.18,20.6,73.5,67.7,nao_fazer_nada
169.2,55.1,227.2,6.16,21.3,73.5,67.0,nao_fazer_nada
172.9,54.0,235.4,6.12,21.0,71.0,68.2,nao_fazer_nada
169.0,54.0,226.2,6.21,20.8,70.6,68.2,travar_irrigacao
170.8,53.9,234.1,6.21,20.9,70.5,67.1,travar_irrigacao
170.3,54.7,233.2,6.19,21.2,69.7,67.3,nao_fazer_nada
172.3,54.3,233.9,6.19,21.1,69.3,67.8,nao_fazer_nada
170.6,55.3,229.0,6.11,20.6,68.3,67.2,nao_fazer_nada
168.1,55.0,231.6,6.06,20.8,68.4,65.4,nao_fazer_nada
171.2,54.2,229.4,6.30,20.8,67.4,66.3,travar_irrigacao
169.7,54.6,223.5,6.29,21.6,68.7,70.2,proteger
168.7,53.1,229.6,6.20,22.7,67.6,70.6,proteger
149.1,47.2,207.4,6.06,18.4,68.8,58.9,nao_fazer_nada
150.3,47.9,203.9,5.96,18.8,69.4,60.6,nao_fazer_nada
147.8,47.8,205.1,5.91,18.7,67.3,60.7,nao_fazer_nada
149.7,48.0,207.0,5.95,18.3,68.8,59.7,nao_fazer_nada
146.3,46.8,201.3,6.12,18.2,68.5,59.2,nao_fazer_nada
150.2,46.0,200.4,6.03,18.5,67.7,59.8,nao_fazer_nada
148.8,46.3,200.3,6.01,18.7,65.6,61.2,nao_fazer_nada
147.4,47.4,202.7,5.99,18.8,65.3,60.4,nao_fazer_nada
147.8,46.9,200.2,6.02,18.9,66.2,61.7,nao_fazer_nada
147.6,46.6,199.5,6.08,18.7,65.6,61.2,nao_fazer_nada
146.9,45.5,202.7,6.10,19.1,63.9,59.8,nao_fazer_nada
144.0,45.5,201.3,6.11,19.2,64.2,60.0,nao_fazer_nada
145.9,46.6,197.5,6.00,19.0,62.9,61.7,nao_fazer_nada
146.1,47.0,198.5,5.96,19.0,62.6,61.0,nao_fazer_nada
147.7,46.7,196.4,6.15,19.0,62.8,62.6,nao_fazer_nada
142.8,46.3,197.6,5.98,19.1,61.8,61.7,nao_fazer_nada
145.1,46.4,199.0,6.10,19.1,61.2,62.3,nao_fazer_nada
142.0,45.9,198.0,5.97,19.5,59.3,61.9,irrigar
146.0,46.2,195.1,6.13,19.5,59.9,62.3,irrigar
143.5,45.4,199.1,6.13,19.7,59.7,63.0,irrigar
142.5,45.1,200.4,5.94,19.4,59.3,63.6,irrigar
141.5,44.6,196.9,6.11,19.8,56.6,61.7,irrigar
141.6,45.9,194.2,6.02,19.9,57.4,63.7,irrigar
152.1,49.9,213.2,6.11,20.5,70.6,64.7,nao_fazer_nada
152.3,49.7,212.9,6.15,21.2,71.8,69.2,nao_fazer_nada
156.1,48.8,211.5,6.12,22.1,69.6,70.9,proteger
151.5,49.1,208.4,6.11,23.3,68.5,71.6,proteger
153.8,49.0,208.6,6.00,24.0,70.1,73.1,proteger
153.7,49.5,205.4,6.07,24.6,68.1,74.7,proteger
152.1,48.9,205.7,5.95,25.3,69.1,77.5,proteger
152.7,49.0,208.1,6.08,25.4,67.7,79.6,proteger
153.6,48.6,208.0,6.09,25.8,67.4,80.8,proteger
153.5,48.0,204.9,6.11,27.0,67.6,81.3,proteger
150.9,47.2,210.7,6.13,26.4,66.1,82.2,proteger
154.5,47.9,208.6,6.03,27.6,65.3,81.6,proteger
149.5,48.5,205.5,6.15,27.5,65.0,84.5,proteger
150.4,47.3,205.5,6.07,27.8,62.8,82.3,proteger
150.4,47.6,204.9,5.96,26.6,63.3,78.3,proteger
151.8,47.6,202.6,6.13,26.6,61.5,78.0,proteger
151.7,47.0,202.6,6.03,26.8,61.8,75.8,proteger
148.9,47.3,208.6,6.09,26.6,62.4,73.7,proteger
147.0,48.2,207.5,6.16,26.0,60.2,72.3,proteger
148.0,46.4,201.4,6.05,26.8,59.3,72.4,proteger
149.8,47.8,205.1,6.12,26.0,59.9,71.2,proteger
145.9,47.3,206.3,6.04,26.1,59.4,69.4,proteger
150.7,46.5,206.7,6.07,25.6,59.3,69.3,proteger
150.2,46.4,206.5,5.99,25.9,57.1,69.7,proteger
149.4,46.7,205.6,5.99,24.7,56.5,68.6,proteger
145.6,47.0,202.0,6.10,24.3,56.1,66.6,proteger
148.4,46.9,201.9,6.15,23.4,55.9,67.1,proteger
147.9,47.0,198.2,6.21,23.0,54.3,65.4,proteger
148.2,46.2,198.4,6.10,22.8,55.6,65.1,proteger
145.2,46.6,196.6,6.01,22.8,54.5,63.9,proteger
144.6,47.0,203.3,6.05,22.1,54.1,63.3,proteger
143.1,46.5,202.6,6.16,21.4,52.1,63.8,irrigar
143.3,46.0,198.7,6.14,21.7,51.7,63.7,irrigar
144.6,46.2,195.9,6.15,20.9,52.4,64.0,irrigar
143.7,45.4,201.1,6.19,21.0,52.3,61.9,irrigar
145.6,44.8,200.4,6.19,20.9,50.0,63.4,irrigar
158.4,50.3,214.5,6.16,20.6,65.1,63.0,nao_fazer_nada
157.4,49.8,209.0,6.02,20.0,65.7,62.5,nao_fazer_nada
152.5,50.2,215.1,6.21,20.5,63.1,63.2,travar_irrigacao
155.7,48.6,208.4,6.14,19.7,64.3,61.1,nao_fazer_nada
153.5,49.7,211.2,6.15,19.8,62.7,60.8,nao_fazer_nada
156.5,48.2,210.0,6.14,19.9,61.4,62.5,nao_fazer_nada
155.8,49.0,211.6,6.05,19.5,61.5,61.6,nao_fazer_nada
151.1,48.9,207.1,6.02,19.6,61.9,60.2,nao_fazer_nada
152.0,48.3,212.4,6.10,19.6,61.8,60.7,nao_fazer_nada
152.4,48.3,206.8,6.08,19.2,60.2,60.1,nao_fazer_nada
154.4,47.9,210.9,6.08,19.3,59.4,61.9,irrigar
155.6,49.2,207.1,6.20,19.5,58.2,61.0,irrigar
161.8,51.3,218.3,6.20,19.3,74.0,60.4,nao_fazer_nada
161.4,52.3,222.3,6.25,18.8,73.6,59.6,travar_irrigacao
161.6,51.8,221.7,6.23,19.2,72.2,60.2,travar_irrigacao
164.3,51.8,219.7,6.14,18.7,71.6,59.4,nao_fazer_nada
163.0,51.1,216.2,6.27,19.2,69.9,60.6,travar_irrigacao
159.7,50.8,220.6,6.12,19.0,70.5,61.2,nao_fazer_nada
160.4,52.2,217.7,6.05,18.5,70.0,60.8,nao_fazer_nada
159.9,51.2,215.1,6.12,19.3,70.7,61.7,nao_fazer_nada
160.7,52.0,216.5,6.18,19.7,70.1,62.4,nao_fazer_nada
161.9,52.3,221.8,6.24,20.6,67.8,67.1,travar_irrigacao
163.8,51.7,220.7,6.12,22.1,69.1,67.9,proteger
161.7,50.8,221.6,6.18,23.1,66.4,71.4,proteger
161.6,50.5,221.1,6.20,23.3,67.9,74.0,proteger
157.9,51.2,219.8,6.11,23.3,66.0,70.4,proteger
163.2,51.4,215.2,6.06,23.4,65.8,71.0,proteger
162.8,50.0,218.3,6.13,23.4,65.3,70.5,proteger
160.3,50.2,216.4,6.30,23.6,65.3,67.8,proteger
160.2,50.8,214.4,6.15,23.9,64.1,67.1,proteger
159.6,49.7,216.9,6.14,24.5,62.3,67.3,proteger
159.8,50.7,213.8,6.26,23.9,62.8,66.0,proteger
160.7,50.4,217.5,6.18,23.8,61.5,66.4,proteger
159.1,49.3,212.0,6.22,24.1,60.6,66.1,proteger
160.0,49.7,214.4,6.20,23.9,61.6,64.7,proteger
155.1,50.6,212.1,6.09,23.8,59.5,63.4,proteger
158.0,49.0,211.3,6.13,24.4,60.9,64.8,proteger
155.2,50.3,216.5,6.08,24.1,59.9,63.8,proteger
156.4,50.5,208.8,6.21,24.3,58.0,62.8,proteger
156.5,49.7,210.8,6.15,24.3,57.6,62.0,proteger
158.0,48.6,214.0,6.24,24.4,57.0,63.4,proteger
156.1,49.6,215.2,6.19,23.7,56.0,62.7,proteger
158.1,48.9,214.1,6.20,24.3,55.9,62.8,proteger
154.2,48.2,211.4,6.12,23.9,55.8,61.4,proteger
157.0,49.1,212.3,6.19,23.9,55.1,60.7,proteger
155.8,49.8,207.8,6.21,23.4,54.8,60.9,proteger
155.6,48.4,211.3,6.26,23.0,53.0,62.1,proteger
155.9,48.6,207.7,6.20,22.4,52.8,61.2,proteger
151.4,48.6,212.9,6.09,22.1,52.7,60.2,proteger
154.0,49.1,211.3,6.20,21.9,51.8,61.5,irrigar
150.2,48.3,206.0,5.89,18.8,70.6,59.6,nao_fazer_nada
148.0,47.4,201.1,6.10,18.6,69.7,59.0,nao_fazer_nada
151.6,47.2,200.3,6.00,18.6,68.7,60.6,nao_fazer_nada
146.8,46.5,204.6,5.89,18.2,68.9,60.1,nao_fazer_nada
147.0,47.2,200.8,6.13,18.3,68.2,60.5,nao_fazer_nada
149.1,47.4,202.9,6.11,18.5,66.0,60.4,nao_fazer_nada
147.5,46.9,202.5,6.05,18.9,65.9,60.5,nao_fazer_nada
150.5,47.2,206.0,5.97,19.1,66.2,61.1,nao_fazer_nada
145.5,45.7,200.6,6.06,18.8,65.3,60.1,nao_fazer_nada
144.8,46.9,203.4,6.00,18.5,64.8,61.7,nao_fazer_nada
146.3,47.2,199.0,5.93,18.9,62.9,59.9,nao_fazer_nada
146.5,46.8,203.7,5.91,18.9,62.3,60.5,nao_fazer_nada
145.4,45.9,198.6,6.00,18.9,63.4,62.4,nao_fazer_nada
143.3,45.4,203.5,5.99,19.2,62.8,60.8,nao_fazer_nada
145.2,45.3,199.2,5.95,19.3,61.6,62.2,nao_fazer_nada
145.2,46.1,199.1,5.97,19.3,61.8,61.7,nao_fazer_nada
142.4,46.7,197.3,6.01,19.1,60.8,60.8,nao_fazer_nada
142.6,45.0,201.5,5.97,19.3,58.9,62.9,irrigar
143.6,45.9,195.7,5.93,19.6,58.3,61.7,irrigar
141.8,44.8,199.6,5.98,19.2,59.7,62.5,irrigar
143.1,45.9,193.9,5.95,19.3,58.5,61.6,irrigar
143.7,46.2,198.9,5.94,19.3,58.7,61.8,irrigar
143.1,45.8,200.0,6.16,19.3,56.4,62.7,irrigar
154.5,49.8,214.2,5.93,19.5,72.4,62.3,nao_fazer_nada
154.1,49.9,208.4,5.96,19.7,71.1,63.7,nao_fazer_nada
151.9,48.6,205.7,5.95,19.9,71.6,63.6,nao_fazer_nada
153.2,48.6,212.4,6.10,20.0,69.7,64.6,nao_fazer_nada
151.1,49.3,211.3,6.00,19.7,69.1,64.2,nao_fazer_nada
155.8,48.3,208.2,6.10,19.5,68.6,63.1,nao_fazer_nada
156.1,48.6,209.7,5.99,19.9,67.3,64.6,nao_fazer_nada
152.3,48.2,210.1,6.06,19.6,68.5,65.0,nao_fazer_nada
154.7,49.0,206.7,6.07,20.1,67.0,65.4,nao_fazer_nada
154.7,47.6,208.7,5.97,19.9,65.9,63.4,nao_fazer_nada
149.5,48.0,210.8,6.00,19.8,66.0,60.7,nao_fazer_nada
154.3,48.0,203.1,6.12,19.0,67.1,58.5,nao_fazer_nada
150.1,48.3,207.2,6.12,19.5,67.2,55.1,nao_fazer_nada
148.2,48.5,204.7,6.07,19.2,66.3,52.7,nao_fazer_nada
151.2,47.7,202.9,6.10,18.7,67.5,50.7,nao_fazer_nada
151.9,48.2,208.0,6.08,18.9,67.8,49.9,nao_fazer_nada
148.7,46.7,202.1,6.09,18.3,67.7,47.2,nao_fazer_nada
147.5,46.6,205.0,6.01,18.5,66.1,46.7,nao_fazer_nada
147.1,47.2,201.6,6.18,17.8,68.0,44.3,nao_fazer_nada
148.9,47.1,206.3,6.04,17.7,67.9,42.8,nao_fazer_nada
148.2,47.5,204.1,6.09,18.2,66.7,42.1,nao_fazer_nada
149.2,47.5,202.9,5.99,18.0,67.7,42.2,nao_fazer_nada
150.2,46.3,205.6,6.21,17.9,68.2,40.1,travar_irrigacao
149.5,47.1,203.0,5.99,17.7,67.2,40.5,nao_fazer_nada
145.6,47.5,199.6,6.07,17.8,68.0,39.8,nao_fazer_nada
144.9,46.0,200.0,6.15,17.8,67.3,38.6,nao_fazer_nada
147.4,47.1,201.0,6.14,17.6,68.4,38.0,nao_fazer_nada
146.7,47.0,199.3,6.09,17.9,67.7,36.8,nao_fazer_nada
143.6,45.5,203.2,6.11,17.5,67.8,36.3,nao_fazer_nada
144.7,46.7,199.9,6.05,17.4,66.9,36.0,nao_fazer_nada
145.5,45.4,203.9,6.13,17.3,67.4,35.6,nao_fazer_nada
145.9,46.2,198.2,6.02,17.3,68.1,35.5,nao_fazer_nada
146.2,45.6,198.3,6.19,17.6,66.8,35.9,nao_fazer_nada
146.7,45.5,196.6,6.23,17.6,66.3,36.1,travar_irrigacao
147.4,45.0,196.1,6.15,17.8,66.0,39.1,nao_fazer_nada
142.8,45.7,195.8,6.11,18.2,67.1,42.7,nao_fazer_nada
143.4,44.8,196.4,6.05,18.6,65.0,45.2,nao_fazer_nada
145.8,44.8,198.0,6.00,18.9,65.5,47.3,nao_fazer_nada
141.8,45.8,193.9,6.03,19.4,65.4,48.4,nao_fazer_nada
143.8,44.6,198.7,6.08,19.5,63.6,51.4,nao_fazer_nada
143.3,44.5,198.7,6.25,19.4,63.4,52.8,travar_irrigacao
142.8,45.9,194.1,6.15,19.3,63.4,54.8,nao_fazer_nada
139.4,45.6,197.0,6.04,19.9,61.4,54.9,nao_fazer_nada
143.3,45.3,198.4,6.02,19.6,61.3,56.5,nao_fazer_nada
139.2,45.4,195.1,6.07,19.8,61.1,57.2,nao_fazer_nada
139.6,43.7,191.0,6.09,19.9,59.9,58.6,irrigar
141.3,45.2,197.5,6.17,20.0,60.7,58.2,nao_fazer_nada
139.6,44.8,192.9,6.08,20.5,59.4,59.2,irrigar
151.3,48.3,211.7,6.03,20.4,73.3,60.8,nao_fazer_nada
152.3,47.7,204.6,6.24,20.5,72.9,61.7,travar_irrigacao
149.2,48.6,206.9,6.03,20.3,73.2,62.5,nao_fazer_nada
152.6,48.3,206.5,6.10,20.4,73.4,63.5,nao_fazer_nada
151.6,47.0,209.8,6.06,20.3,72.9,63.7,nao_fazer_nada
152.2,47.6,205.6,6.25,21.0,70.2,64.7,travar_irrigacao
149.6,48.2,203.1,6.25,20.9,71.3,64.8,travar_irrigacao
148.0,48.3,207.3,6.26,20.9,69.9,63.0,travar_irrigacao
148.0,47.6,202.1,6.28,21.0,68.9,64.1,travar_irrigacao
151.7,48.1,206.9,6.27,20.9,68.2,63.9,travar_irrigacao
150.8,46.5,208.0,6.22,20.4,69.5,64.2,travar_irrigacao
148.5,46.3,203.8,6.18,20.7,68.4,64.9,nao_fazer_nada
151.4,47.9,204.5,6.19,20.4,68.7,64.1,nao_fazer_nada
147.5,46.1,205.5,6.26,20.8,66.1,66.0,travar_irrigacao
150.3,47.8,203.8,6.10,21.4,65.8,65.2,nao_fazer_nada
147.4,46.4,202.5,6.25,21.9,65.6,69.5,travar_irrigacao
146.2,46.3,204.9,6.29,23.0,64.3,72.3,proteger
146.5,46.7,198.6,6.29,23.3,63.3,73.1,proteger
145.4,46.7,199.4,6.30,24.3,64.2,75.5,proteger
149.3,46.1,204.5,6.09,24.7,63.0,74.8,proteger
144.6,47.0,197.1,6.26,25.6,63.2,76.0,proteger
147.6,46.4,202.5,6.21,25.5,61.0,79.6,proteger
144.5,46.8,198.5,6.24,26.6,62.5,81.2,proteger
146.1,46.7,202.1,6.28,26.4,61.3,79.6,proteger
144.1,45.4,202.1,6.07,26.9,60.9,80.3,proteger
145.4,45.8,200.7,6.20,26.7,59.0,80.2,proteger
145.5,46.5,195.3,6.31,26.5,58.1,77.1,proteger
145.5,45.7,197.6,6.14,26.5,57.6,75.3,proteger
142.2,44.8,196.7,6.13,26.5,57.6,75.3,proteger
144.3,44.5,196.1,6.30,26.3,57.9,72.2,proteger
145.6,45.9,198.9,6.14,25.8,56.2,71.6,proteger
142.6,45.6,196.3,6.19,25.1,55.1,70.2,proteger
143.0,44.4,193.7,6.28,25.7,55.1,70.3,proteger
141.6,45.6,197.8,6.17,25.2,55.9,69.5,proteger
150.2,47.6,205.9,6.04,18.3,68.3,58.9,nao_fazer_nada
148.6,47.8,206.1,6.06,18.6,68.7,61.2,nao_fazer_nada
151.0,47.9,207.4,6.11,18.2,68.6,59.1,nao_fazer_nada
148.9,46.3,206.9,5.91,18.6,68.0,60.3,nao_fazer_nada
147.6,47.2,207.3,6.09,18.6,66.9,60.5,nao_fazer_nada
149.8,46.2,200.0,6.03,18.5,65.7,61.3,nao_fazer_nada
145.4,47.5,201.6,5.96,18.7,65.5,59.7,nao_fazer_nada
148.9,46.9,203.8,6.14,18.6,66.6,61.1,nao_fazer_nada
150.0,46.4,198.2,6.06,18.5,64.1,60.2,nao_fazer_nada
148.5,46.7,198.2,5.99,19.0,63.8,60.5,nao_fazer_nada
146.3,46.7,199.5,6.01,18.7,63.1,60.1,nao_fazer_nada
146.8,45.5,200.3,6.12,19.2,64.3,61.6,nao_fazer_nada
143.2,46.2,197.3,5.96,18.8,62.5,61.9,nao_fazer_nada
147.2,46.0,202.7,6.13,18.6,62.4,62.0,nao_fazer_nada
144.3,46.6,199.9,6.14,18.6,62.2,60.4,nao_fazer_nada
146.9,46.7,201.6,6.13,19.2,62.0,62.8,nao_fazer_nada
142.1,45.5,202.9,6.15,19.3,61.4,60.9,nao_fazer_nada
145.8,44.8,196.8,6.03,19.5,59.1,62.8,irrigar
143.1,45.5,200.2,6.13,19.3,60.4,61.7,nao_fazer_nada
144.4,45.2,196.1,5.94,19.6,58.3,61.9,irrigar
142.0,44.9,200.6,6.01,19.6,57.7,62.0,irrigar
145.4,45.0,194.7,5.99,19.6,56.8,62.6,irrigar
144.5,44.9,193.6,5.94,19.3,56.2,64.1,irrigar
142.1,45.0,194.2,5.94,19.7,57.0,62.9,irrigar
141.7,45.0,199.6,6.17,19.9,55.6,62.5,irrigar
140.5,44.6,194.6,5.97,19.7,54.6,62.9,irrigar
143.0,44.8,191.9,6.04,19.5,54.1,63.9,irrigar
142.8,45.4,192.1,6.13,20.1,53.4,64.9,irrigar
138.7,45.5,198.1,6.11,20.1,53.0,64.8,irrigar
137.2,45.3,196.8,5.98,20.1,52.3,65.1,irrigar
138.9,43.8,191.2,5.95,19.6,52.7,63.4,irrigar
139.0,44.9,196.3,5.92,19.9,51.8,63.3,irrigar
133.8,44.8,195.6,5.86,20.0,52.0,64.8,irrigar
131.8,43.7,189.9,5.94,20.4,50.6,65.3,irrigar
133.7,43.2,191.4,5.95,20.1,51.3,65.3,irrigar
130.0,44.0,192.7,5.72,20.1,50.6,65.2,irrigar
129.8,42.9,195.4,5.69,20.0,48.4,64.8,irrigar
130.9,43.1,188.4,5.87,20.4,49.2,66.1,irrigar
128.0,44.1,188.6,5.65,20.3,48.3,65.0,irrigar
138.4,46.6,206.8,5.68,20.8,61.7,64.3,travar_irrigacao
141.1,48.0,203.5,5.71,20.4,62.1,64.4,travar_irrigacao
137.9,47.7,202.1,5.60,20.3,61.7,64.8,travar_irrigacao
135.2,47.1,201.1,5.52,20.3,60.7,65.9,travar_irrigacao
137.1,47.2,206.2,5.59,20.9,60.7,65.5,travar_irrigacao
134.6,46.3,206.1,5.47,20.5,59.2,65.1,irrigar
135.2,46.0,199.6,5.61,20.9,59.3,65.8,irrigar
133.6,46.5,201.7,5.54,20.5,58.6,65.6,irrigar
128.7,47.5,204.0,5.56,20.6,57.7,65.9,irrigar
131.1,46.6,201.2,5.40,21.2,58.2,67.4,irrigar
130.0,46.9,198.8,5.50,20.6,56.9,65.9,irrigar
125.8,45.6,202.8,5.40,21.3,57.2,65.9,irrigar
126.1,46.8,201.1,5.46,20.7,56.4,67.9,irrigar
126.6,46.9,200.9,5.34,21.3,55.5,65.8,irrigar
124.6,45.6,201.6,5.36,20.8,55.8,68.0,irrigar
124.4,45.1,203.0,5.42,20.8,54.0,68.2,irrigar
128.2,45.4,198.7,5.47,21.0,54.5,67.3,irrigar
124.2,45.9,197.6,5.34,20.8,52.3,68.2,irrigar
126.6,45.8,197.1,5.48,21.4,51.9,66.7,irrigar
125.2,44.7,194.4,5.33,21.3,52.3,66.2,irrigar
123.9,46.3,194.3,5.50,21.0,51.5,68.3,irrigar
125.3,45.4,197.4,5.34,21.2,50.3,68.6,irrigar
126.3,44.7,200.4,5.39,21.0,50.1,66.3,irrigar
124.7,45.9,195.6,5.30,21.3,49.3,66.6,irrigar
123.8,44.4,199.2,5.49,20.8,49.9,68.1,irrigar
121.0,44.1,195.1,5.49,20.8,48.3,67.6,irrigar
121.8,44.3,197.6,5.36,21.2,47.1,66.7,irrigar
120.9,45.6,194.8,5.52,21.3,47.4,67.2,irrigar
123.7,44.4,192.1,5.41,21.3,47.0,68.1,irrigar
121.5,44.3,195.0,5.38,21.5,45.7,67.9,irrigar
119.7,44.1,195.6,5.34,20.8,45.5,68.6,irrigar
122.8,44.6,194.8,5.39,20.9,45.6,67.2,irrigar
122.3,44.7,195.9,5.52,21.3,44.2,67.4,irrigar
119.7,44.0,192.1,5.44,21.3,44.3,68.6,irrigar
122.6,43.4,190.4,5.47,21.0,42.9,68.4,irrigar
122.6,43.8,189.7,5.53,21.0,42.4,67.8,irrigar
122.1,43.5,194.4,5.48,21.1,42.1,67.0,irrigar
119.1,43.8,194.7,5.48,20.9,41.4,68.3,irrigar
121.6,42.9,189.9,5.38,20.7,41.5,66.5,irrigar
121.0,43.3,193.6,5.46,21.3,40.8,68.6,irrigar
132.3,46.6,209.0,5.41,21.1,55.9,66.4,irrigar
128.7,46.8,205.9,5.42,21.4,54.0,66.4,irrigar
127.1,47.0,204.4,5.35,21.5,54.1,67.0,irrigar
129.6,47.9,202.3,5.32,20.8,54.4,67.4,irrigar
128.0,46.4,205.8,5.27,20.6,52.0,66.8,irrigar
123.4,46.4,204.7,5.26,20.7,52.4,67.1,irrigar
124.3,46.5,200.9,5.29,20.7,52.0,67.9,irrigar
121.0,47.1,203.0,5.14,21.3,51.3,68.0,irrigar
120.3,46.8,202.8,5.12,21.0,51.4,65.6,irrigar
123.1,45.7,204.3,5.21,20.6,50.9,67.9,irrigar
118.1,46.0,203.6,5.08,20.6,48.8,66.5,irrigar
120.2,47.3,198.3,5.15,20.7,49.7,67.3,irrigar
116.7,45.8,201.8,5.08,20.5,49.3,65.4,irrigar
118.5,45.8,202.6,5.08,20.5,48.2,66.4,irrigar
115.8,45.6,199.2,4.99,20.4,47.8,66.7,irrigar
114.0,46.2,198.6,5.11,21.0,46.3,65.1,irrigar
112.5,45.0,202.1,4.94,20.7,45.9,65.0,irrigar
111.6,45.4,199.7,4.89,20.2,45.9,65.7,irrigar
109.6,44.8,202.6,5.00,20.9,45.4,65.7,irrigar
107.7,44.8,201.4,4.88,20.1,43.7,65.3,irrigar
108.4,45.9,194.7,4.79,20.2,44.3,66.2,irrigar
108.2,44.8,197.3,4.77,20.3,42.6,64.2,irrigar
107.9,45.5,197.4,4.78,20.7,43.2,65.0,irrigar
105.3,45.9,194.6,4.76,20.1,42.1,65.1,irrigar
102.6,44.7,192.9,4.69,19.9,41.2,64.6,irrigar
105.9,44.3,194.2,4.77,20.1,41.6,65.0,irrigar
105.7,44.1,192.0,4.79,20.3,40.5,63.4,irrigar
104.3,44.9,197.1,4.77,20.2,40.5,63.3,irrigar
104.2,44.1,194.8,4.83,20.3,38.8,64.2,irrigar
103.7,45.1,193.5,4.87,20.2,38.7,65.2,irrigar
104.2,44.4,197.2,4.78,19.6,37.8,63.0,irrigar
101.6,44.5,193.2,4.71,19.4,38.2,63.6,irrigar
101.8,44.4,194.0,4.81,20.1,37.3,64.6,irrigar
102.9,44.2,193.1,4.87,19.6,36.3,62.7,irrigar
101.6,43.9,194.7,4.82,19.5,36.8,63.7,irrigar
102.7,44.1,192.3,4.70,19.7,35.1,64.0,irrigar
99.7,43.4,195.9,4.83,19.3,35.2,63.8,irrigar
98.6,43.2,190.5,4.77,19.2,34.7,61.5,irrigar
101.1,44.3,191.5,4.78,19.6,34.6,63.3,irrigar
101.9,44.4,194.0,4.82,19.2,33.1,60.9,irrigar
109.4,48.0,208.2,4.87,19.0,47.4,63.2,irrigar
148.0,48.2,207.7,5.96,18.6,68.9,58.9,nao_fazer_nada
148.3,46.8,203.7,5.94,18.3,69.3,60.2,nao_fazer_nada
149.5,48.1,200.9,6.06,18.2,67.1,60.9,nao_fazer_nada
150.4,47.8,204.0,6.01,18.5,68.8,60.6,nao_fazer_nada
150.0,47.7,204.9,5.93,18.7,67.8,60.7,nao_fazer_nada
147.1,47.8,199.5,6.07,18.5,66.5,59.9,nao_fazer_nada
147.0,47.4,200.9,5.94,18.8,65.5,59.5,nao_fazer_nada
145.4,47.0,201.2,6.00,18.5,64.3,59.4,nao_fazer_nada
149.7,46.9,202.9,6.04,18.7,65.9,61.5,nao_fazer_nada
145.3,46.3,198.6,6.11,19.1,65.0,60.2,nao_fazer_nada
144.5,46.1,200.6,6.05,18.8,64.1,61.5,nao_fazer_nada
147.3,46.1,200.4,5.92,18.6,62.3,61.3,nao_fazer_nada
147.9,46.1,204.0,6.08,19.2,61.8,62.4,nao_fazer_nada
143.4,46.1,198.8,5.96,19.0,62.1,60.5,nao_fazer_nada
147.6,46.3,199.1,5.97,19.2,62.4,61.0,nao_fazer_nada
147.8,46.6,197.6,6.12,19.2,61.9,62.3,nao_fazer_nada
144.1,46.0,197.7,6.03,18.9,59.9,62.3,irrigar
143.2,45.9,196.5,5.93,19.3,59.8,60.8,irrigar
145.1,45.1,199.4,6.02,19.2,59.0,61.0,irrigar
141.4,45.0,196.8,6.07,19.4,57.9,62.4,irrigar
141.8,45.1,196.6,5.97,19.2,59.3,63.1,irrigar
143.6,45.2,197.1,5.94,19.3,57.4,61.8,irrigar
144.5,44.9,193.2,6.02,19.4,58.1,63.5,irrigar
144.1,45.0,199.3,6.15,19.6,56.8,63.5,irrigar
144.0,45.1,199.6,6.14,19.9,55.8,62.8,irrigar
141.3,44.2,196.4,5.96,19.8,56.4,63.8,irrigar
142.7,44.4,198.5,5.99,19.4,54.3,64.0,irrigar
140.7,45.0,194.9,6.00,20.2,53.3,63.0,irrigar
141.3,45.2,196.2,6.00,20.9,53.4,65.6,irrigar
141.3,45.1,193.3,6.01,22.3,53.7,70.3,proteger
140.0,45.0,191.0,6.14,23.1,53.3,71.3,proteger
142.4,44.8,190.7,6.04,23.7,52.1,72.1,proteger
141.5,44.0,193.7,6.11,24.5,52.5,75.0,proteger
142.3,44.5,196.5,5.99,25.0,50.2,76.3,proteger
139.2,43.9,191.6,5.97,25.2,50.5,78.4,proteger
137.2,44.4,192.0,6.18,25.6,49.6,79.6,proteger
140.6,43.9,188.7,5.97,26.4,49.1,79.3,proteger
138.3,44.1,192.8,6.05,26.6,49.4,80.0,proteger
139.3,43.0,188.3,6.01,27.3,48.4,83.1,proteger
140.8,43.3,193.7,6.08,27.8,47.9,82.8,proteger
135.7,43.2,193.5,6.19,28.1,46.6,84.2,proteger
139.6,42.5,187.5,6.14,28.5,45.2,83.7,proteger
137.8,42.9,192.1,6.15,28.6,44.6,86.5,proteger
135.7,43.5,192.5,6.20,29.2,45.1,87.4,proteger
136.9,42.6,189.5,6.00,29.3,44.0,86.4,proteger
136.1,43.3,190.5,6.15,29.6,44.1,86.8,proteger
134.2,42.2,188.5,6.03,29.6,42.2,88.7,proteger
137.7,43.1,186.3,5.98,29.6,42.1,89.6,proteger
135.1,43.3,186.7,5.98,29.2,41.8,90.0,proteger
135.1,43.2,186.4,5.99,29.7,40.1,89.1,proteger
136.3,42.2,188.2,6.03,29.7,39.5,90.5,proteger
136.0,42.6,185.2,6.01,30.3,39.8,87.8,proteger
132.3,43.0,185.4,6.18,29.2,39.3,85.6,proteger
132.8,42.4,185.6,5.99,28.3,38.3,86.5,proteger
136.0,42.7,184.0,6.02,28.0,36.9,85.3,proteger
133.0,41.8,184.4,6.09,26.6,37.1,82.6,proteger
132.4,42.5,185.5,6.02,26.8,36.8,80.0,proteger
131.9,42.1,185.0,6.07,25.7,35.9,78.3,proteger
132.4,42.2,184.6,6.08,25.7,34.9,79.8,proteger
134.6,41.4,181.2,6.19,25.1,34.5,77.4,proteger
134.0,41.5,183.3,6.10,25.0,33.7,75.1,proteger
129.1,41.1,183.8,6.16,24.5,34.0,75.5,proteger
129.3,41.8,185.0,6.23,23.7,33.1,74.0,proteger
132.7,40.6,182.5,6.05,23.9,31.7,73.1,proteger
129.3,40.7,181.7,6.24,23.2,31.8,74.5,proteger
130.4,41.1,181.1,6.24,23.3,30.9,74.5,proteger
129.4,41.0,179.2,6.12,23.5,30.7,72.7,proteger
128.2,39.9,179.0,6.25,23.0,29.8,72.4,proteger
127.4,40.5,178.2,6.11,23.1,29.1,72.8,proteger
129.3,39.9,183.5,6.07,23.1,28.3,71.0,proteger
130.5,40.3,180.3,6.06,22.2,28.0,72.5,proteger
128.0,40.4,182.9,6.23,22.1,27.7,71.9,proteger
128.6,40.3,176.8,6.02,22.1,26.7,70.7,proteger
126.6,40.5,177.2,6.14,21.7,26.4,71.3,proteger
127.1,39.5,179.6,6.26,22.1,25.5,68.6,proteger
129.3,39.4,177.5,6.27,22.1,24.9,68.8,proteger
125.9,40.5,178.1,6.21,21.8,24.7,68.7,irrigar
125.8,39.1,177.2,6.12,21.8,24.5,68.2,irrigar
127.6,40.2,175.9,6.15,22.0,23.8,69.1,irrigar
124.5,39.3,179.9,6.22,21.5,22.6,70.1,proteger
124.6,39.6,179.1,6.13,21.6,22.1,68.4,irrigar
125.7,39.6,177.1,6.21,21.6,21.6,69.4,irrigar
123.8,39.6,177.8,6.08,21.6,21.6,68.0,irrigar
126.4,39.3,176.3,6.09,21.8,20.8,69.3,irrigar
124.4,38.9,176.3,6.10,21.1,19.9,67.9,irrigar
124.9,38.5,175.0,6.11,21.0,19.8,67.8,irrigar
121.5,38.0,171.7,6.11,21.1,19.2,67.5,irrigar
125.1,38.2,177.3,6.29,21.1,18.7,68.8,irrigar
120.9,38.8,176.3,6.13,21.4,18.3,66.4,irrigar
123.4,37.8,176.7,6.30,20.7,17.8,67.7,irrigar
124.0,37.8,176.2,6.12,21.6,17.1,67.9,irrigar
124.1,38.4,170.7,6.16,22.1,16.3,69.4,proteger
123.4,38.7,170.2,6.27,22.6,16.0,71.3,proteger
122.4,38.7,169.3,6.24,23.4,15.4,72.5,proteger
121.5,38.5,172.2,6.19,23.8,14.6,74.8,proteger
122.5,38.4,173.5,6.15,24.9,14.0,76.2,proteger
123.2,38.5,174.3,6.10,25.3,13.6,76.4,proteger
121.2,38.3,172.5,6.31,25.4,12.8,80.1,proteger
120.6,37.2,171.7,6.18,26.0,12.2,78.9,proteger
117.7,37.5,172.1,6.20,26.4,11.8,81.8,proteger
118.1,37.4,166.3,6.18,26.9,11.2,81.0,proteger
118.6,37.9,168.1,6.26,27.3,10.2,81.6,proteger
118.9,37.0,170.7,6.30,26.9,9.9,81.6,proteger
118.7,36.9,165.4,6.09,27.5,9.0,84.4,proteger
117.9,36.4,169.9,6.17,27.4,8.7,85.1,proteger
120.5,37.6,170.1,6.15,28.5,7.8,84.6,proteger
117.7,37.3,165.7,6.12,27.9,7.1,83.9,proteger
152.6,47.8,208.5,6.00,18.8,70.7,59.0,nao_fazer_nada
148.0,47.6,204.4,6.00,18.2,69.3,59.9,nao_fazer_nada
150.3,46.3,203.7,5.90,18.7,68.8,61.0,nao_fazer_nada
150.5,46.2,205.0,5.99,18.7,68.2,60.4,nao_fazer_nada
148.2,47.2,204.2,6.10,18.5,67.1,59.9,nao_fazer_nada
146.9,46.2,205.4,5.92,18.7,66.5,59.3,nao_fazer_nada
148.2,46.9,204.7,6.13,18.3,65.7,59.8,nao_fazer_nada
145.4,47.4,201.2,6.03,18.6,65.7,61.5,nao_fazer_nada
147.9,46.4,198.7,6.01,18.4,64.3,61.8,nao_fazer_nada
145.2,46.8,198.4,5.93,18.8,65.0,59.8,nao_fazer_nada
148.6,46.0,204.8,6.07,18.5,64.2,62.0,nao_fazer_nada
148.6,46.9,204.7,5.99,18.5,62.3,60.1,nao_fazer_nada
144.6,46.2,199.5,5.94,18.8,63.4,62.2,nao_fazer_nada
147.3,45.3,197.3,5.96,19.0,62.8,61.1,nao_fazer_nada
148.4,45.9,197.6,6.09,18.9,60.5,62.1,nao_fazer_nada
142.6,45.9,197.1,6.07,19.4,61.1,61.8,nao_fazer_nada
145.8,45.4,199.3,5.96,18.8,61.4,62.1,nao_fazer_nada
159.0,49.1,213.3,5.95,19.4,73.5,62.6,nao_fazer_nada
158.3,48.7,216.6,6.01,19.3,74.8,61.1,nao_fazer_nada
156.7,49.3,211.8,6.13,19.0,73.0,62.3,nao_fazer_nada
153.5,50.0,211.2,5.96,19.0,73.7,63.3,nao_fazer_nada
157.4,48.8,213.8,5.98,19.1,71.9,62.4,nao_fazer_nada
158.1,50.0,207.4,5.98,19.4,71.2,63.2,nao_fazer_nada
155.3,48.2,207.4,6.05,19.4,70.6,63.8,nao_fazer_nada
152.8,49.6,214.4,6.15,19.4,69.9,62.5,nao_fazer_nada
151.8,49.2,206.8,6.15,19.4,70.1,63.7,nao_fazer_nada
152.8,48.9,208.1,6.11,19.4,69.1,64.7,nao_fazer_nada
153.0,49.2,213.0,6.03,19.8,69.6,64.6,nao_fazer_nada
150.8,49.3,211.1,5.99,19.5,69.4,63.6,nao_fazer_nada
150.6,47.9,205.7,6.16,19.6,68.1,62.7,nao_fazer_nada
149.8,48.5,204.2,6.17,19.8,68.5,58.7,nao_fazer_nada
152.4,48.7,210.3,6.10,18.9,68.9,57.2,nao_fazer_nada
151.0,47.3,208.0,6.14,19.1,69.6,55.2,nao_fazer_nada
149.7,48.3,204.8,6.16,18.4,67.5,52.1,nao_fazer_nada
153.2,48.3,204.3,6.01,18.5,68.7,49.9,nao_fazer_nada
150.3,47.0,204.2,6.14,18.7,69.2,48.0,nao_fazer_nada
149.7,46.9,206.4,6.13,18.0,68.7,46.5,nao_fazer_nada
150.7,48.0,202.8,6.13,18.2,68.1,46.3,nao_fazer_nada
150.0,47.1,208.7,6.18,17.8,69.5,43.9,nao_fazer_nada
149.0,48.1,201.0,6.04,17.8,68.8,42.2,nao_fazer_nada
147.5,46.5,206.3,6.09,17.7,69.4,41.7,nao_fazer_nada
150.4,46.6,205.8,6.04,17.7,68.1,40.6,nao_fazer_nada
151.5,46.4,201.6,6.01,17.8,69.6,40.8,nao_fazer_nada
149.5,47.3,207.3,6.16,17.3,69.7,40.1,nao_fazer_nada
148.2,46.7,207.3,6.20,17.3,69.8,38.2,nao_fazer_nada
146.8,47.1,206.4,6.02,17.5,69.2,38.0,nao_fazer_nada
149.6,47.0,202.4,6.13,17.3,70.0,38.1,nao_fazer_nada
148.4,47.2,201.3,6.05,17.6,69.8,37.1,nao_fazer_nada
145.3,47.5,201.1,6.05,17.7,69.1,36.6,nao_fazer_nada
144.8,45.7,198.9,6.00,17.6,70.2,36.9,nao_fazer_nada
148.6,46.6,201.5,6.05,17.2,68.3,36.1,nao_fazer_nada
144.8,46.3,201.6,6.12,17.0,70.1,35.0,nao_fazer_nada
143.4,45.5,197.8,6.12,17.4,69.8,35.4,nao_fazer_nada
142.9,46.3,198.2,6.17,17.6,69.3,36.1,nao_fazer_nada
146.6,45.9,199.3,5.99,18.2,69.5,39.6,nao_fazer_nada
144.2,46.5,203.3,6.04,17.8,68.4,42.5,nao_fazer_nada
143.6,45.0,196.3,6.16,18.2,67.1,44.4,nao_fazer_nada
142.7,45.0,202.0,6.09,18.6,66.8,46.7,nao_fazer_nada
143.0,44.8,197.2,6.00,18.8,66.4,49.6,nao_fazer_nada
142.2,45.5,194.9,6.05,19.3,66.6,50.3,nao_fazer_nada
144.5,45.4,197.1,6.09,19.2,64.8,53.2,nao_fazer_nada
146.1,45.7,196.2,6.00,19.6,64.8,53.9,nao_fazer_nada
142.0,45.1,199.6,6.15,19.6,64.2,54.1,nao_fazer_nada
144.1,44.6,196.3,6.18,20.2,63.0,55.3,nao_fazer_nada
141.9,44.5,195.5,6.19,19.8,62.5,57.4,nao_fazer_nada
144.0,45.0,199.7,6.22,20.5,63.0,58.9,travar_irrigacao
140.6,44.0,194.0,6.23,20.3,61.6,59.6,travar_irrigacao
139.7,45.2,195.1,6.06,20.6,60.8,61.3,nao_fazer_nada
142.2,43.8,197.0,6.02,20.4,59.9,60.4,irrigar
141.7,45.0,196.4,6.21,20.2,59.4,61.3,irrigar
143.2,43.8,197.7,6.09,20.4,59.2,61.1,irrigar
154.1,47.5,205.6,6.12,20.3,72.8,63.9,nao_fazer_nada
154.0,47.3,210.0,6.17,20.4,73.3,63.2,nao_fazer_nada
150.4,47.2,209.0,6.10,21.1,73.6,62.9,nao_fazer_nada
149.6,47.9,210.5,6.04,20.6,71.8,63.8,nao_fazer_nada
150.0,48.6,204.5,6.12,21.2,72.1,65.6,nao_fazer_nada
150.1,48.0,203.9,6.15,21.5,71.3,68.0,nao_fazer_nada
149.8,47.9,206.9,6.06,22.4,69.7,68.4,proteger
150.1,47.1,206.0,6.05,23.4,70.5,70.0,proteger
151.5,47.8,205.1,6.25,22.7,70.6,66.8,proteger
147.4,46.6,203.6,6.20,23.1,70.0,67.7,proteger
151.0,46.6,207.0,6.08,23.7,68.7,66.5,proteger
150.5,47.4,203.3,6.12,23.4,66.7,67.1,proteger
151.1,46.5,205.6,6.29,23.4,68.4,66.8,proteger
148.5,46.3,203.0,6.22,23.4,65.9,66.1,proteger
147.7,47.3,204.1,6.18,24.2,67.4,66.0,proteger
146.6,46.6,203.7,6.21,24.1,64.9,63.8,proteger
150.4,47.6,199.1,6.09,23.6,66.1,64.3,proteger
145.8,45.8,199.4,6.30,23.7,63.6,65.0,proteger
145.2,45.8,203.6,6.16,24.1,63.0,62.9,proteger
148.2,47.3,203.7,6.24,24.5,63.4,62.9,proteger
144.6,45.7,197.4,6.21,24.4,61.9,62.2,proteger
148.9,45.5,201.7,6.06,23.8,60.9,61.7,proteger
143.9,46.7,198.1,6.26,24.5,60.5,62.6,proteger
146.2,46.5,200.0,6.07,23.8,61.9,62.6,proteger
147.9,46.1,201.8,6.09,23.8,60.5,63.4,proteger
147.1,45.9,202.0,6.15,24.3,58.8,61.3,proteger
145.9,45.1,201.5,6.21,24.4,58.5,61.3,proteger
144.2,46.2,198.0,6.29,24.1,57.8,61.7,proteger
145.6,45.5,199.1,6.30,23.8,58.8,61.6,proteger
146.1,45.2,199.1,6.17,23.7,56.4,60.7,proteger
140.8,45.7,199.9,6.12,22.8,56.8,60.2,proteger
150.2,48.0,208.2,5.88,18.3,70.5,60.7,nao_fazer_nada
150.4,48.1,206.5,6.03,18.6,70.1,60.7,nao_fazer_nada
151.4,47.5,205.6,5.97,18.5,67.7,59.1,nao_fazer_nada
148.9,46.8,201.6,6.03,18.9,69.1,59.5,nao_fazer_nada
149.2,46.2,206.5,6.01,18.9,66.4,59.3,nao_fazer_nada
146.2,47.8,201.9,5.96,18.6,66.8,61.2,nao_fazer_nada
148.7,46.6,205.9,5.92,18.5,65.4,60.7,nao_fazer_nada
146.3,46.2,203.6,6.04,18.7,65.5,60.3,nao_fazer_nada
144.5,47.2,199.7,6.01,18.4,64.3,61.6,nao_fazer_nada
149.2,46.6,199.6,6.09,18.7,65.2,60.4,nao_fazer_nada
144.0,47.0,203.9,6.04,19.2,65.0,61.3,nao_fazer_nada
146.2,47.2,204.1,6.11,18.8,63.0,62.1,nao_fazer_nada
145.4,46.6,202.4,6.08,18.9,63.9,61.8,nao_fazer_nada
145.3,46.4,199.4,5.95,19.1,61.7,60.2,nao_fazer_nada
146.9,45.2,197.5,5.99,19.2,60.9,60.5,nao_fazer_nada
144.0,45.4,198.9,6.06,19.3,60.2,62.6,nao_fazer_nada
143.3,45.4,196.0,6.06,18.8,61.4,62.5,nao_fazer_nada
145.9,45.2,195.1,5.99,19.5,59.2,62.7,irrigar
145.0,45.8,198.4,6.01,19.4,59.8,61.5,irrigar
144.3,45.7,199.0,6.08,19.2,59.3,63.0,irrigar
144.4,45.4,199.5,6.15,19.1,59.1,63.4,irrigar
143.6,45.9,193.6,5.93,19.8,58.0,62.0,irrigar
141.5,45.3,198.4,6.01,19.8,57.8,61.7,irrigar
153.5,49.4,214.7,5.97,19.2,70.4,62.8,nao_fazer_nada
157.3,48.4,212.7,6.05,19.9,71.8,62.5,nao_fazer_nada
155.7,48.0,207.4,6.07,19.4,70.6,64.5,nao_fazer_nada
153.8,47.8,205.6,6.01,19.5,71.1,64.4,nao_fazer_nada
153.0,48.3,209.9,6.13,19.6,70.0,64.5,nao_fazer_nada
152.4,47.9,206.2,6.02,20.0,69.2,63.7,nao_fazer_nada
154.2,48.5,206.5,6.17,20.3,66.9,64.5,nao_fazer_nada
153.7,48.8,208.4,5.97,19.9,67.1,63.1,nao_fazer_nada
154.1,49.2,207.7,6.18,19.9,66.2,65.2,nao_fazer_nada
151.0,48.4,208.8,6.03,19.7,64.8,63.5,nao_fazer_nada
149.2,48.1,205.8,6.15,20.4,62.8,63.5,nao_fazer_nada
153.3,48.4,210.0,6.07,20.1,63.5,65.9,nao_fazer_nada
153.7,47.6,205.7,5.97,20.5,60.9,65.5,nao_fazer_nada
148.8,47.0,208.1,6.06,20.0,62.1,65.4,nao_fazer_nada
151.3,47.4,209.4,6.02,20.2,60.9,64.0,nao_fazer_nada
152.9,46.7,202.5,6.19,20.6,58.6,64.2,irrigar
150.0,47.6,209.0,6.01,20.3,58.8,66.7,irrigar
151.9,47.9,205.1,6.08,20.2,56.9,64.4,irrigar
152.1,47.4,206.9,6.05,20.4,56.8,65.9,irrigar
147.5,46.5,200.7,6.19,20.8,54.1,66.5,irrigar
149.2,46.4,207.6,6.00,20.6,55.3,67.0,irrigar
146.9,46.9,205.2,6.04,20.9,52.3,65.0,irrigar
148.3,46.5,200.4,6.00,20.8,52.9,66.2,irrigar
145.8,46.4,204.9,5.97,20.5,50.4,66.9,irrigar
161.1,50.5,211.9,6.19,20.8,64.8,67.1,nao_fazer_nada
160.7,51.4,217.3,6.18,21.0,63.1,65.4,nao_fazer_nada
160.5,50.9,215.6,6.12,21.1,63.0,65.4,nao_fazer_nada
160.1,50.4,218.0,6.04,21.2,62.6,67.0,nao_fazer_nada
155.6,51.2,211.7,6.02,21.3,60.8,66.5,nao_fazer_nada
158.9,50.3,218.3,6.22,20.6,60.9,67.0,travar_irrigacao
158.0,49.2,211.7,6.12,20.8,60.4,66.6,nao_fazer_nada
156.3,49.2,215.8,6.01,20.8,60.0,66.9,irrigar
155.1,48.9,215.7,6.18,20.7,59.5,66.0,irrigar
154.4,49.3,215.5,6.09,21.3,58.5,67.3,irrigar
155.6,49.6,210.2,6.07,21.5,57.9,66.8,irrigar
158.1,48.9,212.0,6.19,21.5,56.6,67.7,irrigar
170.5,54.3,225.7,6.16,21.3,72.2,67.1,nao_fazer_nada
169.1,52.9,223.6,6.05,21.3,70.4,68.9,nao_fazer_nada
170.2,53.9,221.8,6.20,21.4,71.7,67.0,nao_fazer_nada
168.8,54.2,220.9,6.21,21.3,71.0,68.5,travar_irrigacao
165.4,53.1,223.8,6.20,20.9,70.6,68.0,nao_fazer_nada
168.4,53.3,220.6,6.09,21.0,69.5,69.0,nao_fazer_nada
168.7,53.1,225.0,6.22,21.1,69.5,66.8,travar_irrigacao
169.0,52.0,220.8,6.21,21.5,68.0,67.9,travar_irrigacao
163.6,53.3,219.3,6.12,21.2,66.5,68.9,nao_fazer_nada
168.0,52.6,227.0,6.10,20.9,67.7,66.7,nao_fazer_nada
167.0,52.4,222.2,6.21,21.1,66.9,68.6,travar_irrigacao
162.9,52.1,224.9,6.20,21.4,64.7,67.5,travar_irrigacao
166.6,52.4,218.7,6.10,20.9,64.9,68.2,nao_fazer_nada
165.9,52.9,217.8,6.26,21.6,64.4,67.5,travar_irrigacao
164.1,53.1,220.1,6.13,21.5,62.9,68.3,nao_fazer_nada
163.7,51.5,218.6,6.17,21.3,64.6,66.4,nao_fazer_nada
163.3,52.7,217.8,6.07,21.4,63.4,67.3,nao_fazer_nada
161.6,51.3,217.1,6.05,20.9,63.2,66.7,nao_fazer_nada
160.5,51.3,223.0,6.21,21.1,62.3,66.4,travar_irrigacao
160.7,51.7,219.0,6.14,20.2,62.2,62.1,nao_fazer_nada
162.3,51.2,221.4,6.17,20.0,62.2,58.7,nao_fazer_nada
160.5,50.9,215.1,6.23,19.5,61.5,55.5,travar_irrigacao
159.0,52.1,221.6,6.24,19.4,61.8,54.3,travar_irrigacao
158.7,51.2,221.2,6.13,19.4,63.3,53.0,nao_fazer_nada
160.0,50.4,217.2,6.07,19.1,62.3,49.3,nao_fazer_nada
160.5,51.2,213.0,6.26,18.5,61.9,47.8,travar_irrigacao
160.9,50.0,213.1,6.06,18.8,61.2,46.2,nao_fazer_nada
161.2,50.6,213.5,6.29,18.2,63.5,44.4,travar_irrigacao
157.9,50.8,219.6,6.24,18.0,61.3,43.4,travar_irrigacao
159.5,50.8,219.4,6.17,18.2,63.6,43.1,nao_fazer_nada
158.5,50.3,212.9,6.28,17.7,61.8,41.6,travar_irrigacao
160.5,51.3,216.2,6.15,18.0,63.2,40.7,nao_fazer_nada
160.4,50.9,210.5,6.31,17.7,63.4,40.3,travar_irrigacao
159.8,49.7,217.3,6.30,17.2,63.6,38.0,travar_irrigacao
155.4,50.4,217.1,6.28,17.6,62.5,38.0,travar_irrigacao
158.5,49.5,215.6,6.08,17.4,63.8,37.4,nao_fazer_nada
158.8,48.9,209.6,6.29,17.1,63.5,36.1,travar_irrigacao
159.0,49.7,213.2,6.12,17.3,64.0,35.5,nao_fazer_nada
158.6,50.4,208.8,6.16,17.1,62.9,35.5,nao_fazer_nada
156.9,49.1,211.2,6.30,16.9,64.0,34.7,travar_irrigacao
148.2,47.1,205.9,5.89,18.5,69.3,59.8,nao_fazer_nada
148.5,47.1,205.5,6.12,18.5,68.4,59.7,nao_fazer_nada
151.5,46.7,207.4,6.10,18.8,68.4,61.1,nao_fazer_nada
146.6,47.9,202.6,6.06,18.8,66.7,60.7,nao_fazer_nada
149.9,47.4,206.9,6.00,18.4,66.7,60.2,nao_fazer_nada
148.2,46.0,199.3,5.92,18.3,67.2,59.1,nao_fazer_nada
150.8,47.0,205.0,6.13,18.3,64.8,61.1,nao_fazer_nada
147.8,46.0,198.8,5.98,18.4,66.0,59.4,nao_fazer_nada
148.5,47.2,200.5,6.13,19.0,65.0,60.1,nao_fazer_nada
147.5,47.2,200.7,5.91,18.6,63.5,60.3,nao_fazer_nada
148.8,45.5,199.4,6.07,18.5,63.7,60.1,nao_fazer_nada
144.6,46.8,202.3,5.96,18.6,64.4,62.2,nao_fazer_nada
146.2,45.8,201.0,6.09,19.3,63.6,62.4,nao_fazer_nada
148.0,45.8,199.0,5.98,18.9,61.3,61.6,nao_fazer_nada
147.6,45.2,201.4,5.91,19.2,61.4,61.6,nao_fazer_nada
142.9,45.6,197.5,5.99,18.9,60.5,62.2,nao_fazer_nada
145.2,45.0,202.3,6.14,18.8,60.3,62.4,nao_fazer_nada
145.4,45.1,201.1,6.04,19.2,59.2,61.2,irrigar
143.1,46.5,195.2,6.07,19.2,58.5,61.1,irrigar
144.6,45.1,196.0,6.07,19.5,57.9,62.2,irrigar
143.1,46.2,198.0,5.96,19.0,59.2,61.7,irrigar
144.5,45.8,194.9,6.11,19.3,57.2,62.2,irrigar
141.8,45.5,193.1,6.02,19.2,58.2,62.6,irrigar
156.7,49.3,212.0,6.14,19.5,70.7,61.8,nao_fazer_nada
152.4,48.8,212.1,5.95,19.3,72.4,61.9,nao_fazer_nada
156.4,48.4,210.4,6.15,19.4,71.3,63.5,nao_fazer_nada
156.5,48.6,207.5,6.04,20.1,68.9,62.3,nao_fazer_nada
156.6,48.1,212.4,6.15,20.0,70.2,62.9,nao_fazer_nada
155.2,47.9,206.8,6.09,20.0,67.8,62.7,nao_fazer_nada
154.2,48.4,204.9,6.14,19.8,68.6,63.0,nao_fazer_nada
155.6,49.1,208.8,6.03,20.2,66.3,63.3,nao_fazer_nada
149.7,47.7,204.8,6.13,19.8,67.7,65.0,nao_fazer_nada
154.2,48.4,206.5,6.11,20.1,67.1,65.2,nao_fazer_nada
150.7,47.9,207.1,6.13,20.5,65.8,63.8,nao_fazer_nada
149.1,48.5,206.8,6.01,20.6,66.0,64.7,nao_fazer_nada
153.9,47.3,208.3,6.05,20.4,63.9,66.1,nao_fazer_nada
150.6,47.1,208.4,6.15,20.3,65.3,65.9,nao_fazer_nada
148.6,47.1,202.6,6.06,20.5,63.1,66.5,nao_fazer_nada
150.8,47.5,207.5,5.99,21.3,62.7,66.6,nao_fazer_nada
151.9,47.0,205.9,6.10,22.1,63.1,69.8,proteger
151.3,47.7,206.4,6.09,22.8,61.9,70.5,proteger
151.2,47.9,204.7,6.14,23.5,62.4,74.0,proteger
146.4,47.7,200.4,6.01,24.2,60.2,74.9,proteger
151.4,46.5,199.7,6.11,25.2,59.6,77.6,proteger
150.3,46.8,202.9,6.13,25.4,59.8,77.4,proteger
149.5,46.1,204.0,6.08,26.5,58.8,80.6,proteger
150.5,47.0,202.1,6.21,26.3,57.3,81.1,proteger
144.8,47.6,205.6,6.19,26.8,56.8,83.4,proteger
149.2,46.0,199.5,5.99,26.5,56.3,79.2,proteger
144.5,45.9,199.0,6.22,26.8,55.6,79.1,proteger
149.1,46.8,204.4,6.06,26.8,55.7,77.5,proteger
148.8,46.8,197.7,6.06,26.0,56.4,75.5,proteger
145.0,45.8,200.0,6.14,26.7,54.9,75.1,proteger
147.2,45.9,201.5,6.20,25.8,53.6,72.5,proteger
148.3,46.8,200.9,6.01,25.9,53.3,71.5,proteger
147.4,46.7,202.8,6.17,26.4,53.5,71.0,proteger
143.1,45.4,199.9,6.13,26.2,52.1,71.9,proteger
142.0,45.0,201.4,6.17,25.8,51.5,69.1,proteger
145.6,45.5,200.9,6.16,25.5,51.6,69.4,proteger
145.6,45.9,199.5,6.18,26.0,49.8,69.0,proteger
145.7,44.7,200.2,6.06,25.5,50.8,68.9,proteger
145.2,46.0,200.2,6.08,25.4,49.9,67.5,proteger
141.8,45.7,196.2,6.05,25.5,48.5,66.7,proteger
141.9,46.0,193.0,6.14,24.4,48.5,67.4,proteger
142.0,45.9,196.8,6.15,23.7,47.4,64.9,proteger
139.4,44.3,192.7,6.01,23.1,46.2,65.7,proteger
139.8,44.2,193.8,6.16,22.9,45.9,65.3,proteger
139.9,45.1,193.5,6.11,22.2,45.9,63.2,proteger
138.8,44.8,195.5,6.14,21.9,45.2,65.0,irrigar
138.7,43.7,194.2,6.11,21.9,43.9,64.5,irrigar
142.6,43.7,193.6,6.13,21.3,43.7,61.9,irrigar
152.8,48.9,205.2,6.11,21.1,58.0,63.3,irrigar
153.8,47.8,206.8,6.14,20.7,58.6,63.3,irrigar
150.0,47.4,207.2,6.22,20.4,56.9,62.7,irrigar
150.4,47.4,205.4,6.18,20.8,57.7,62.1,irrigar
153.3,48.2,203.4,6.13,20.5,56.4,60.8,irrigar
148.0,48.3,207.9,6.20,20.4,56.4,62.5,irrigar
151.3,48.6,205.9,6.26,19.7,54.7,62.6,irrigar
151.8,47.0,202.9,6.05,20.0,55.2,61.7,irrigar
148.6,46.7,202.4,6.10,20.4,53.6,61.3,irrigar
149.6,46.7,203.0,6.09,20.3,54.5,64.2,irrigar
146.7,48.0,207.3,6.18,20.0,52.6,64.2,irrigar
151.4,47.1,205.9,6.27,20.3,51.9,62.5,irrigar
151.7,47.5,205.6,6.17,20.1,52.5,62.7,irrigar
151.3,46.4,201.1,6.29,20.2,51.7,63.1,irrigar
145.3,46.6,202.7,6.05,20.6,50.7,65.2,irrigar
147.0,47.2,201.8,6.15,20.1,51.1,64.4,irrigar
145.1,45.8,200.4,6.26,20.6,49.2,65.1,irrigar
148.4,46.6,200.6,6.20,20.8,48.6,63.8,irrigar
146.7,46.6,203.7,6.29,20.7,49.0,65.5,irrigar
144.5,46.2,198.0,6.06,20.2,47.9,64.1,irrigar
147.8,46.7,200.4,6.20,20.7,47.9,65.4,irrigar
145.0,47.0,200.2,6.09,20.7,47.0,65.4,irrigar
148.4,46.1,203.3,6.19,20.7,46.9,65.4,irrigar
146.7,46.3,198.7,6.22,20.3,45.4,64.2,irrigar
156.8,50.3,217.4,6.29,19.6,61.1,61.0,travar_irrigacao
155.3,50.2,211.9,6.17,19.5,59.9,57.4,irrigar
154.1,49.0,213.4,6.29,19.1,61.4,54.8,travar_irrigacao
154.7,50.1,212.9,6.26,18.7,60.3,52.8,travar_irrigacao
157.6,49.2,209.7,6.08,18.4,62.3,50.1,nao_fazer_nada
153.6,48.8,213.5,6.18,18.6,60.3,48.4,nao_fazer_nada
157.3,50.1,211.7,6.19,17.9,60.6,46.8,nao_fazer_nada
157.9,49.7,214.5,6.18,17.6,61.8,45.4,nao_fazer_nada
154.4,49.0,209.3,6.20,18.0,60.7,43.4,travar_irrigacao
152.4,49.6,212.1,6.10,17.6,62.2,41.0,nao_fazer_nada
153.4,48.7,208.1,6.13,17.2,61.8,40.0,nao_fazer_nada
154.1,48.5,211.6,6.26,17.4,61.8,38.4,travar_irrigacao
154.2,48.8,212.3,6.30,16.8,60.4,37.7,travar_irrigacao
155.3,49.4,210.5,6.22,16.6,61.7,36.5,travar_irrigacao
155.2,49.0,207.3,6.14,16.4,60.3,36.8,nao_fazer_nada
155.3,47.7,206.7,6.24,16.4,60.8,35.8,travar_irrigacao
155.3,47.7,206.9,6.33,16.2,60.4,34.6,travar_irrigacao
154.0,47.8,207.2,6.15,16.5,62.6,33.7,nao_fazer_nada
149.5,48.6,207.6,6.34,16.4,61.0,33.4,travar_irrigacao
150.8,47.6,210.3,6.30,15.9,62.8,32.7,travar_irrigacao
151.5,48.1,206.2,6.31,16.0,61.8,31.1,travar_irrigacao
149.2,47.0,203.1,6.17,15.6,62.6,30.8,nao_fazer_nada
149.3,48.3,204.9,6.28,15.7,61.0,31.1,travar_irrigacao
150.9,47.7,202.7,5.98,18.3,69.8,60.1,nao_fazer_nada
151.2,46.8,206.8,6.06,18.6,69.9,60.2,nao_fazer_nada
151.9,47.5,201.0,6.05,18.9,68.0,60.8,nao_fazer_nada
150.9,46.3,204.2,5.92,18.7,69.0,59.4,nao_fazer_nada
149.3,46.8,205.6,5.95,18.5,66.5,60.8,nao_fazer_nada
150.6,46.7,204.5,5.96,18.5,67.8,61.1,nao_fazer_nada
149.7,47.6,204.9,6.07,19.0,66.6,61.6,nao_fazer_nada
146.9,46.1,204.3,5.97,18.7,65.3,60.8,nao_fazer_nada
144.8,47.2,200.6,5.93,18.9,65.2,60.1,nao_fazer_nada
148.8,46.8,205.4,6.09,18.7,65.5,61.4,nao_fazer_nada
148.5,46.3,204.8,6.06,19.2,65.0,61.2,nao_fazer_nada
145.6,47.1,200.9,5.91,18.9,62.5,61.2,nao_fazer_nada
144.7,46.0,203.7,5.93,18.9,63.8,61.2,nao_fazer_nada
145.4,47.0,197.6,5.95,19.3,61.6,61.7,nao_fazer_nada
144.9,46.4,199.4,5.98,19.0,60.8,61.8,nao_fazer_nada
145.2,45.2,197.1,5.98,18.8,60.8,61.0,nao_fazer_nada
143.1,46.5,199.7,6.10,19.5,60.3,62.4,nao_fazer_nada
144.5,45.7,201.6,6.11,19.2,61.0,61.5,nao_fazer_nada
143.7,45.8,195.8,5.98,19.6,58.2,63.2,irrigar
143.8,46.3,196.9,5.97,19.2,57.8,61.7,irrigar
144.6,45.7,194.4,6.03,19.2,58.9,61.4,irrigar
145.9,45.6,196.9,6.08,19.4,56.9,63.2,irrigar
145.4,45.1,197.0,6.15,19.3,58.2,62.8,irrigar
143.8,45.9,198.3,5.93,19.5,57.5,62.3,irrigar
144.1,44.5,193.3,6.10,19.8,54.9,63.0,irrigar
141.0,44.7,193.1,6.13,20.0,56.0,64.3,irrigar
143.3,44.9,196.2,6.11,19.4,55.6,62.3,irrigar
141.7,44.7,192.4,6.07,19.5,54.7,63.2,irrigar
144.1,45.3,196.7,5.97,20.2,53.5,63.0,irrigar
140.9,43.6,192.2,5.97,20.2,53.4,64.6,irrigar
138.5,43.6,196.3,5.99,19.6,53.4,63.6,irrigar
139.8,44.3,195.4,6.02,19.9,52.7,64.9,irrigar
141.0,44.4,196.9,6.06,20.4,51.8,65.6,irrigar
140.0,44.2,194.6,6.01,20.3,50.8,63.7,irrigar
140.3,44.5,189.4,6.08,19.9,50.2,63.7,irrigar
136.7,43.1,195.7,6.16,20.3,50.3,65.8,irrigar
140.4,44.5,189.4,6.05,20.5,48.9,63.9,irrigar
139.5,43.6,190.2,6.14,20.7,49.1,64.9,irrigar
136.4,43.8,187.9,6.09,20.2,47.4,64.7,irrigar
151.2,47.1,202.6,6.17,20.4,63.0,65.4,nao_fazer_nada
149.1,47.5,201.4,6.12,20.2,62.0,65.7,nao_fazer_nada
145.2,47.1,202.5,5.94,20.4,60.6,66.5,nao_fazer_nada
147.2,48.1,205.0,5.94,20.6,60.4,65.8,nao_fazer_nada
146.1,47.5,200.3,5.88,20.2,60.4,66.1,nao_fazer_nada
144.8,46.7,206.5,6.02,20.5,59.2,67.0,irrigar
139.9,46.2,202.0,5.96,20.8,60.2,66.6,nao_fazer_nada
140.9,46.1,199.2,5.78,20.7,57.8,65.6,irrigar
142.5,46.4,200.7,5.83,20.9,59.1,67.7,irrigar
139.0,46.5,204.9,5.81,21.2,57.8,65.7,irrigar
138.5,46.5,203.2,5.73,21.1,57.5,66.6,irrigar
138.0,46.8,203.8,5.83,20.9,57.0,67.0,irrigar
137.6,45.7,203.0,5.79,20.8,55.6,66.3,irrigar
133.1,45.6,200.2,5.77,20.8,55.1,68.2,irrigar
133.5,45.7,202.4,5.77,21.1,55.0,66.9,irrigar
135.3,46.6,199.0,5.53,20.7,54.2,68.2,irrigar
131.9,45.5,198.3,5.64,21.0,54.5,68.2,irrigar
128.4,45.8,195.8,5.53,21.1,54.0,67.6,irrigar
131.9,46.2,200.9,5.66,21.3,52.6,66.7,irrigar
128.8,46.5,194.9,5.58,21.0,52.6,67.3,irrigar
129.8,45.2,196.1,5.53,21.4,52.1,68.8,irrigar
124.3,45.6,193.8,5.57,20.9,51.6,66.7,irrigar
125.5,44.9,200.3,5.39,21.1,50.4,66.8,irrigar
125.1,44.6,198.4,5.48,20.8,49.9,67.4,irrigar
122.6,45.0,197.7,5.34,21.0,49.3,67.3,irrigar
123.1,45.6,193.5,5.41,21.5,47.9,68.2,irrigar
122.3,45.0,199.4,5.39,20.9,48.1,67.0,irrigar
120.3,44.5,192.6,5.32,21.3,47.2,67.7,irrigar
124.7,44.9,195.0,5.43,21.2,46.9,66.6,irrigar
121.0,44.7,197.1,5.39,21.3,45.9,67.1,irrigar
120.0,44.9,193.3,5.46,21.5,46.1,66.4,irrigar
119.7,43.5,195.9,5.50,21.3,44.8,67.0,irrigar
123.4,43.6,191.3,5.32,21.0,45.1,67.2,irrigar
120.5,43.5,192.9,5.53,21.2,44.6,68.3,irrigar
119.8,44.3,190.3,5.32,21.6,44.0,67.3,irrigar
121.6,43.5,190.2,5.41,21.4,42.7,66.9,irrigar
118.7,43.2,188.7,5.41,21.0,42.4,66.9,irrigar
118.2,43.3,195.6,5.35,20.8,41.2,66.7,irrigar
120.0,43.5,190.8,5.42,21.1,41.6,67.4,irrigar
117.5,44.3,191.8,5.38,21.2,41.0,66.6,irrigar
129.7,47.9,206.8,5.54,21.1,55.4,66.5,irrigar
128.8,46.9,205.8,5.53,21.2,54.6,66.9,irrigar
127.8,47.0,206.3,5.47,20.7,54.6,67.3,irrigar
131.5,46.3,202.5,5.41,21.4,52.9,68.1,irrigar
127.4,47.0,205.3,5.54,21.3,54.0,66.7,irrigar
129.6,47.7,204.5,5.51,21.1,53.0,68.2,irrigar
130.2,47.5,206.1,5.52,21.1,52.9,67.4,irrigar
129.6,47.4,198.6,5.45,20.7,52.0,66.6,irrigar
127.5,45.8,202.0,5.48,20.6,50.3,68.2,irrigar
129.5,45.9,204.5,5.50,20.9,50.7,67.6,irrigar
127.9,46.7,200.2,5.54,20.5,49.2,67.9,irrigar
130.0,45.8,199.1,5.36,20.5,49.3,65.5,irrigar
129.4,46.4,198.7,5.40,20.7,48.4,67.5,irrigar
125.4,46.2,200.5,5.56,20.8,47.8,66.4,irrigar
127.8,45.3,201.3,5.42,20.9,47.4,66.4,irrigar
125.0,45.8,200.0,5.53,20.5,47.2,66.8,irrigar
126.9,45.6,197.0,5.58,20.0,47.4,63.1,irrigar
124.2,45.9,198.3,5.58,19.5,47.2,59.8,irrigar
127.1,45.4,199.1,5.56,19.6,47.5,55.9,irrigar
125.5,44.7,195.6,5.52,18.9,46.5,53.3,irrigar
127.1,45.9,196.0,5.41,18.4,47.9,51.4,irrigar
123.0,45.4,196.1,5.54,18.7,46.4,50.2,irrigar
122.5,44.7,193.8,5.44,18.3,47.4,47.2,irrigar
125.4,45.5,200.8,5.56,18.1,46.8,46.4,irrigar
125.7,45.4,193.3,5.45,17.5,46.7,44.5,irrigar
124.6,44.6,192.4,5.53,17.6,47.2,42.1,irrigar
121.6,44.9,197.0,5.57,17.1,47.2,40.4,irrigar
120.3,45.2,198.4,5.52,17.4,47.4,39.8,irrigar
120.8,44.7,196.6,5.40,16.8,47.6,38.0,irrigar
122.9,45.1,196.9,5.45,16.7,48.2,36.9,irrigar
121.5,43.8,192.4,5.58,17.0,47.5,36.6,irrigar
120.6,43.7,195.1,5.43,16.2,47.6,36.1,irrigar
121.4,43.7,196.5,5.46,16.8,47.1,34.8,irrigar
118.7,44.1,196.4,5.45,16.1,48.3,34.3,irrigar
119.3,43.3,190.8,5.52,16.1,47.3,32.9,irrigar
120.4,43.3,189.6,5.47,16.3,47.4,32.9,irrigar
119.3,43.1,193.7,5.47,15.7,48.5,32.1,irrigar
119.0,43.1,194.2,5.42,15.8,47.3,31.6,irrigar
120.0,44.1,189.5,5.47,15.7,47.1,30.3,irrigar
118.7,44.3,192.0,5.55,15.8,48.5,30.7,irrigar
132.7,47.4,202.9,5.48,16.0,63.2,32.7,travar_irrigacao
149.8,47.4,203.3,6.09,18.4,69.3,60.3,nao_fazer_nada
151.2,47.4,206.0,5.94,18.4,67.8,59.0,nao_fazer_nada
149.1,47.1,206.1,6.02,18.4,69.3,59.3,nao_fazer_nada
147.0,47.6,204.4,5.90,18.4,67.8,60.7,nao_fazer_nada
146.7,47.7,204.5,6.12,18.8,68.1,59.7,nao_fazer_nada
150.8,46.2,204.4,5.99,18.6,67.3,61.2,nao_fazer_nada
145.4,46.3,203.9,6.01,18.8,66.3,60.3,nao_fazer_nada
145.7,46.6,203.3,5.98,18.4,65.9,60.0,nao_fazer_nada
149.7,46.7,199.3,5.91,18.8,65.7,60.7,nao_fazer_nada
144.8,47.0,200.7,6.11,19.0,65.6,61.4,nao_fazer_nada
143.9,46.4,202.5,6.14,18.5,64.7,60.4,nao_fazer_nada
144.2,45.7,201.1,5.94,18.9,62.3,61.4,nao_fazer_nada
147.2,47.1,202.4,5.95,19.2,62.8,61.0,nao_fazer_nada
143.2,46.8,200.5,5.93,18.7,61.5,61.4,nao_fazer_nada
143.3,45.8,196.4,5.95,19.3,62.8,61.5,nao_fazer_nada
146.3,46.4,198.3,5.96,19.0,61.5,61.0,nao_fazer_nada
144.1,45.8,196.1,5.98,19.2,60.0,61.9,irrigar
144.6,45.8,195.4,5.96,19.3,58.8,62.2,irrigar
146.5,44.8,199.9,5.95,19.2,59.2,62.0,irrigar
144.1,45.0,199.2,6.16,19.0,58.3,63.1,irrigar
145.9,45.9,196.3,6.11,19.6,57.7,61.4,irrigar
142.6,45.2,198.0,5.94,19.4,58.8,62.9,irrigar
145.8,46.1,194.8,6.03,19.7,56.3,62.6,irrigar
144.7,45.6,200.1,6.16,19.8,55.7,62.7,irrigar
140.0,45.7,199.3,6.11,19.9,56.9,62.2,irrigar
142.6,44.3,197.0,5.95,19.8,55.5,63.0,irrigar
143.0,44.2,194.0,6.10,19.8,55.1,62.3,irrigar
140.9,44.4,193.6,6.03,20.1,54.3,63.0,irrigar
139.4,45.2,195.8,6.13,19.7,52.8,64.6,irrigar
140.2,43.7,197.5,6.05,19.9,52.5,63.9,irrigar
141.4,45.0,192.3,5.96,19.8,53.1,63.8,irrigar
141.6,44.2,190.3,6.13,20.1,51.8,64.4,irrigar
139.1,43.5,190.5,5.98,20.2,51.4,64.3,irrigar
137.2,44.8,190.2,6.09,20.2,52.0,63.9,irrigar
138.8,43.5,194.8,6.14,20.2,51.6,62.7,irrigar
136.5,43.9,195.7,6.12,19.9,50.3,59.9,irrigar
136.3,43.8,194.9,6.10,19.3,51.0,58.3,irrigar
140.5,44.1,189.2,6.13,18.8,51.6,55.6,irrigar
136.9,43.5,193.5,5.97,18.9,51.8,52.1,irrigar
136.3,42.8,190.7,5.98,19.1,50.4,50.9,irrigar
137.2,43.0,193.4,6.12,18.9,50.5,49.0,irrigar
136.9,42.6,192.2,6.05,18.5,51.2,47.5,irrigar
137.8,42.8,188.9,6.02,18.2,51.5,45.7,irrigar
139.0,42.8,193.2,6.00,18.0,51.5,44.2,irrigar
134.0,42.4,188.6,6.05,17.9,52.1,42.9,irrigar
138.1,43.1,190.3,6.05,17.7,51.1,41.5,irrigar
135.0,42.5,185.8,6.00,17.8,52.0,41.3,irrigar
133.9,42.7,190.7,6.16,18.1,50.8,40.1,irrigar
137.8,42.2,189.8,6.07,17.6,50.3,40.4,irrigar
136.3,42.0,184.8,6.18,17.4,51.9,39.2,irrigar
136.0,42.9,188.8,5.98,17.4,50.7,37.7,irrigar
133.1,42.9,183.7,6.13,17.9,52.0,38.4,irrigar
134.0,42.2,189.6,6.19,17.9,51.6,38.2,irrigar
135.1,41.9,187.6,6.16,17.8,52.2,36.4,irrigar
134.9,42.7,186.4,6.17,17.8,52.5,36.6,irrigar
135.0,41.2,187.5,6.08,17.2,51.4,36.9,irrigar
135.5,41.7,188.3,6.02,17.4,50.9,35.6,irrigar
130.5,42.2,182.1,6.08,17.6,50.7,35.8,irrigar
134.7,41.8,183.4,6.18,17.4,50.9,36.9,irrigar
132.5,41.0,181.2,6.11,17.8,50.6,39.6,irrigar
134.1,42.0,180.6,6.11,18.2,49.7,42.4,irrigar
130.2,41.2,183.0,6.09,18.8,50.1,46.0,irrigar
128.8,40.4,182.1,6.02,18.7,48.8,47.6,irrigar
128.2,41.1,183.4,6.10,19.1,48.9,49.0,irrigar
130.9,40.7,181.7,6.23,19.7,47.7,51.2,irrigar
128.3,40.1,180.5,6.12,19.1,47.7,52.0,irrigar
132.1,40.2,183.4,6.04,20.0,47.7,54.8,irrigar
128.9,40.4,181.1,6.16,20.2,46.0,55.8,irrigar
129.6,39.8,184.0,6.17,20.3,45.6,56.8,irrigar
129.3,40.6,177.1,6.07,19.8,44.8,57.9,irrigar
126.5,41.1,178.6,6.26,20.1,44.2,59.0,irrigar
130.6,40.7,176.7,6.19,19.9,44.0,59.4,irrigar
128.4,40.0,183.0,6.12,20.1,43.6,59.9,irrigar
127.7,39.8,178.3,6.08,20.1,42.5,60.2,irrigar
128.8,40.7,175.7,6.04,20.2,42.6,62.2,irrigar
127.8,40.0,179.9,6.13,20.3,41.4,62.2,irrigar
125.8,40.0,178.7,6.05,20.4,41.4,62.8,irrigar
127.0,39.9,174.8,6.11,20.7,41.4,63.1,irrigar
126.2,39.6,177.7,6.07,20.7,39.9,63.5,irrigar
123.6,40.1,176.0,6.28,20.4,39.0,63.7,irrigar
127.1,39.5,174.3,6.27,21.1,38.5,63.5,irrigar
124.6,39.7,173.5,6.13,21.0,38.9,64.7,irrigar
123.1,39.0,179.3,6.27,20.6,37.6,64.8,irrigar
123.5,39.7,175.7,6.16,20.4,36.7,63.9,irrigar
124.6,39.5,176.8,6.10,20.9,37.0,65.3,irrigar
124.9,39.2,173.2,6.11,20.5,36.2,62.7,irrigar
122.2,38.6,177.1,6.13,20.3,36.1,59.7,irrigar
122.9,39.4,175.6,6.19,20.0,37.5,56.9,irrigar
120.9,38.4,171.2,6.22,19.6,36.3,54.7,irrigar
121.5,38.7,170.7,6.18,18.8,37.4,50.8,irrigar
121.0,38.4,174.5,6.18,18.7,36.7,50.1,irrigar
121.0,38.4,172.0,6.12,18.9,36.6,47.8,irrigar
121.9,38.3,175.6,6.09,18.1,37.0,46.4,irrigar
122.4,38.1,175.0,6.17,18.5,36.5,44.8,irrigar
121.3,37.7,172.9,6.19,18.1,36.8,43.1,irrigar
122.4,38.6,174.7,6.26,18.2,37.3,41.6,irrigar
119.0,38.5,173.2,6.30,17.6,37.3,41.1,irrigar
121.5,38.0,172.7,6.30,17.3,37.6,40.4,irrigar
118.2,37.2,167.7,6.16,17.1,37.6,38.6,irrigar
119.8,37.6,168.9,6.14,17.3,37.1,37.6,irrigar
121.1,37.2,169.5,6.08,17.2,38.0,36.9,irrigar
120.6,37.4,170.2,6.19,16.8,37.0,36.6,irrigar
120.4,37.5,165.8,6.24,17.0,38.0,36.2,irrigar
120.5,37.8,168.4,6.18,17.0,37.8,34.8,irrigar
119.4,37.4,169.8,6.13,16.4,38.1,34.4,irrigar
118.9,37.0,166.4,6.31,16.3,37.6,33.6,irrigar
115.6,36.5,164.4,6.26,16.4,37.8,33.5,irrigar
117.4,36.4,170.5,6.31,16.1,37.4,32.8,irrigar
118.6,36.0,163.7,6.32,15.9,37.2,31.6,irrigar
116.5,36.0,167.3,6.31,16.3,37.2,34.1,irrigar
116.6,36.8,168.4,6.23,16.7,35.9,36.7,irrigar
115.1,36.5,166.3,6.13,16.8,35.4,39.6,irrigar
116.8,36.5,162.2,6.19,17.1,35.2,41.1,irrigar
116.5,36.1,164.7,6.23,17.6,34.8,42.8,irrigar
115.3,36.7,166.0,6.18,17.7,33.7,45.1,irrigar
112.9,36.5,167.5,6.20,17.7,33.6,47.1,irrigar
113.1,35.3,166.9,6.33,17.9,33.1,48.2,irrigar
115.8,36.2,166.7,6.28,18.0,32.3,48.8,irrigar
114.4,35.0,165.6,6.18,17.6,31.8,49.8,irrigar
115.9,35.2,165.2,6.23,18.0,31.1,52.1,irrigar
152.3,48.3,204.5,6.10,18.2,70.3,60.1,nao_fazer_nada
149.7,48.1,205.2,6.09,18.6,68.9,59.9,nao_fazer_nada
146.6,46.5,203.0,6.05,18.7,69.1,59.9,nao_fazer_nada
147.3,47.1,203.7,5.99,18.4,67.6,60.7,nao_fazer_nada
149.7,46.9,203.4,6.13,18.9,66.4,59.3,nao_fazer_nada
147.6,46.7,202.3,6.13,18.4,67.9,60.6,nao_fazer_nada
150.5,46.0,199.9,6.00,18.7,65.0,59.6,nao_fazer_nada
148.8,45.9,204.4,6.03,18.8,65.8,60.4,nao_fazer_nada
148.7,47.2,199.9,6.02,18.6,64.4,61.7,nao_fazer_nada
144.1,47.1,202.7,6.10,18.6,65.5,59.7,nao_fazer_nada
144.8,47.1,198.3,6.02,18.4,62.9,61.4,nao_fazer_nada
148.8,46.0,200.3,6.14,18.5,63.6,60.5,nao_fazer_nada
147.6,46.3,204.2,6.13,18.6,62.0,60.7,nao_fazer_nada
146.0,46.7,202.5,5.96,18.9,61.1,60.6,nao_fazer_nada
144.8,45.8,197.7,6.12,19.1,62.1,62.4,nao_fazer_nada
143.0,45.4,196.5,6.01,18.7,60.6,61.1,nao_fazer_nada
145.9,46.0,200.1,5.98,18.8,60.7,61.0,nao_fazer_nada
156.3,50.0,214.1,5.98,19.0,76.1,61.2,nao_fazer_nada
155.8,50.1,212.4,5.96,19.3,75.0,62.9,nao_fazer_nada
158.5,49.6,212.2,5.95,19.6,74.3,62.2,nao_fazer_nada
155.0,49.6,211.6,6.15,19.5,74.5,61.8,nao_fazer_nada
154.1,48.6,213.4,5.94,19.5,71.4,62.0,nao_fazer_nada
157.2,50.1,207.2,5.95,19.1,71.1,63.1,nao_fazer_nada
152.8,49.2,211.6,6.16,19.6,72.0,63.0,nao_fazer_nada
152.3,48.6,212.4,6.06,19.8,70.8,63.5,nao_fazer_nada
154.0,48.8,212.5,6.06,19.9,69.0,62.6,nao_fazer_nada
151.9,47.9,208.6,6.00,19.6,70.0,63.6,nao_fazer_nada
151.4,48.5,209.2,5.94,20.0,68.7,63.2,nao_fazer_nada
151.3,48.2,210.6,6.17,20.2,69.2,64.9,nao_fazer_nada
153.3,47.6,205.0,6.01,20.1,67.7,63.9,nao_fazer_nada
154.7,47.9,207.8,6.03,19.9,68.9,64.3,nao_fazer_nada
153.4,48.4,207.2,6.09,19.9,66.8,65.5,nao_fazer_nada
153.8,48.6,206.8,6.03,19.9,65.6,65.3,nao_fazer_nada
154.2,48.0,207.5,5.99,20.4,67.2,64.4,nao_fazer_nada
154.0,48.2,202.7,6.09,20.3,66.3,64.0,nao_fazer_nada
148.5,48.0,209.2,6.14,20.6,63.9,65.7,nao_fazer_nada
148.9,47.7,207.9,6.14,20.2,63.2,65.2,nao_fazer_nada
151.6,48.4,203.4,6.15,20.0,63.2,65.3,nao_fazer_nada
150.6,46.7,205.1,6.03,20.0,63.8,64.5,nao_fazer_nada
152.8,48.1,207.7,6.13,20.5,63.1,64.9,nao_fazer_nada
149.8,48.2,204.7,6.12,20.4,63.6,61.6,nao_fazer_nada
148.3,47.9,206.1,6.05,19.6,63.1,59.1,nao_fazer_nada
151.4,47.6,204.1,6.20,19.9,63.2,56.0,travar_irrigacao
150.5,47.0,207.3,6.11,19.2,61.8,53.6,nao_fazer_nada
145.6,47.5,199.3,6.08,19.0,62.1,53.1,nao_fazer_nada
146.1,46.4,202.8,6.04,18.8,61.8,51.2,nao_fazer_nada
149.2,46.9,206.2,6.15,18.9,62.1,48.9,nao_fazer_nada
148.6,46.9,203.1,6.02,18.6,62.1,46.3,nao_fazer_nada
147.6,45.7,201.2,6.04,18.6,62.3,45.9,nao_fazer_nada
147.5,46.9,205.3,6.13,18.4,62.0,44.0,nao_fazer_nada
143.8,47.1,203.2,6.00,18.1,63.7,43.2,nao_fazer_nada
143.6,46.4,200.1,6.14,17.8,64.4,42.3,nao_fazer_nada
147.1,46.5,200.1,6.10,18.3,63.4,40.6,nao_fazer_nada
147.6,46.5,200.8,6.21,17.8,62.3,41.1,travar_irrigacao
142.8,46.9,196.9,6.15,18.0,62.1,40.2,nao_fazer_nada
144.4,45.2,200.2,6.02,17.8,63.5,39.2,nao_fazer_nada
142.9,45.0,198.7,6.22,18.0,63.7,38.7,travar_irrigacao
146.8,45.4,196.6,6.21,18.0,64.3,37.8,travar_irrigacao
144.7,46.3,200.0,6.16,18.0,64.5,37.2,nao_fazer_nada
143.9,45.3,197.3,6.05,17.9,62.6,37.0,nao_fazer_nada
145.9,44.9,195.6,6.01,17.6,63.2,36.7,nao_fazer_nada
144.5,44.5,200.9,6.12,17.5,64.3,35.7,nao_fazer_nada
144.1,44.8,198.5,6.04,17.4,63.6,36.1,nao_fazer_nada
140.5,44.7,194.8,6.10,17.8,63.1,36.1,nao_fazer_nada
141.3,45.1,199.0,6.13,17.9,63.4,38.8,nao_fazer_nada
139.6,45.1,192.2,6.13,18.0,62.9,41.6,nao_fazer_nada
141.0,45.4,193.7,6.18,18.8,61.0,44.8,nao_fazer_nada
139.2,45.1,194.7,6.04,18.9,60.2,46.5,nao_fazer_nada
139.9,43.8,191.9,6.17,19.4,61.9,48.3,nao_fazer_nada
143.6,44.5,198.2,6.06,19.4,61.1,49.5,nao_fazer_nada
139.5,44.1,197.3,6.04,19.3,60.6,52.5,nao_fazer_nada
153.9,47.7,208.8,6.19,19.8,74.8,54.0,nao_fazer_nada
149.6,47.8,207.9,6.26,20.0,74.3,54.5,travar_irrigacao
151.2,48.2,207.6,6.03,19.7,73.1,57.1,nao_fazer_nada
153.1,47.2,204.3,6.12,19.7,71.9,57.4,nao_fazer_nada
150.1,48.4,208.2,6.12,20.2,72.6,58.7,nao_fazer_nada
151.8,48.0,205.9,6.07,20.3,72.3,59.4,nao_fazer_nada
147.9,47.2,207.2,6.10,20.5,71.2,59.4,nao_fazer_nada
153.1,47.8,206.0,6.16,20.1,69.2,60.2,nao_fazer_nada
148.7,47.4,207.8,6.27,20.0,68.5,62.3,travar_irrigacao
148.4,46.7,208.2,6.13,20.8,68.7,61.8,nao_fazer_nada
149.1,46.5,202.0,6.25,20.4,67.3,62.1,travar_irrigacao
147.0,46.3,204.3,6.07,20.8,69.2,61.4,nao_fazer_nada
147.0,47.5,200.3,6.15,20.4,68.4,62.5,nao_fazer_nada
146.2,47.2,205.9,6.10,20.9,67.7,64.4,nao_fazer_nada
145.8,47.3,205.8,6.25,20.6,66.0,63.0,travar_irrigacao
148.2,47.6,198.5,6.12,20.4,66.0,64.7,nao_fazer_nada
147.6,47.2,206.1,6.13,20.8,64.0,63.0,nao_fazer_nada
147.4,46.0,201.4,6.16,20.7,64.1,63.7,nao_fazer_nada
144.4,47.2,204.5,6.09,20.8,64.8,63.7,nao_fazer_nada
147.5,45.7,204.2,6.23,20.3,64.0,65.3,travar_irrigacao
144.5,46.1,199.9,6.10,20.3,62.3,65.6,nao_fazer_nada
143.9,47.1,197.6,6.10,20.3,62.1,65.5,nao_fazer_nada
148.6,45.5,199.4,6.06,20.9,62.3,63.4,nao_fazer_nada
147.6,46.1,202.8,6.24,20.5,60.6,63.8,travar_irrigacao
146.0,45.2,199.2,6.13,20.0,61.1,64.3,nao_fazer_nada
145.8,46.1,199.9,6.26,20.8,60.4,65.4,travar_irrigacao
144.1,45.5,196.1,6.15,20.1,59.3,64.5,irrigar
143.3,45.2,198.6,6.27,20.7,60.0,65.7,travar_irrigacao
149.6,48.1,201.3,5.93,18.4,69.7,60.6,nao_fazer_nada
149.6,47.5,206.2,5.95,18.3,67.8,60.5,nao_fazer_nada
146.8,46.6,207.2,5.91,18.6,67.4,61.2,nao_fazer_nada
149.9,46.7,207.0,6.08,18.3,68.6,60.9,nao_fazer_nada
149.8,46.6,206.2,6.08,18.5,67.3,59.8,nao_fazer_nada
147.9,46.6,202.1,5.92,19.0,65.6,60.4,nao_fazer_nada
150.1,46.4,206.5,6.00,18.9,66.9,59.3,nao_fazer_nada
147.6,46.4,202.2,5.94,18.5,65.5,61.1,nao_fazer_nada
149.7,47.3,202.2,6.07,18.9,66.1,59.7,nao_fazer_nada
146.1,45.6,205.3,6.08,19.1,64.2,61.2,nao_fazer_nada
145.2,47.1,204.9,6.00,18.7,64.3,61.0,nao_fazer_nada
149.1,45.6,201.7,5.91,18.9,63.0,60.5,nao_fazer_nada
143.2,46.2,196.9,6.01,18.9,63.7,61.5,nao_fazer_nada
147.1,47.0,198.4,5.98,19.1,62.6,61.7,nao_fazer_nada
145.8,46.8,203.4,5.96,18.8,60.7,61.0,nao_fazer_nada
145.2,45.7,196.0,5.99,18.8,61.5,62.9,nao_fazer_nada
146.6,45.5,198.4,6.12,19.3,59.9,61.3,irrigar
145.7,45.9,200.9,6.04,19.3,60.3,63.0,nao_fazer_nada
145.2,45.1,195.7,5.97,19.0,60.1,63.1,nao_fazer_nada
142.1,44.8,197.5,6.10,19.4,58.5,61.6,irrigar
142.0,44.7,194.4,6.04,19.4,58.2,63.6,irrigar
142.4,45.7,199.0,5.99,19.4,56.9,62.7,irrigar
141.1,45.7,193.3,5.95,19.6,57.2,63.7,irrigar
152.1,49.4,209.0,6.02,19.8,70.7,62.0,nao_fazer_nada
154.8,49.1,212.9,6.05,19.3,70.8,62.3,nao_fazer_nada
156.0,48.6,209.7,5.99,19.7,69.7,63.5,nao_fazer_nada
151.5,49.5,206.5,6.00,19.7,71.0,62.8,nao_fazer_nada
151.0,49.2,208.0,6.14,20.1,68.8,62.6,nao_fazer_nada
152.2,49.2,205.3,6.04,20.2,68.7,63.3,nao_fazer_nada
152.4,47.5,204.6,6.05,19.6,67.2,63.1,nao_fazer_nada
151.0,49.3,208.8,6.10,19.6,68.6,63.2,nao_fazer_nada
154.2,48.7,203.7,5.94,19.7,67.3,64.6,nao_fazer_nada
153.7,47.2,206.0,6.18,20.3,67.6,65.4,nao_fazer_nada
152.6,48.4,209.4,5.96,20.1,65.4,65.7,nao_fazer_nada
148.8,48.2,205.7,5.99,20.1,65.5,65.2,nao_fazer_nada
148.2,48.1,203.9,6.11,20.0,63.7,65.0,nao_fazer_nada
152.9,48.1,205.5,6.12,20.2,64.4,65.8,nao_fazer_nada
150.0,47.8,208.8,6.03,20.5,63.8,65.9,nao_fazer_nada
148.7,46.9,202.1,6.10,20.3,62.4,64.8,nao_fazer_nada
147.7,47.0,202.7,6.09,20.1,64.1,64.6,nao_fazer_nada
146.8,46.6,206.6,5.97,20.3,63.5,60.8,nao_fazer_nada
152.3,47.5,201.9,6.04,20.0,64.1,58.3,nao_fazer_nada
149.0,46.3,202.7,6.07,19.2,63.9,54.5,nao_fazer_nada
146.7,48.0,200.9,6.07,19.1,63.3,53.5,nao_fazer_nada
149.0,47.9,206.7,6.12,19.0,62.5,52.0,nao_fazer_nada
147.3,47.7,205.3,6.17,18.6,63.8,49.8,nao_fazer_nada
148.7,46.9,202.4,5.98,18.7,63.4,48.4,nao_fazer_nada
149.3,46.2,200.9,6.11,18.2,62.6,46.0,nao_fazer_nada
146.4,47.4,203.0,6.07,18.7,62.8,44.8,nao_fazer_nada
145.5,47.3,201.3,6.10,18.5,62.9,44.2,nao_fazer_nada
148.3,47.1,198.7,6.06,18.3,63.7,43.0,nao_fazer_nada
146.9,45.7,201.9,6.04,18.4,63.8,42.6,nao_fazer_nada
145.1,46.4,204.1,6.20,18.2,62.7,41.2,nao_fazer_nada
147.1,45.4,199.6,6.10,18.1,64.4,41.0,nao_fazer_nada
148.3,45.8,196.7,6.13,17.6,64.1,39.3,nao_fazer_nada
143.2,45.1,198.0,6.06,17.9,64.3,39.7,nao_fazer_nada
144.4,46.1,197.5,6.15,18.0,62.9,38.1,nao_fazer_nada
144.6,44.9,195.6,6.04,17.4,64.7,38.2,nao_fazer_nada
143.6,46.1,198.9,6.05,17.5,63.2,36.7,nao_fazer_nada
144.7,44.7,199.8,6.12,17.4,63.0,37.2,nao_fazer_nada
142.5,45.6,195.4,6.02,17.4,62.6,36.6,nao_fazer_nada
145.9,45.3,193.8,6.21,17.4,64.8,37.0,travar_irrigacao
145.9,44.3,196.9,6.22,17.2,65.1,35.2,travar_irrigacao
145.4,45.9,198.2,6.19,18.0,63.3,37.7,nao_fazer_nada
139.7,44.5,199.3,6.21,17.8,62.3,40.5,travar_irrigacao
144.4,45.8,193.4,6.09,18.6,62.7,42.8,nao_fazer_nada
141.5,45.1,195.0,6.08,18.6,61.3,45.5,nao_fazer_nada
142.6,44.8,197.9,6.24,19.1,61.8,48.2,travar_irrigacao
141.8,44.9,192.6,6.03,19.4,59.9,48.7,irrigar
140.5,43.9,196.7,6.24,19.1,61.3,51.4,travar_irrigacao
142.2,44.1,197.4,6.26,19.8,59.3,52.9,irrigar
151.6,49.1,208.1,6.06,19.3,73.9,53.4,nao_fazer_nada
152.8,48.4,205.4,6.15,19.6,73.1,55.8,nao_fazer_nada
154.5,48.3,210.4,6.23,19.7,72.3,57.3,travar_irrigacao
150.7,48.9,206.9,6.18,19.7,71.0,57.2,nao_fazer_nada
151.0,47.2,206.4,6.04,20.0,71.0,58.6,nao_fazer_nada
152.5,48.2,203.1,6.17,19.8,71.1,58.5,nao_fazer_nada
149.7,47.2,204.2,6.08,20.6,70.5,60.5,nao_fazer_nada
148.8,47.8,207.8,6.23,20.6,70.3,61.1,travar_irrigacao
149.9,48.0,206.3,6.19,20.1,68.9,62.4,nao_fazer_nada
148.7,46.7,205.6,6.26,20.2,68.5,62.8,travar_irrigacao
146.6,47.6,202.0,6.25,20.7,68.8,62.6,travar_irrigacao
149.2,47.5,200.3,6.10,20.2,68.1,61.8,nao_fazer_nada
147.8,47.6,204.4,6.26,20.9,67.2,62.5,travar_irrigacao
145.6,46.7,207.2,6.06,21.0,67.2,63.5,nao_fazer_nada
145.9,47.6,200.9,6.23,20.3,65.0,64.8,travar_irrigacao
149.0,47.7,204.6,6.17,20.2,67.0,62.8,nao_fazer_nada
150.0,47.4,200.6,6.18,20.5,64.9,64.6,nao_fazer_nada
148.4,45.7,204.0,6.23,20.5,64.6,65.4,travar_irrigacao
146.9,46.5,199.7,6.21,20.7,64.1,63.8,travar_irrigacao
144.0,45.7,200.8,6.12,20.2,64.4,64.2,nao_fazer_nada
143.8,46.2,196.8,6.24,20.5,63.1,65.9,travar_irrigacao
147.1,46.6,202.1,6.28,20.5,61.4,65.9,travar_irrigacao
145.8,46.7,197.2,6.14,20.3,60.6,65.6,nao_fazer_nada
145.2,45.5,196.4,6.14,20.5,62.3,65.7,nao_fazer_nada
146.0,46.6,195.7,6.30,20.4,59.9,66.0,irrigar
145.6,45.5,199.3,6.10,20.2,58.9,64.1,irrigar
146.5,46.0,200.2,6.11,20.5,60.6,64.1,nao_fazer_nada
144.8,45.6,200.3,6.11,20.7,58.3,65.3,irrigar
151.3,48.2,208.1,5.97,18.3,70.5,59.5,nao_fazer_nada
148.9,46.4,207.0,6.05,18.2,67.8,59.5,nao_fazer_nada
150.6,47.2,201.3,5.96,18.9,67.0,60.5,nao_fazer_nada
149.5,46.4,206.7,6.09,18.7,67.0,60.2,nao_fazer_nada
146.8,46.2,203.3,5.93,18.6,66.3,59.6,nao_fazer_nada
149.2,47.5,199.6,6.06,18.9,67.0,60.6,nao_fazer_nada
146.9,45.9,201.0,6.09,18.3,66.2,61.5,nao_fazer_nada
145.4,45.8,200.7,5.96,18.9,65.7,60.5,nao_fazer_nada
147.8,46.9,201.8,5.94,18.7,65.5,61.2,nao_fazer_nada
149.4,46.9,204.5,6.04,19.0,63.4,59.6,nao_fazer_nada
144.7,47.1,200.1,5.97,18.8,63.0,60.4,nao_fazer_nada
146.5,47.0,199.4,6.09,18.5,63.9,60.2,nao_fazer_nada
147.0,45.5,201.5,6.00,18.7,62.5,60.1,nao_fazer_nada
144.4,46.6,200.3,5.99,18.7,61.0,61.2,nao_fazer_nada
143.8,45.7,201.8,5.95,19.1,61.4,61.4,nao_fazer_nada
144.1,46.7,200.3,6.15,18.7,59.8,62.3,irrigar
143.7,45.6,197.5,5.98,19.0,59.6,62.1,irrigar
144.4,45.8,196.2,5.96,18.9,59.3,61.2,irrigar
145.2,44.9,197.0,6.11,19.4,58.6,61.0,irrigar
141.3,45.1,197.7,6.09,19.1,57.6,62.5,irrigar
143.5,44.5,200.2,6.06,19.1,57.3,62.9,irrigar
141.3,45.5,198.5,6.02,19.1,57.1,62.2,irrigar
145.5,45.9,194.2,5.97,19.5,57.3,63.9,irrigar
156.5,48.7,212.5,6.06,19.6,70.6,63.2,nao_fazer_nada
156.6,49.4,207.3,6.00,19.3,72.2,63.7,nao_fazer_nada
153.0,48.6,209.7,6.10,19.4,71.5,62.2,nao_fazer_nada
153.7,48.2,211.5,6.11,19.9,69.4,64.3,nao_fazer_nada
155.9,48.6,205.2,5.99,19.5,68.9,63.8,nao_fazer_nada
154.1,49.4,206.3,5.94,20.0,67.7,63.0,nao_fazer_nada
154.9,49.0,211.7,5.98,20.2,69.0,65.2,nao_fazer_nada
155.3,47.5,205.0,6.05,19.9,68.1,63.0,nao_fazer_nada
154.4,48.4,204.9,5.98,20.1,65.6,64.1,nao_fazer_nada
152.2,48.7,204.2,6.12,20.3,64.6,63.9,nao_fazer_nada
152.8,47.2,204.0,5.98,19.9,64.4,64.5,nao_fazer_nada
153.1,48.4,207.5,6.12,20.0,63.9,65.3,nao_fazer_nada
149.6,47.3,205.4,6.04,20.1,62.7,66.1,nao_fazer_nada
150.6,48.0,209.9,6.13,20.0,60.9,64.9,nao_fazer_nada
153.3,48.3,205.8,6.11,20.6,59.9,66.2,irrigar
147.6,48.2,208.0,6.08,20.5,60.7,66.7,nao_fazer_nada
150.9,47.6,204.8,6.07,20.3,59.5,64.5,irrigar
152.2,46.7,204.9,6.12,20.7,58.1,64.4,irrigar
148.3,47.4,202.4,6.06,20.5,57.4,67.1,irrigar
151.2,47.8,204.0,6.05,20.7,55.4,65.8,irrigar
149.4,46.8,204.1,6.07,20.5,55.4,66.8,irrigar
151.1,46.9,201.4,6.05,20.6,55.2,65.1,irrigar
147.9,46.4,205.1,6.04,20.8,53.0,67.1,irrigar
150.7,47.7,198.6,6.13,20.9,51.8,67.2,irrigar
159.7,49.8,213.0,6.03,20.9,66.6,65.6,nao_fazer_nada
157.6,51.0,215.3,6.00,20.7,64.4,65.7,nao_fazer_nada
161.5,50.0,214.2,5.99,21.1,64.5,66.0,nao_fazer_nada
160.9,50.6,218.3,6.22,21.2,63.1,67.5,travar_irrigacao
156.4,50.6,214.7,6.03,21.1,63.0,67.5,nao_fazer_nada
158.6,49.7,210.5,6.07,21.0,61.7,67.6,nao_fazer_nada
156.1,49.9,214.5,6.06,20.9,59.4,68.2,irrigar
156.4,49.4,210.0,6.02,21.3,58.8,66.2,irrigar
159.7,50.4,210.3,6.09,21.0,60.0,67.2,irrigar
153.8,49.3,215.8,6.17,21.0,59.3,66.5,irrigar
158.2,49.7,211.1,6.11,21.1,58.8,66.1,irrigar
155.4,49.0,214.8,6.14,21.5,57.1,68.0,irrigar
155.8,49.4,215.6,6.10,21.3,57.1,67.2,irrigar
157.4,48.7,211.8,6.20,21.5,55.9,67.3,irrigar
152.7,48.4,208.6,6.13,20.8,56.3,68.2,irrigar
155.6,48.4,207.1,6.03,21.1,55.7,68.1,irrigar
153.1,50.0,213.0,6.03,21.5,53.8,68.2,irrigar
152.6,49.8,212.1,6.24,21.3,53.4,67.9,irrigar
152.0,48.0,213.9,6.08,21.5,54.1,68.0,irrigar
156.9,49.7,213.5,6.05,21.1,52.9,68.1,irrigar
153.0,49.1,211.8,6.17,21.4,53.2,68.9,irrigar
151.4,48.9,212.1,6.07,21.4,52.6,67.3,irrigar
155.3,48.9,206.9,6.05,21.4,51.0,68.4,irrigar
152.9,48.1,210.7,6.09,21.2,49.9,68.3,irrigar
162.0,52.0,218.6,6.20,21.1,63.9,68.4,travar_irrigacao
164.8,51.9,223.4,6.25,21.6,63.4,68.5,travar_irrigacao
160.5,51.7,225.2,6.20,21.1,64.0,67.2,travar_irrigacao
164.6,52.2,216.5,6.08,21.3,64.1,67.9,nao_fazer_nada
162.9,51.6,220.4,6.24,21.3,62.2,66.7,travar_irrigacao
163.0,50.9,216.2,6.15,20.9,63.3,67.0,nao_fazer_nada
162.9,51.6,219.5,6.26,21.4,62.4,66.7,travar_irrigacao
161.3,50.6,215.9,6.17,21.3,60.6,68.8,nao_fazer_nada
159.2,50.5,221.1,6.14,21.2,59.7,68.6,irrigar
159.6,52.1,219.8,6.10,20.7,60.7,67.3,nao_fazer_nada
161.7,52.0,221.2,6.18,20.9,59.1,68.5,irrigar
159.0,51.4,220.8,6.28,21.3,58.5,68.0,irrigar
157.7,51.0,220.3,6.25,21.4,59.2,67.6,irrigar
157.5,50.1,218.2,6.20,20.7,57.7,66.3,irrigar
161.7,51.0,221.2,6.20,20.6,57.1,66.7,irrigar
162.5,50.7,218.0,6.17,21.0,56.2,67.2,irrigar
161.5,51.2,218.1,6.24,21.1,55.8,64.1,irrigar
161.8,51.1,214.5,6.08,20.2,56.3,61.4,irrigar
159.9,49.5,212.3,6.30,20.3,56.9,57.9,irrigar
158.8,49.8,218.2,6.30,19.5,56.5,56.9,irrigar
156.1,49.8,214.9,6.21,19.7,56.6,54.4,irrigar
157.3,49.8,212.2,6.23,18.6,57.2,52.2,irrigar
160.6,50.1,210.4,6.18,19.1,56.4,49.5,irrigar
154.6,50.3,211.5,6.09,18.4,57.4,47.0,irrigar
169.3,54.1,228.3,6.08,18.0,70.6,45.0,nao_fazer_nada
168.1,54.4,230.3,6.20,18.4,72.3,43.6,nao_fazer_nada
170.5,53.0,228.6,6.22,18.1,71.9,43.4,travar_irrigacao
168.9,52.8,225.4,6.28,17.5,70.5,42.1,travar_irrigacao
148.5,48.2,202.4,5.94,18.2,68.8,60.5,nao_fazer_nada
147.3,47.0,206.2,5.94,18.3,69.7,60.8,nao_fazer_nada
150.1,48.1,201.6,6.04,18.4,69.5,60.9,nao_fazer_nada
148.8,47.9,204.5,5.89,18.2,68.3,59.6,nao_fazer_nada
150.3,47.4,207.0,5.96,18.8,67.2,60.4,nao_fazer_nada
149.0,47.7,200.2,5.92,18.6,66.6,59.3,nao_fazer_nada
150.7,46.4,199.0,6.11,18.5,65.7,61.6,nao_fazer_nada
147.3,47.3,199.4,5.92,18.5,66.5,61.7,nao_fazer_nada
145.5,47.4,200.2,5.99,18.9,65.1,61.8,nao_fazer_nada
146.6,47.1,202.9,5.98,18.6,65.5,60.5,nao_fazer_nada
148.5,45.7,199.8,6.00,19.0,64.4,61.4,nao_fazer_nada
148.0,45.8,198.1,6.02,19.1,64.0,61.3,nao_fazer_nada
147.7,46.3,204.4,6.13,19.3,62.4,62.0,nao_fazer_nada
146.2,45.6,197.6,6.07,19.1,62.7,61.7,nao_fazer_nada
143.8,46.5,201.3,6.14,18.9,61.6,61.2,nao_fazer_nada
144.9,46.1,203.4,5.98,18.9,61.7,61.4,nao_fazer_nada
143.4,46.2,201.7,6.10,19.4,60.2,62.5,nao_fazer_nada
145.8,44.9,196.2,6.09,19.1,60.4,62.9,nao_fazer_nada
143.8,46.1,200.1,5.98,19.4,59.1,63.1,irrigar
144.7,46.3,194.3,6.05,19.1,59.7,61.8,irrigar
144.7,46.2,193.8,6.12,19.7,57.9,63.0,irrigar
145.0,44.5,193.8,5.97,19.3,58.1,63.2,irrigar
144.8,44.8,196.2,5.97,19.4,56.3,62.8,irrigar
144.2,45.3,195.4,6.08,19.4,56.1,62.3,irrigar
142.8,44.3,192.4,6.04,19.2,55.6,64.2,irrigar
140.1,45.1,198.9,6.10,19.6,55.7,62.1,irrigar
144.1,45.2,196.5,6.10,19.6,54.2,62.5,irrigar
143.8,44.0,191.9,6.02,19.9,55.2,64.8,irrigar
140.7,44.9,191.0,6.17,19.8,53.8,64.4,irrigar
143.1,44.0,190.8,6.10,20.2,52.6,64.1,irrigar
142.8,44.9,192.0,5.99,19.9,52.1,63.3,irrigar
137.9,43.4,195.8,6.16,20.2,52.5,63.9,irrigar
140.3,44.4,190.7,6.18,20.4,52.1,64.2,irrigar
139.7,43.7,189.6,6.01,20.0,50.3,63.7,irrigar
140.0,43.8,192.2,5.97,20.1,50.4,64.9,irrigar
137.0,43.9,188.9,6.06,19.8,50.2,65.1,irrigar
137.2,44.3,192.5,6.15,19.9,49.9,64.8,irrigar
136.5,43.9,193.2,6.02,21.0,48.2,66.5,irrigar
138.0,44.3,190.0,6.11,21.4,47.3,68.8,irrigar
138.5,43.7,192.2,6.17,22.5,47.4,71.8,proteger
138.3,43.4,192.5,6.04,23.1,47.2,69.8,proteger
137.7,42.6,191.0,5.96,22.9,47.3,68.6,proteger
135.1,42.7,192.7,6.09,23.6,45.2,67.4,proteger
134.8,43.7,188.5,6.07,23.8,46.0,69.2,proteger
137.6,42.1,191.4,6.16,23.5,44.2,67.9,proteger
136.9,42.7,189.9,6.11,24.1,43.7,67.6,proteger
135.3,42.0,187.4,6.06,24.0,43.7,67.6,proteger
136.4,41.9,189.8,6.10,23.9,43.0,66.3,proteger
136.5,42.4,184.9,6.10,24.5,42.0,65.1,proteger
133.1,42.2,184.3,6.15,24.3,42.4,65.2,proteger
136.4,42.8,187.1,6.19,24.4,40.9,66.4,proteger
134.1,42.6,189.6,6.17,24.4,41.1,64.0,proteger
135.8,42.2,188.2,6.02,24.1,39.8,65.9,proteger
136.3,41.3,187.7,6.05,24.4,40.1,63.6,proteger
134.9,42.6,189.4,6.13,24.3,38.2,64.8,proteger
135.8,42.0,187.4,6.11,24.3,38.2,65.4,proteger
133.5,41.0,183.8,6.18,24.3,37.0,65.2,proteger
135.2,42.4,188.1,6.21,24.7,37.3,64.0,proteger
132.1,41.7,184.8,6.20,24.7,37.0,64.2,proteger
132.1,41.5,185.4,6.14,24.8,36.5,63.1,proteger
134.3,41.8,184.1,6.11,24.6,34.6,64.0,proteger
130.8,41.5,184.3,6.20,25.1,35.2,64.2,proteger
132.5,41.3,180.9,6.02,23.6,33.8,62.4,proteger
133.2,40.9,182.4,6.10,23.3,33.8,63.3,proteger
128.5,40.6,178.8,6.02,23.0,33.6,63.0,proteger
128.6,41.1,180.0,6.07,23.1,32.9,62.7,proteger
130.7,41.6,177.9,6.13,22.7,31.9,63.1,proteger
131.1,41.5,178.3,6.26,22.0,31.4,61.5,irrigar
131.4,40.6,179.0,6.17,21.9,30.6,62.1,irrigar
129.0,41.0,183.6,6.20,21.2,29.6,60.5,irrigar
130.1,40.7,178.0,6.22,21.2,30.0,62.3,irrigar
129.4,40.3,181.6,6.24,21.5,28.7,63.1,irrigar
125.6,40.4,179.3,6.22,21.4,28.6,63.2,irrigar
130.2,39.9,180.8,6.13,21.0,28.0,63.5,irrigar
126.5,39.7,182.2,6.26,21.4,27.9,62.8,irrigar
127.6,39.6,182.0,6.26,21.0,26.6,63.7,irrigar
127.8,39.4,177.3,6.19,20.9,26.6,63.7,irrigar
126.4,39.1,177.1,6.08,21.1,25.5,63.9,irrigar
124.6,40.2,180.0,6.26,21.5,25.4,64.6,irrigar
137.2,43.1,192.5,6.10,21.4,39.5,66.0,irrigar
137.8,43.5,188.6,6.15,21.1,38.7,66.4,irrigar
139.8,43.9,189.3,6.13,21.3,38.0,64.4,irrigar
138.4,43.8,191.0,6.20,21.4,38.4,64.4,irrigar
135.8,42.6,187.8,6.26,20.9,37.2,64.8,irrigar
138.6,43.3,189.5,6.19,21.2,36.1,65.3,irrigar
137.1,43.1,186.3,6.16,21.3,36.5,66.0,irrigar
136.9,42.0,186.7,6.24,20.8,36.2,66.1,irrigar
134.8,42.4,186.6,6.18,20.6,34.7,64.8,irrigar
132.6,42.0,190.4,6.16,20.9,34.9,66.4,irrigar
134.8,42.7,188.3,6.07,20.6,33.9,65.3,irrigar
132.5,42.6,189.3,6.23,21.1,32.8,65.7,irrigar
134.8,41.7,186.7,6.08,20.4,33.0,66.5,irrigar
133.6,42.1,189.8,6.13,21.1,32.4,65.7,irrigar
132.6,42.8,183.7,6.21,20.4,31.7,65.0,irrigar
134.3,42.3,183.1,6.24,21.5,31.3,65.6,irrigar
131.9,41.2,184.5,6.22,21.7,30.7,67.6,irrigar
133.0,41.8,188.2,6.20,22.6,29.8,70.0,proteger
132.1,41.6,187.2,6.30,23.5,29.2,74.1,proteger
132.3,40.9,183.2,6.32,24.0,29.1,73.5,proteger
129.6,41.5,184.0,6.11,24.5,28.2,74.7,proteger
130.2,41.4,183.5,6.20,25.1,27.6,77.9,proteger
131.5,42.0,186.7,6.13,25.9,26.6,78.9,proteger
132.6,40.6,185.2,6.16,25.8,26.2,80.1,proteger
128.9,41.7,179.2,6.10,25.9,25.4,81.5,proteger
130.9,41.1,179.1,6.18,26.2,25.2,81.2,proteger
131.0,40.2,179.3,6.09,26.4,24.7,81.4,proteger
129.2,40.7,178.0,6.28,26.7,24.1,81.1,proteger
129.6,41.2,182.9,6.19,27.7,23.3,83.7,proteger
129.1,39.9,181.5,6.17,27.1,23.1,81.5,proteger
131.3,40.0,184.0,6.20,27.3,22.3,84.0,proteger
126.2,40.1,178.1,6.14,27.8,21.6,83.8,proteger
126.6,39.6,180.4,6.32,28.5,21.2,83.0,proteger
128.8,40.2,180.3,6.22,27.7,20.0,85.0,proteger
128.7,40.1,180.0,6.32,27.6,19.8,86.1,proteger
127.3,40.2,176.6,6.15,28.6,18.6,84.9,proteger
127.7,40.6,179.2,6.24,28.5,18.4,85.0,proteger
125.8,39.2,178.9,6.15,28.2,17.6,86.5,proteger
124.4,39.4,174.7,6.30,28.8,16.9,84.7,proteger
124.3,39.6,174.2,6.17,27.5,16.6,84.3,proteger
126.7,39.5,175.1,6.28,27.5,15.7,82.3,proteger
149.6,47.6,204.8,5.99,18.4,69.4,60.7,nao_fazer_nada
147.0,47.7,205.2,6.11,18.4,68.6,60.0,nao_fazer_nada
150.5,47.6,204.5,6.10,18.6,69.3,59.2,nao_fazer_nada
148.5,47.4,202.2,6.05,18.6,68.7,59.3,nao_fazer_nada
148.9,47.1,202.8,6.12,18.9,67.8,60.4,nao_fazer_nada
147.9,47.6,206.1,6.10,18.6,65.6,60.0,nao_fazer_nada
148.3,46.9,201.5,6.07,18.5,67.3,60.3,nao_fazer_nada
149.8,47.2,203.9,6.12,19.1,65.9,60.1,nao_fazer_nada
144.5,45.8,204.6,6.04,18.6,64.8,59.6,nao_fazer_nada
146.6,46.6,200.5,6.09,18.7,65.2,60.6,nao_fazer_nada
147.4,46.0,201.2,6.05,18.8,65.0,61.6,nao_fazer_nada
144.3,45.8,202.4,5.94,18.6,63.6,62.3,nao_fazer_nada
145.4,46.4,202.3,6.02,18.8,63.7,61.7,nao_fazer_nada
148.5,46.0,200.3,6.01,18.9,61.7,62.0,nao_fazer_nada
146.2,45.2,197.3,5.95,19.2,61.4,62.2,nao_fazer_nada
146.1,46.8,196.9,6.13,19.1,60.3,61.0,nao_fazer_nada
144.4,46.1,200.0,5.92,18.9,59.3,61.2,irrigar
142.3,45.1,202.1,5.93,19.3,60.1,62.6,nao_fazer_nada
145.8,46.5,197.3,6.09,18.9,59.2,62.6,irrigar
141.8,44.7,201.7,6.13,19.4,58.3,61.6,irrigar
146.2,45.9,196.4,5.99,19.7,57.2,63.5,irrigar
141.3,44.6,193.7,6.15,19.5,56.9,61.6,irrigar
143.5,44.6,196.0,6.09,19.7,56.3,63.1,irrigar
144.6,45.5,194.5,6.00,19.9,57.5,62.2,irrigar
140.1,44.4,194.6,5.93,19.5,56.6,64.1,irrigar
142.9,44.9,194.8,5.97,19.8,55.7,62.3,irrigar
144.0,45.0,194.5,6.12,19.9,55.5,64.3,irrigar
139.7,44.0,195.2,5.95,19.6,54.4,62.9,irrigar
139.6,43.9,192.5,6.06,19.8,54.4,64.9,irrigar
143.0,43.9,195.7,6.13,19.9,53.7,63.0,irrigar
139.2,44.3,192.5,6.15,19.6,53.1,64.4,irrigar
141.1,44.3,194.1,6.06,19.9,52.0,64.6,irrigar
142.3,43.7,191.1,6.17,20.2,51.6,64.4,irrigar
137.1,44.5,196.2,6.02,20.1,50.4,63.7,irrigar
141.7,43.2,192.6,6.18,19.9,49.5,64.6,irrigar
141.4,44.0,191.1,6.00,20.4,49.4,64.2,irrigar
139.1,44.7,191.6,6.14,21.2,48.9,68.6,irrigar
140.3,43.6,193.1,6.07,22.0,49.2,68.6,irrigar
137.0,44.4,191.1,6.11,22.8,47.6,71.0,proteger
139.5,43.4,192.3,6.17,23.9,47.8,73.8,proteger
140.0,43.6,194.4,5.97,24.2,46.1,75.3,proteger
139.0,43.4,186.5,5.98,25.0,46.4,77.1,proteger
139.2,42.6,191.2,6.18,25.3,45.8,79.6,proteger
134.2,43.3,186.3,6.15,26.0,44.9,80.1,proteger
133.8,43.3,191.4,6.08,27.0,44.6,81.8,proteger
137.1,42.6,189.9,6.05,26.7,44.4,82.5,proteger
138.0,43.6,186.1,6.10,26.9,43.5,83.5,proteger
133.6,42.8,185.5,6.00,27.7,42.1,84.9,proteger
136.4,42.6,185.1,6.09,28.6,41.6,85.2,proteger
134.8,42.2,185.7,6.18,28.7,41.1,85.6,proteger
132.9,43.2,190.4,6.03,29.0,40.1,87.1,proteger
135.5,42.7,183.9,6.12,28.7,40.9,88.2,proteger
133.2,42.8,188.3,6.06,28.8,39.2,89.2,proteger
136.4,42.3,187.0,6.02,29.3,39.4,88.3,proteger
136.1,42.2,182.8,6.01,29.1,38.8,89.0,proteger
132.9,41.2,187.0,6.09,29.6,37.6,89.9,proteger
133.7,42.0,187.5,6.15,29.6,36.4,88.4,proteger
133.1,41.1,182.9,6.06,29.4,35.6,89.2,proteger
132.4,41.2,180.9,6.05,29.9,35.8,89.0,proteger
132.6,41.2,185.6,6.20,30.5,35.6,89.2,proteger
132.5,41.7,184.4,6.21,29.0,34.3,88.8,proteger
133.0,40.9,180.2,6.15,28.1,33.9,87.3,proteger
130.6,41.0,186.4,6.24,27.5,32.9,83.3,proteger
130.2,40.3,184.1,6.20,27.0,32.6,82.9,proteger
130.1,40.7,182.1,6.09,26.2,31.5,82.8,proteger
131.2,41.5,180.1,6.16,26.2,31.1,81.4,proteger
130.3,40.1,181.4,6.12,25.6,30.0,80.4,proteger
132.2,41.4,178.5,6.10,25.4,29.4,79.3,proteger
130.4,39.8,179.9,6.26,25.3,29.3,75.8,proteger
131.0,41.0,179.9,6.25,24.7,28.4,76.6,proteger
128.5,41.0,181.2,6.17,24.2,28.0,74.7,proteger
127.6,40.7,177.7,6.21,24.1,27.7,75.9,proteger
127.8,40.7,182.6,6.20,23.6,27.3,72.5,proteger
129.1,40.6,181.7,6.17,23.6,26.6,72.0,proteger
125.5,39.5,176.2,6.19,23.4,25.4,72.3,proteger
128.0,39.5,176.4,6.12,23.3,25.5,73.6,proteger
125.9,39.2,177.6,6.20,22.6,24.7,72.5,proteger
127.9,40.2,179.6,6.19,22.2,24.4,72.6,proteger
125.5,40.4,174.2,6.27,22.8,23.4,71.1,proteger
127.8,38.8,179.7,6.04,22.7,23.0,70.4,proteger
127.1,39.6,173.6,6.24,22.4,22.8,71.0,proteger
127.3,38.9,174.0,6.08,22.5,21.5,70.3,proteger
125.5,38.8,172.7,6.29,21.9,21.2,68.9,irrigar
123.3,39.3,178.2,6.16,21.7,21.1,69.8,irrigar
123.9,39.1,174.8,6.28,22.0,20.5,68.7,irrigar
126.6,39.2,177.7,6.26,21.7,19.7,68.4,irrigar
125.0,38.6,173.0,6.16,21.4,19.4,68.1,irrigar
123.6,38.3,175.3,6.30,21.8,18.6,68.6,irrigar
121.3,38.6,171.2,6.15,21.5,18.3,68.3,irrigar
121.1,38.8,173.3,6.20,21.1,17.1,69.1,irrigar
122.5,37.8,169.9,6.22,20.9,16.9,66.8,irrigar
121.7,38.4,171.0,6.26,21.4,16.3,66.2,irrigar
121.9,38.5,170.6,6.21,21.2,15.5,67.8,irrigar
122.6,37.6,169.2,6.16,20.7,15.2,67.9,irrigar
120.2,38.4,174.7,6.08,20.5,14.8,66.6,irrigar
119.7,37.9,170.6,6.21,20.4,13.8,67.6,irrigar
121.7,38.0,168.5,6.17,20.6,13.5,67.4,irrigar
120.1,37.2,168.7,6.08,20.7,13.1,66.6,irrigar
119.0,37.7,170.9,6.31,21.5,12.5,69.7,irrigar
119.2,36.9,167.5,6.16,22.5,11.8,70.7,proteger
119.6,36.7,166.6,6.25,23.6,11.4,73.3,proteger
117.5,37.9,170.9,6.13,23.9,10.7,74.3,proteger
119.1,37.6,168.9,6.19,24.8,10.0,75.0,proteger
117.9,36.9,167.4,6.11,24.8,9.6,75.6,proteger
119.0,37.5,169.9,6.14,25.4,9.0,78.6,proteger
116.8,36.3,165.7,6.28,25.3,8.2,77.5,proteger
117.0,36.4,164.6,6.18,26.3,7.8,78.1,proteger
117.8,36.7,164.1,6.27,26.9,6.9,80.8,proteger
118.0,36.6,169.6,6.26,27.2,6.5,82.1,proteger
118.3,35.8,169.0,6.20,27.2,5.8,82.8,proteger
116.2,36.2,169.4,6.17,27.4,5.3,80.6,proteger
115.9,36.8,166.7,6.13,26.9,4.6,83.0,proteger
151.3,48.3,204.7,5.96,18.6,69.7,60.6,nao_fazer_nada
152.2,47.4,200.8,6.10,18.5,68.8,61.2,nao_fazer_nada
151.1,46.3,207.9,5.93,18.6,68.3,59.8,nao_fazer_nada
150.9,47.0,205.5,6.09,18.4,67.6,61.2,nao_fazer_nada
150.3,47.3,200.2,5.96,18.4,66.4,60.8,nao_fazer_nada
148.2,47.5,206.9,6.08,18.9,67.3,60.2,nao_fazer_nada
145.0,46.9,205.1,5.95,18.4,66.4,60.9,nao_fazer_nada
148.7,46.2,205.7,5.96,18.9,65.3,60.0,nao_fazer_nada
144.9,46.2,204.3,5.94,18.6,65.4,59.7,nao_fazer_nada
144.2,47.0,197.6,6.13,19.0,64.8,60.0,nao_fazer_nada
147.1,47.1,199.7,5.90,19.2,63.6,61.5,nao_fazer_nada
146.7,45.8,199.8,6.03,19.2,63.9,60.1,nao_fazer_nada
144.1,45.5,199.7,5.96,19.0,61.5,60.6,nao_fazer_nada
147.3,46.2,200.8,6.01,18.9,61.9,61.4,nao_fazer_nada
143.5,46.0,202.6,6.09,18.8,60.4,61.5,nao_fazer_nada
145.0,45.5,200.7,5.96,19.1,61.6,61.2,nao_fazer_nada
145.6,46.5,202.3,6.03,18.8,61.2,62.1,nao_fazer_nada
153.8,50.3,208.9,5.96,19.5,74.8,63.1,nao_fazer_nada
157.8,49.6,211.7,5.92,19.4,74.3,61.8,nao_fazer_nada
154.3,50.4,209.0,6.14,19.1,73.6,62.3,nao_fazer_nada
155.6,48.9,208.4,6.01,19.1,74.5,62.6,nao_fazer_nada
153.9,48.4,207.3,6.12,19.6,71.4,61.9,nao_fazer_nada
157.9,49.3,213.4,6.00,19.4,72.6,61.9,nao_fazer_nada
154.4,49.0,212.4,6.17,19.2,71.0,63.3,nao_fazer_nada
156.7,50.0,208.7,5.96,19.9,70.6,62.8,nao_fazer_nada
155.8,48.3,206.1,5.96,19.7,70.3,63.5,nao_fazer_nada
156.1,48.0,209.5,6.14,19.5,70.6,63.6,nao_fazer_nada
151.8,48.9,208.0,6.03,19.8,68.8,64.1,nao_fazer_nada
154.4,49.2,205.5,5.95,19.5,69.1,62.8,nao_fazer_nada
155.8,49.0,204.6,5.95,19.8,69.5,64.1,nao_fazer_nada
153.5,48.2,208.3,6.00,20.2,68.6,64.2,nao_fazer_nada
152.9,48.2,211.2,6.01,20.2,67.3,63.5,nao_fazer_nada
152.4,47.5,209.7,6.14,20.4,66.0,63.9,nao_fazer_nada
153.0,47.6,204.5,6.05,20.4,64.8,63.5,nao_fazer_nada
150.8,47.4,208.9,5.98,19.9,64.4,65.1,nao_fazer_nada
150.4,48.4,209.8,6.14,20.0,64.2,65.5,nao_fazer_nada
152.7,48.3,207.9,6.01,20.2,62.0,65.8,nao_fazer_nada
151.5,47.6,209.7,6.10,20.7,61.6,65.8,nao_fazer_nada
151.5,47.6,204.3,6.06,20.8,61.1,66.1,nao_fazer_nada
150.7,47.5,208.4,6.14,20.5,59.4,64.6,irrigar
150.4,46.9,202.3,6.17,20.6,59.6,66.7,irrigar
161.9,51.7,221.6,6.00,20.5,72.8,65.0,nao_fazer_nada
158.8,50.2,221.0,5.99,20.8,71.5,64.7,nao_fazer_nada
163.1,50.6,217.2,5.97,20.3,70.9,66.8,nao_fazer_nada
160.3,50.6,221.5,6.18,20.6,69.3,65.0,nao_fazer_nada
162.1,51.7,218.1,6.15,20.9,69.4,66.3,nao_fazer_nada
161.2,50.6,217.1,6.09,20.8,67.9,66.5,nao_fazer_nada
158.6,50.9,215.7,6.02,20.6,66.8,65.6,nao_fazer_nada
159.8,50.3,219.2,6.16,21.2,65.8,66.0,nao_fazer_nada
161.8,50.9,214.5,6.13,20.6,65.6,67.9,nao_fazer_nada
159.2,49.7,215.1,5.98,20.9,64.2,67.4,nao_fazer_nada
158.7,49.8,216.9,6.20,21.2,62.5,66.0,nao_fazer_nada
160.8,50.8,216.0,6.02,20.7,62.2,67.0,nao_fazer_nada
160.2,49.3,214.9,6.05,21.0,62.8,66.0,nao_fazer_nada
160.2,50.0,212.0,6.16,21.3,60.7,67.8,nao_fazer_nada
159.4,50.5,214.5,6.10,21.2,59.9,67.2,irrigar
159.6,50.2,214.7,6.11,21.2,58.4,67.2,irrigar
158.9,50.6,215.5,6.24,20.7,57.3,67.1,irrigar
155.3,48.9,210.8,6.08,20.7,57.6,68.6,irrigar
168.7,54.4,225.5,6.15,21.3,71.9,66.2,nao_fazer_nada
169.4,53.6,224.4,6.07,21.5,72.3,67.8,nao_fazer_nada
170.6,54.1,226.3,6.22,21.1,71.2,66.7,travar_irrigacao
170.2,53.3,227.8,6.13,21.0,71.0,68.4,nao_fazer_nada
169.0,52.2,224.3,6.24,20.8,68.7,67.0,travar_irrigacao
166.4,52.3,228.7,6.03,21.6,68.9,67.3,nao_fazer_nada
166.9,51.9,220.5,6.03,21.2,68.4,67.6,nao_fazer_nada
164.5,53.5,226.3,6.24,20.9,67.9,67.2,travar_irrigacao
168.8,51.8,226.8,6.04,20.9,67.8,68.3,nao_fazer_nada
164.4,52.6,221.2,6.20,20.9,66.4,66.7,nao_fazer_nada
165.6,51.8,225.0,6.18,21.0,65.1,68.2,nao_fazer_nada
166.8,51.7,220.0,6.26,21.6,65.9,66.4,travar_irrigacao
162.4,51.6,224.8,6.09,21.3,65.1,68.3,nao_fazer_nada
163.0,53.0,217.8,6.19,21.5,63.9,67.1,nao_fazer_nada
161.0,52.0,222.0,6.26,20.9,64.0,67.3,travar_irrigacao
163.4,51.9,216.7,6.22,21.5,62.5,67.7,travar_irrigacao
163.6,51.4,223.7,6.24,21.3,62.8,67.3,travar_irrigacao
162.4,52.2,223.5,6.09,21.4,63.0,66.8,nao_fazer_nada
164.0,50.8,222.5,6.07,21.4,62.3,66.8,nao_fazer_nada
164.5,52.3,221.7,6.26,21.5,61.7,67.3,travar_irrigacao
161.7,51.2,215.4,6.21,21.5,59.9,66.6,irrigar
159.3,52.0,217.4,6.18,21.1,59.4,67.8,irrigar
163.8,51.3,217.1,6.20,20.8,59.0,67.6,irrigar
164.2,50.6,221.2,6.19,20.9,57.9,67.0,irrigar
171.8,55.6,232.1,6.25,21.2,72.5,66.6,travar_irrigacao
170.0,54.4,228.4,6.22,21.0,73.4,66.4,travar_irrigacao
173.9,55.0,229.0,6.11,21.3,72.8,65.9,nao_fazer_nada
169.3,54.4,227.5,6.28,20.6,70.8,67.0,travar_irrigacao
168.5,55.7,230.1,6.11,21.2,70.0,66.2,nao_fazer_nada
168.1,53.8,231.7,6.09,21.2,71.4,66.1,nao_fazer_nada
167.2,55.5,227.4,6.07,20.6,69.4,66.9,nao_fazer_nada
167.3,53.3,228.4,6.08,20.9,68.3,67.3,nao_fazer_nada
168.9,55.1,227.8,6.10,20.5,69.3,67.0,nao_fazer_nada
169.4,54.2,229.5,5.94,20.4,68.6,67.0,nao_fazer_nada
166.6,53.0,227.6,6.11,21.0,67.8,67.2,nao_fazer_nada
166.9,54.9,224.0,6.04,20.4,67.9,65.1,nao_fazer_nada
151.5,47.0,208.6,5.91,18.5,68.1,59.7,nao_fazer_nada
146.5,46.9,202.8,6.05,18.2,67.9,60.9,nao_fazer_nada
149.2,47.3,204.8,5.94,18.7,67.8,60.2,nao_fazer_nada
150.0,47.6,207.0,5.98,18.6,67.4,60.8,nao_fazer_nada
146.7,46.4,199.4,5.89,18.6,66.1,60.2,nao_fazer_nada
147.8,46.3,204.0,6.02,18.4,65.7,59.6,nao_fazer_nada
150.2,47.0,201.9,6.00,18.3,65.2,59.4,nao_fazer_nada
147.1,45.9,204.6,6.02,18.5,66.3,61.3,nao_fazer_nada
146.6,46.3,204.8,6.04,18.7,65.9,59.6,nao_fazer_nada
145.3,45.6,197.7,5.94,18.9,65.3,61.0,nao_fazer_nada
148.9,46.9,205.0,5.98,19.0,63.1,60.2,nao_fazer_nada
147.6,46.0,201.3,6.10,18.7,64.2,60.2,nao_fazer_nada
146.6,45.7,201.7,5.97,19.0,61.9,61.4,nao_fazer_nada
144.7,45.4,199.5,6.11,18.6,62.8,61.5,nao_fazer_nada
147.6,46.1,202.8,6.13,19.2,60.8,61.0,nao_fazer_nada
147.0,46.8,202.7,6.05,18.8,61.4,62.1,nao_fazer_nada
143.0,45.5,200.4,6.11,19.0,60.3,61.1,nao_fazer_nada
141.7,45.2,195.8,5.95,19.3,60.8,62.9,nao_fazer_nada
147.0,45.3,199.2,6.00,19.2,59.8,61.3,irrigar
144.3,45.3,194.7,5.95,19.7,57.9,61.9,irrigar
145.5,46.1,201.2,6.02,19.2,58.9,61.6,irrigar
144.2,44.8,195.2,6.14,19.7,56.9,61.7,irrigar
145.5,45.7,196.0,6.07,19.1,56.7,61.9,irrigar
157.0,48.9,207.5,5.93,19.9,70.4,61.9,nao_fazer_nada
155.3,48.4,213.6,5.97,19.3,70.9,63.8,nao_fazer_nada
154.0,48.9,209.5,5.99,19.8,71.3,64.1,nao_fazer_nada
156.5,49.4,205.4,5.98,20.1,71.2,64.8,nao_fazer_nada
156.5,48.8,205.1,6.06,20.1,69.2,64.1,nao_fazer_nada
154.0,49.0,212.8,5.95,19.6,69.4,63.1,nao_fazer_nada
153.8,49.1,207.4,6.00,19.8,69.3,63.8,nao_fazer_nada
150.3,48.0,204.0,6.09,19.8,68.3,64.0,nao_fazer_nada
151.4,48.2,207.0,6.01,19.6,66.4,64.8,nao_fazer_nada
151.6,48.8,204.0,6.07,20.3,67.3,65.0,nao_fazer_nada
153.2,48.6,209.4,5.99,20.3,65.7,64.5,nao_fazer_nada
152.7,47.2,209.2,6.05,20.3,65.9,65.2,nao_fazer_nada
151.2,47.4,205.2,6.06,20.2,63.6,64.6,nao_fazer_nada
149.9,47.6,205.2,5.98,20.3,65.3,63.9,nao_fazer_nada
145.6,48.5,204.9,6.01,20.0,62.8,64.9,nao_fazer_nada
144.1,47.1,207.1,5.81,20.6,62.2,66.1,nao_fazer_nada
145.3,46.9,203.5,5.92,20.4,63.3,66.6,nao_fazer_nada
145.4,47.3,206.5,5.94,20.5,61.5,64.8,nao_fazer_nada
141.4,47.4,203.9,5.77,20.5,62.6,65.9,travar_irrigacao
138.9,47.8,201.1,5.81,20.3,61.3,64.9,nao_fazer_nada
141.8,46.3,206.7,5.67,20.8,59.4,67.3,irrigar
137.3,46.2,206.4,5.80,20.9,58.8,66.4,irrigar
137.9,46.3,202.5,5.69,20.4,59.9,65.3,irrigar
138.5,47.7,202.8,5.75,20.6,59.1,67.5,irrigar
146.8,50.6,217.6,5.71,20.6,72.6,65.6,travar_irrigacao
146.4,51.1,219.0,5.73,20.4,72.3,65.6,travar_irrigacao
144.0,49.6,212.7,5.69,20.8,72.1,67.4,travar_irrigacao
144.4,51.4,217.9,5.52,21.2,70.8,67.2,travar_irrigacao
144.4,50.9,213.1,5.62,21.2,70.7,66.7,travar_irrigacao
143.5,49.4,213.0,5.49,20.8,70.0,66.6,travar_irrigacao
142.0,50.0,213.4,5.53,20.6,68.4,66.3,travar_irrigacao
142.1,50.3,210.3,5.53,21.4,69.1,66.1,travar_irrigacao
141.5,49.9,212.9,5.36,21.3,68.5,66.2,travar_irrigacao
135.9,50.8,211.4,5.39,20.9,66.9,68.3,travar_irrigacao
136.2,49.9,212.9,5.50,21.0,68.0,67.3,travar_irrigacao
136.0,49.9,213.8,5.47,21.5,66.8,66.1,travar_irrigacao
136.7,48.7,210.4,5.70,21.3,53.5,67.3,irrigar
137.1,50.1,210.9,5.80,20.8,54.7,66.5,irrigar
136.5,49.4,210.8,5.77,21.4,53.1,66.7,irrigar
134.7,48.7,207.3,5.71,21.6,52.6,66.4,irrigar
134.1,49.6,213.4,5.77,21.3,52.4,67.8,irrigar
135.4,49.1,213.6,5.74,21.2,50.8,68.7,irrigar
133.0,48.2,209.6,5.73,21.6,50.9,68.9,irrigar
133.1,49.7,213.0,5.65,21.1,51.0,67.0,irrigar
133.3,47.8,205.9,5.64,21.4,50.7,66.7,irrigar
133.2,47.7,210.0,5.79,20.8,48.5,67.1,irrigar
131.6,48.8,207.3,5.73,21.6,48.4,66.9,irrigar
134.1,49.2,207.3,5.77,20.8,49.0,66.5,irrigar
143.3,52.9,222.2,5.64,21.4,63.9,68.2,travar_irrigacao
143.9,52.9,221.4,5.62,21.0,61.8,67.8,travar_irrigacao
146.7,51.3,221.7,5.74,21.5,62.5,68.4,travar_irrigacao
141.8,52.9,223.4,5.63,21.6,62.0,67.2,travar_irrigacao
145.5,50.9,217.9,5.78,21.2,61.2,66.3,travar_irrigacao
145.4,52.1,221.7,5.81,21.2,60.2,68.3,nao_fazer_nada
143.2,51.8,221.6,5.64,20.8,58.8,68.7,irrigar
143.8,51.1,215.5,5.71,21.1,58.3,68.1,irrigar
140.6,52.5,218.9,5.64,20.8,59.1,67.5,irrigar
141.3,52.3,219.4,5.66,21.0,58.0,68.3,irrigar
143.0,52.2,215.8,5.79,21.3,56.5,68.0,irrigar
144.1,50.6,215.6,5.81,20.7,57.4,67.7,irrigar
154.8,55.5,227.2,5.64,21.0,71.8,66.0,travar_irrigacao
154.6,55.1,228.5,5.80,20.8,70.6,67.6,travar_irrigacao
155.6,54.9,233.8,5.84,21.4,69.4,67.8,nao_fazer_nada
149.9,53.9,232.5,5.79,20.7,70.1,67.8,travar_irrigacao
153.2,54.4,234.3,5.70,21.1,68.4,67.8,travar_irrigacao
152.1,54.2,228.6,5.73,20.9,68.2,66.4,travar_irrigacao
151.2,53.9,229.6,5.80,20.5,67.9,66.8,travar_irrigacao
149.8,53.6,229.1,5.80,20.8,65.8,66.1,travar_irrigacao
150.7,53.6,229.0,5.82,20.5,66.7,65.4,nao_fazer_nada
148.3,53.6,225.7,5.84,20.9,66.5,67.7,nao_fazer_nada
149.7,53.2,227.2,5.65,21.1,65.1,65.4,travar_irrigacao
148.1,53.8,230.9,5.62,20.8,64.7,65.0,travar_irrigacao
148.8,53.5,225.6,5.99,20.5,52.8,65.7,irrigar
145.6,54.8,225.3,6.05,20.4,51.1,65.3,irrigar
146.6,52.9,228.5,5.91,20.8,51.7,65.3,irrigar
143.9,52.8,225.9,5.90,20.4,50.3,66.3,irrigar
145.8,53.1,229.3,5.75,20.5,50.0,66.6,irrigar
140.9,54.1,228.0,5.73,19.9,49.8,65.9,irrigar
138.1,54.1,222.3,5.85,20.1,47.9,66.0,irrigar
140.3,53.5,221.9,5.84,20.0,47.5,65.1,irrigar
137.5,53.2,225.1,5.68,20.4,47.9,63.6,irrigar
137.2,52.5,227.5,5.77,20.1,46.6,64.9,irrigar
137.7,51.9,222.6,5.65,20.2,46.6,64.6,irrigar
136.7,52.0,228.0,5.61,20.4,46.3,64.3,irrigar
151.0,48.1,201.9,5.92,18.5,68.6,60.2,nao_fazer_nada
146.6,47.7,206.2,5.98,18.3,69.5,61.1,nao_fazer_nada
146.9,47.8,207.7,5.95,18.5,68.6,60.1,nao_fazer_nada
148.2,46.7,202.9,5.97,18.8,66.5,60.0,nao_fazer_nada
150.0,46.2,202.0,5.97,18.7,67.0,60.2,nao_fazer_nada
148.2,47.0,199.4,6.05,18.4,66.4,59.5,nao_fazer_nada
147.3,45.9,205.0,5.91,18.8,65.0,61.2,nao_fazer_nada
145.0,45.8,199.7,5.97,19.0,65.2,59.4,nao_fazer_nada
145.2,46.1,199.6,6.09,18.8,65.0,59.9,nao_fazer_nada
147.5,46.8,204.2,6.00,18.7,64.1,61.4,nao_fazer_nada
147.6,45.6,201.5,5.99,19.2,63.0,61.3,nao_fazer_nada
144.0,46.1,198.7,5.97,19.0,62.3,61.8,nao_fazer_nada
147.6,45.6,201.6,5.98,18.9,63.3,60.9,nao_fazer_nada
146.2,46.6,202.3,5.92,18.8,61.9,61.1,nao_fazer_nada
148.1,46.2,202.6,6.12,19.1,61.9,62.4,nao_fazer_nada
146.7,45.3,201.7,6.13,19.2,62.1,61.9,nao_fazer_nada
147.4,46.2,196.2,5.99,19.3,61.1,61.2,nao_fazer_nada
144.0,44.9,197.3,6.10,19.3,60.7,61.4,nao_fazer_nada
144.0,45.0,197.1,6.01,19.4,59.3,61.3,irrigar
142.8,44.7,198.2,5.93,19.4,59.9,62.9,irrigar
146.5,45.3,195.1,5.94,19.4,58.8,62.0,irrigar
142.7,44.7,194.5,5.99,19.6,58.2,62.1,irrigar
145.2,45.1,193.7,5.94,19.5,58.2,63.8,irrigar
152.2,49.0,211.0,5.99,19.5,70.3,63.3,nao_fazer_nada
157.1,49.9,209.3,6.11,19.3,72.0,64.3,nao_fazer_nada
155.9,49.1,211.2,6.00,19.5,70.6,64.6,nao_fazer_nada
155.9,49.7,206.8,6.09,19.4,69.5,64.6,nao_fazer_nada
153.9,48.2,209.4,6.17,19.7,69.4,63.5,nao_fazer_nada
150.7,49.1,210.9,5.96,19.7,69.9,63.7,nao_fazer_nada
152.6,49.0,206.5,6.18,19.6,67.6,63.3,nao_fazer_nada
151.5,47.8,207.6,6.06,20.1,68.4,62.9,nao_fazer_nada
150.9,48.4,211.0,5.95,19.7,65.8,63.6,nao_fazer_nada
154.0,47.3,203.8,6.08,19.9,67.7,63.4,nao_fazer_nada
154.8,47.9,206.2,6.10,19.9,67.0,63.4,nao_fazer_nada
154.3,48.5,204.6,6.03,20.3,66.0,64.6,nao_fazer_nada
149.4,47.7,204.0,6.16,20.0,65.9,64.9,nao_fazer_nada
152.1,46.9,207.8,6.03,20.1,64.0,64.9,nao_fazer_nada
148.1,47.5,206.2,6.09,20.1,63.3,66.5,nao_fazer_nada
148.9,47.5,206.0,5.91,20.5,63.0,66.1,nao_fazer_nada
145.7,48.4,207.4,6.01,20.6,63.5,65.4,nao_fazer_nada
146.1,47.7,203.0,6.04,20.4,62.1,66.1,nao_fazer_nada
145.9,47.3,200.6,5.95,20.3,60.5,65.3,nao_fazer_nada
144.9,47.4,203.8,5.99,20.9,60.8,67.2,nao_fazer_nada
145.3,46.3,206.6,5.78,20.8,60.6,65.6,travar_irrigacao
139.6,47.4,202.9,5.94,20.6,59.6,66.7,irrigar
139.8,47.1,204.0,5.75,20.7,59.5,65.7,irrigar
138.5,47.0,200.8,5.86,20.6,58.8,67.0,irrigar
148.3,50.2,215.3,5.68,21.0,73.3,66.4,travar_irrigacao
146.6,49.8,217.8,5.83,20.6,72.2,66.3,nao_fazer_nada
150.0,51.5,219.7,5.66,20.6,72.4,66.1,travar_irrigacao
147.7,50.2,217.0,5.75,20.6,71.7,68.2,travar_irrigacao
148.5,51.2,213.4,5.67,21.0,70.0,65.8,travar_irrigacao
145.7,50.6,215.9,5.69,20.7,71.3,66.9,travar_irrigacao
142.6,50.2,211.5,5.61,21.3,69.9,66.7,travar_irrigacao
141.1,49.2,212.3,5.47,21.1,70.2,68.1,travar_irrigacao
139.6,49.5,216.2,5.51,20.7,69.1,68.6,travar_irrigacao
139.2,48.8,215.6,5.39,21.4,67.4,66.7,travar_irrigacao
138.3,50.6,212.9,5.39,21.2,68.4,66.1,travar_irrigacao
136.4,49.3,216.2,5.46,20.8,65.7,66.5,travar_irrigacao
135.7,49.9,214.1,5.43,21.5,67.6,68.0,travar_irrigacao
134.8,50.2,215.4,5.46,20.7,66.1,68.1,travar_irrigacao
136.3,48.9,209.1,5.43,21.0,64.4,67.2,travar_irrigacao
134.6,49.0,212.5,5.36,21.1,65.9,68.3,travar_irrigacao
133.4,48.6,210.4,5.42,21.5,63.5,68.1,travar_irrigacao
134.8,49.7,212.8,5.33,20.9,64.8,68.4,travar_irrigacao
135.4,48.5,212.7,5.48,21.4,63.3,68.2,travar_irrigacao
135.8,48.8,209.3,5.48,21.0,63.3,68.5,travar_irrigacao
134.7,48.5,208.8,5.51,21.0,61.8,67.9,travar_irrigacao
132.6,47.8,205.4,5.49,21.6,62.1,68.0,travar_irrigacao
131.2,47.9,207.2,5.34,20.8,61.6,68.0,travar_irrigacao
135.5,48.5,204.9,5.46,21.5,59.9,67.2,irrigar
142.5,52.2,222.4,5.48,21.4,74.0,67.9,travar_irrigacao
144.3,51.7,222.9,5.48,21.2,72.8,67.8,travar_irrigacao
146.2,52.3,224.1,5.48,21.0,73.1,67.3,travar_irrigacao
146.0,51.4,224.7,5.44,20.9,74.0,68.9,travar_irrigacao
145.9,52.2,220.5,5.47,21.1,72.6,67.0,travar_irrigacao
145.3,52.3,216.6,5.46,21.2,72.7,68.0,travar_irrigacao
145.6,50.9,218.0,5.50,21.1,72.2,67.9,travar_irrigacao
145.6,52.0,222.8,5.41,21.3,71.8,66.8,travar_irrigacao
142.8,52.4,216.0,5.42,20.9,69.4,67.2,travar_irrigacao
142.2,51.6,215.1,5.38,21.2,68.8,68.7,travar_irrigacao
140.9,51.1,218.2,5.44,21.0,68.6,68.6,travar_irrigacao
143.7,50.5,221.8,5.46,20.9,69.9,67.9,travar_irrigacao
140.5,51.5,220.8,5.54,21.2,68.6,67.5,travar_irrigacao
142.4,50.8,219.8,5.53,21.3,66.4,68.0,travar_irrigacao
139.5,51.4,218.2,5.56,21.4,66.6,68.4,travar_irrigacao
139.0,51.3,213.7,5.43,20.9,65.4,66.0,travar_irrigacao
139.7,51.6,213.4,5.44,20.5,64.9,67.5,travar_irrigacao
141.5,51.2,216.1,5.46,20.7,64.4,65.6,travar_irrigacao
138.2,49.7,218.1,5.52,21.0,63.8,66.8,travar_irrigacao
139.0,51.1,214.5,5.38,20.5,63.6,65.9,travar_irrigacao
137.4,50.1,215.4,5.43,22.0,64.3,69.8,proteger
140.6,50.8,212.1,5.38,22.2,64.0,69.8,proteger
139.2,49.7,210.9,5.40,23.2,62.5,71.4,proteger
138.5,49.8,215.5,5.50,24.4,60.8,75.2,proteger
138.6,50.1,211.2,5.52,24.1,60.1,75.9,proteger
138.3,50.4,212.6,5.54,24.7,60.6,72.9,proteger
139.9,49.2,212.8,5.54,24.9,61.2,73.9,proteger
139.2,48.9,215.6,5.59,24.0,58.5,72.0,proteger
136.2,49.4,211.4,5.51,24.1,58.2,70.2,proteger
137.1,50.3,214.0,5.39,24.3,58.4,68.7,proteger
135.1,50.3,215.2,5.48,24.0,58.1,68.0,proteger
133.9,50.2,210.9,5.58,23.8,56.4,67.9,proteger
134.2,49.3,212.8,5.46,24.2,55.5,67.0,proteger
137.9,49.9,213.2,5.50,24.3,56.7,65.8,proteger
135.7,49.6,206.3,5.59,23.7,55.4,65.7,proteger
133.6,48.5,206.3,5.53,23.6,54.1,65.6,proteger
133.6,49.0,207.7,5.47,24.1,53.1,64.2,proteger
134.8,48.6,205.6,5.51,24.2,54.1,64.9,proteger
135.0,47.8,209.9,5.42,23.9,52.5,63.2,proteger
133.0,49.0,208.2,5.53,24.1,53.4,64.4,proteger
134.5,49.0,208.0,5.59,23.3,51.3,62.3,proteger
134.5,47.2,204.8,5.50,23.5,52.2,62.0,proteger
130.1,47.2,210.2,5.53,23.7,50.2,63.5,proteger
133.4,47.7,205.7,5.45,23.9,49.8,63.0,proteger
133.1,48.2,202.7,5.48,23.4,49.9,61.3,proteger
133.4,46.9,208.0,5.51,22.2,48.8,62.6,proteger
128.8,46.8,202.1,5.44,21.9,47.4,62.6,irrigar
132.2,46.7,207.1,5.46,21.4,47.1,61.6,irrigar
144.0,51.4,218.6,5.43,21.5,62.0,62.2,travar_irrigacao
148.4,47.5,201.9,6.06,18.2,69.2,60.0,nao_fazer_nada
150.5,47.6,203.1,6.00,18.4,69.0,59.4,nao_fazer_nada
148.4,46.3,203.9,6.05,18.7,69.3,60.1,nao_fazer_nada
148.6,47.5,206.9,5.97,18.7,68.8,59.8,nao_fazer_nada
151.4,47.3,205.8,5.92,18.9,66.6,61.0,nao_fazer_nada
148.9,47.5,199.6,6.09,18.4,66.2,59.2,nao_fazer_nada
146.7,47.5,203.2,5.90,18.8,65.1,60.3,nao_fazer_nada
145.7,46.6,199.8,6.03,18.7,65.2,60.0,nao_fazer_nada
146.1,46.8,204.3,6.08,18.6,64.9,59.8,nao_fazer_nada
148.5,46.7,199.3,6.00,18.7,63.3,61.7,nao_fazer_nada
148.0,45.7,200.7,5.92,19.2,63.6,59.8,nao_fazer_nada
146.6,46.1,197.0,5.98,18.7,63.8,60.5,nao_fazer_nada
148.3,46.2,202.2,5.94,18.8,62.4,61.3,nao_fazer_nada
144.3,45.3,198.7,6.09,18.7,62.9,61.8,nao_fazer_nada
145.2,45.8,200.9,6.05,19.2,62.8,60.8,nao_fazer_nada
144.7,45.4,195.4,6.00,18.8,62.0,62.3,nao_fazer_nada
146.4,45.3,198.6,6.01,19.5,61.0,60.6,nao_fazer_nada
143.2,45.0,198.7,6.01,18.8,59.9,60.9,irrigar
143.2,46.1,195.4,6.04,19.2,60.0,61.6,nao_fazer_nada
144.6,45.0,198.0,6.02,19.5,59.0,62.2,irrigar
141.9,44.8,194.2,6.16,19.7,57.7,61.5,irrigar
142.4,44.6,194.9,6.07,19.4,57.1,62.4,irrigar
143.4,45.9,193.1,6.04,19.4,57.0,63.9,irrigar
144.2,45.8,194.5,6.14,19.5,57.3,63.2,irrigar
141.9,44.6,193.5,6.00,20.0,56.9,62.6,irrigar
142.1,44.5,198.0,6.00,19.7,55.9,62.5,irrigar
144.7,45.4,195.1,6.02,19.9,54.1,63.7,irrigar
143.5,44.3,192.4,6.07,19.5,54.8,62.6,irrigar
142.3,44.2,192.3,6.04,19.8,53.0,62.7,irrigar
139.8,45.0,191.0,6.08,19.6,52.3,62.8,irrigar
140.0,44.1,194.9,6.13,19.7,51.3,63.7,irrigar
138.8,43.6,191.8,6.12,19.9,49.8,64.3,irrigar
142.6,44.2,195.2,5.96,20.1,49.4,63.6,irrigar
142.5,44.4,193.8,6.08,19.9,48.4,64.7,irrigar
137.9,44.7,193.1,5.99,20.5,46.8,64.1,irrigar
137.6,43.4,190.1,6.19,19.9,46.7,64.3,irrigar
138.2,43.9,189.1,6.18,20.3,44.5,66.3,irrigar
137.7,43.5,194.2,6.08,20.0,43.5,65.6,irrigar
137.2,43.3,191.2,6.13,20.7,43.4,65.0,irrigar
151.5,46.6,201.5,6.08,20.3,57.1,65.2,irrigar
149.4,48.3,206.6,6.07,20.6,55.2,66.2,irrigar
146.9,47.0,203.2,6.14,20.9,56.0,65.1,irrigar
150.6,46.6,203.6,6.17,20.5,53.8,66.8,irrigar
147.0,47.3,199.6,6.04,20.2,53.9,66.8,irrigar
148.7,46.5,202.8,6.07,21.0,53.2,66.6,irrigar
145.7,47.2,199.9,6.10,20.6,51.9,66.8,irrigar
146.8,47.6,200.0,6.05,20.6,50.8,65.9,irrigar
145.7,46.9,203.0,6.10,20.6,50.1,66.5,irrigar
149.2,47.4,205.2,6.11,20.9,48.8,65.7,irrigar
146.9,45.7,203.6,6.11,20.9,47.4,66.5,irrigar
145.3,46.2,200.8,6.21,20.7,47.5,65.7,irrigar
145.2,45.9,204.1,6.13,21.1,46.7,66.2,irrigar
144.4,45.6,198.7,6.19,21.0,45.5,68.1,irrigar
145.7,46.7,202.2,6.12,20.9,45.9,67.6,irrigar
145.2,46.4,199.6,6.14,20.7,44.2,68.1,irrigar
147.9,46.7,200.7,5.99,21.2,43.7,67.5,irrigar
143.2,45.5,199.8,6.06,20.8,44.2,66.7,irrigar
147.4,45.8,196.9,6.11,21.3,43.0,68.2,irrigar
142.1,46.4,196.2,6.07,21.4,41.7,68.0,irrigar
141.9,46.3,194.4,6.12,20.9,42.4,68.8,irrigar
143.8,45.5,196.4,6.10,20.9,41.2,66.6,irrigar
143.3,45.1,201.1,6.23,21.4,41.4,67.5,irrigar
141.0,45.0,194.3,6.03,21.0,40.4,67.3,irrigar
141.2,45.3,197.6,6.12,21.5,39.3,68.7,irrigar
144.4,45.5,198.7,6.15,21.3,39.2,66.8,irrigar
144.8,44.0,198.7,6.07,20.9,38.5,67.8,irrigar
144.6,45.2,197.8,6.14,21.2,37.1,67.9,irrigar
140.9,44.3,193.9,6.04,20.9,38.0,68.2,irrigar
140.5,45.1,198.2,6.15,21.0,36.2,68.0,irrigar
140.0,44.2,192.8,6.16,21.1,36.2,67.4,irrigar
143.0,45.1,193.1,6.02,21.1,35.4,66.9,irrigar
141.1,44.2,191.7,6.08,21.3,35.5,67.5,irrigar
138.1,44.1,195.0,6.14,21.4,35.0,67.4,irrigar
137.0,44.9,192.7,6.18,21.0,33.7,68.8,irrigar
137.5,44.7,193.6,6.18,21.1,34.0,68.8,irrigar
140.4,43.8,191.5,6.08,21.4,32.6,66.3,irrigar
141.6,43.6,192.8,6.27,21.1,32.2,66.5,irrigar
137.0,42.9,193.0,6.06,21.2,31.8,67.2,irrigar
140.0,43.2,189.5,6.04,21.1,30.8,66.2,irrigar
148.9,48.0,204.8,6.11,21.2,45.5,68.7,irrigar
151.3,46.6,203.4,6.20,21.2,45.4,66.6,irrigar
151.8,46.8,205.0,6.19,21.0,44.3,67.2,irrigar
151.3,47.7,204.5,6.25,20.9,44.4,66.9,irrigar
148.5,47.1,204.0,6.22,20.7,43.9,67.6,irrigar
146.8,47.7,203.8,6.23,20.7,43.0,67.8,irrigar
145.7,47.0,204.2,6.22,21.2,42.8,65.9,irrigar
145.1,46.1,204.1,6.24,20.7,42.3,64.5,irrigar
147.3,45.8,202.6,6.25,20.6,41.5,62.7,irrigar
148.0,47.4,198.9,6.18,20.1,41.9,58.0,irrigar
148.4,46.4,198.6,6.23,19.8,41.6,57.3,irrigar
148.5,47.2,199.8,6.24,19.7,42.0,54.3,irrigar
144.0,47.1,203.9,6.20,18.9,42.9,52.5,irrigar
143.3,46.5,202.6,6.23,18.6,41.6,48.7,irrigar
143.6,46.0,197.9,6.13,18.9,43.1,47.0,irrigar
146.4,45.8,199.0,6.15,18.7,42.5,46.5,irrigar
147.8,45.2,199.3,6.25,18.0,42.8,44.3,irrigar
147.8,46.6,198.5,6.13,17.8,42.3,42.2,irrigar
145.3,45.5,202.3,6.28,17.8,42.3,41.7,irrigar
143.4,46.2,197.8,6.16,17.7,41.8,41.0,irrigar
142.5,45.2,201.6,6.11,17.7,42.3,39.8,irrigar
144.1,44.9,195.8,6.21,17.3,42.9,38.5,irrigar
144.2,44.6,194.5,6.10,17.1,42.9,37.8,irrigar
144.8,46.1,197.5,6.19,17.1,42.9,36.6,irrigar
141.0,45.4,199.5,6.21,17.0,42.1,35.6,irrigar
141.7,44.9,197.5,6.28,17.0,43.0,34.5,irrigar
140.9,45.0,195.5,6.29,16.9,42.9,34.1,irrigar
140.6,44.6,198.0,6.19,16.4,42.9,33.7,irrigar
143.1,44.9,197.8,6.23,16.1,42.2,33.2,irrigar
143.1,45.4,192.6,6.31,16.5,43.2,32.6,irrigar
142.0,44.4,198.1,6.11,16.1,43.3,32.8,irrigar
141.4,45.2,194.8,6.21,16.6,42.2,33.0,irrigar
139.2,44.7,190.4,6.11,16.7,42.6,35.6,irrigar
140.9,45.0,195.0,6.22,16.7,40.7,38.6,irrigar
138.6,44.9,195.0,6.28,17.2,41.3,40.7,irrigar
139.9,43.5,194.9,6.18,17.0,40.8,43.5,irrigar
137.3,44.0,189.2,6.22,17.3,39.4,43.7,irrigar
136.7,44.1,189.8,6.18,17.7,39.7,46.3,irrigar
136.1,43.2,192.6,6.11,17.9,38.0,46.5,irrigar
140.5,43.1,190.4,6.11,17.6,38.7,47.8,irrigar
151.1,48.1,201.8,6.26,18.0,52.0,50.3,irrigar
152.0,46.9,208.5,6.08,18.5,69.6,58.9,nao_fazer_nada
147.3,47.9,206.7,6.02,18.3,68.8,60.7,nao_fazer_nada
148.4,47.5,201.0,5.90,18.6,68.7,59.1,nao_fazer_nada
151.4,46.6,201.3,5.98,18.6,67.5,60.4,nao_fazer_nada
149.9,46.2,203.3,6.07,18.6,66.4,61.4,nao_fazer_nada
147.1,47.0,199.6,6.02,18.6,66.3,60.9,nao_fazer_nada
148.1,46.4,205.3,5.98,18.9,65.2,59.9,nao_fazer_nada
147.6,47.3,203.0,5.92,18.4,66.4,60.6,nao_fazer_nada
149.3,46.1,201.6,6.12,18.7,64.9,60.5,nao_fazer_nada
147.3,46.3,198.5,6.00,18.8,64.6,61.1,nao_fazer_nada
149.4,45.6,198.0,6.07,18.4,65.0,60.8,nao_fazer_nada
145.2,45.4,203.1,5.99,18.6,63.9,61.5,nao_fazer_nada
147.4,46.5,203.3,5.93,19.0,62.8,61.3,nao_fazer_nada
143.4,46.5,200.2,5.92,18.8,61.0,61.1,nao_fazer_nada
145.2,46.2,202.1,5.99,18.7,62.8,61.3,nao_fazer_nada
143.7,46.1,199.5,6.12,19.1,61.9,61.6,nao_fazer_nada
146.0,46.7,202.1,6.09,19.3,59.7,62.7,irrigar
144.4,45.4,197.4,6.02,19.2,61.0,62.4,nao_fazer_nada
146.1,44.9,195.3,6.13,19.5,59.3,63.2,irrigar
144.4,46.4,201.3,5.94,19.4,57.7,62.6,irrigar
141.5,46.2,198.5,6.02,19.6,58.1,62.1,irrigar
142.9,46.1,193.5,5.94,19.6,58.1,61.8,irrigar
144.3,46.0,196.6,5.94,19.2,56.6,63.4,irrigar
141.4,44.3,196.0,5.94,19.3,56.4,63.6,irrigar
143.6,44.6,197.4,6.09,20.0,55.3,63.6,irrigar
139.4,44.3,192.7,6.15,19.3,54.3,63.8,irrigar
143.8,44.6,197.7,6.08,19.9,55.7,64.3,irrigar
139.9,45.5,198.2,6.05,20.6,55.1,66.1,irrigar
140.1,44.9,197.5,6.00,21.4,53.1,66.5,irrigar
140.2,45.1,195.9,6.05,22.2,52.3,68.7,proteger
141.7,44.2,192.9,6.12,22.5,52.1,71.7,proteger
142.4,44.8,191.7,6.14,24.0,51.3,74.0,proteger
141.8,44.0,193.5,6.15,24.2,50.9,73.7,proteger
139.8,44.5,194.9,6.09,25.4,51.5,77.4,proteger
141.7,43.5,194.7,5.99,25.5,50.0,77.0,proteger
140.5,43.1,190.1,6.00,25.5,48.7,77.9,proteger
137.9,44.2,191.7,6.11,26.0,49.6,80.1,proteger
137.0,43.5,195.3,5.99,27.2,48.0,82.0,proteger
137.3,44.2,189.2,6.08,26.7,47.3,81.3,proteger
135.8,44.2,189.6,6.02,27.3,47.9,83.0,proteger
139.1,42.6,193.8,6.01,27.7,47.3,83.6,proteger
135.3,44.1,190.2,6.01,27.8,45.8,84.1,proteger
139.8,43.5,190.5,6.12,28.8,44.9,87.0,proteger
134.2,42.3,192.1,6.03,28.3,44.6,85.2,proteger
139.0,43.3,188.6,6.19,28.7,43.7,85.2,proteger
138.5,43.3,185.5,6.15,29.5,43.3,88.2,proteger
133.2,42.2,185.6,6.07,29.7,43.1,86.5,proteger
134.2,41.9,185.3,6.21,29.7,42.1,86.8,proteger
136.3,43.3,190.4,6.03,30.2,40.8,90.1,proteger
135.7,41.9,185.9,6.18,29.4,41.4,90.0,proteger
136.3,42.8,187.3,6.21,30.0,40.4,90.2,proteger
133.2,42.6,187.2,6.01,29.5,39.9,88.8,proteger
132.8,42.1,185.5,6.04,29.3,39.2,86.0,proteger
133.4,41.5,183.4,6.01,28.0,38.2,84.5,proteger
133.1,42.0,182.2,6.03,27.1,37.6,81.6,proteger
134.2,41.7,183.2,6.17,27.1,36.3,81.9,proteger
131.4,42.4,185.3,6.09,26.8,36.5,81.5,proteger
132.0,41.5,184.5,6.06,25.7,35.0,78.6,proteger
133.2,41.0,180.8,6.16,25.7,35.7,77.6,proteger
134.4,41.9,181.5,6.23,24.6,35.0,76.1,proteger
131.4,41.7,184.7,6.15,24.5,33.8,75.9,proteger
131.4,40.8,183.0,6.04,24.2,33.9,76.3,proteger
132.3,40.8,185.5,6.20,23.8,33.0,76.0,proteger
133.1,41.5,184.0,6.25,23.5,31.9,73.7,proteger
132.6,41.0,178.6,6.05,23.8,31.7,73.1,proteger
130.9,40.5,183.6,6.20,23.0,31.5,73.9,proteger
127.5,41.5,183.0,6.24,23.2,30.5,72.9,proteger
130.0,41.0,178.9,6.25,23.1,29.5,72.2,proteger
127.3,40.5,183.1,6.05,22.5,28.8,73.1,proteger
131.3,40.5,177.7,6.22,22.2,28.5,72.5,proteger
128.5,41.1,181.2,6.24,22.6,28.7,69.8,proteger
130.1,39.9,179.2,6.19,22.3,27.3,70.5,proteger
129.3,40.7,181.2,6.22,22.5,26.6,70.1,proteger
126.5,39.9,182.3,6.05,22.0,26.7,69.0,proteger
126.2,40.6,175.5,6.14,21.8,25.6,68.9,irrigar
127.1,39.5,177.8,6.19,22.2,25.3,70.2,proteger
123.9,39.3,178.6,6.13,22.1,24.5,69.3,proteger
124.4,40.1,179.3,6.06,21.6,24.5,68.3,irrigar
123.1,39.3,180.4,5.99,21.4,23.7,69.8,irrigar
121.6,38.9,174.8,6.13,22.0,22.8,70.0,proteger
119.5,38.7,173.7,5.95,21.2,22.3,69.7,irrigar
121.2,38.9,174.8,6.02,21.3,22.2,68.7,irrigar
117.2,38.7,173.9,5.86,21.4,21.8,68.8,irrigar
117.0,39.7,174.3,5.90,21.7,20.7,68.5,irrigar
118.0,38.9,174.8,5.94,21.2,20.5,67.5,irrigar
117.5,38.4,174.9,5.94,21.5,19.9,68.7,irrigar
113.5,39.3,173.9,5.73,21.0,19.1,67.9,irrigar
113.1,38.8,174.5,5.70,20.9,18.9,67.7,irrigar
115.0,38.3,171.9,5.80,21.2,18.3,67.7,irrigar
113.7,38.9,174.1,5.69,20.9,17.2,66.3,irrigar
112.3,38.5,170.5,5.75,21.1,16.9,66.7,irrigar
107.7,37.6,172.1,5.74,21.1,16.7,67.4,irrigar
109.0,38.4,174.2,5.62,21.0,15.9,66.6,irrigar
109.4,37.6,173.4,5.55,21.0,15.5,65.7,irrigar
107.6,37.9,172.1,5.61,21.1,14.4,66.8,irrigar
105.8,37.6,170.6,5.70,20.7,14.1,67.5,irrigar
106.1,38.5,168.3,5.56,20.7,13.6,66.0,irrigar
103.4,37.7,170.1,5.50,20.6,13.0,66.8,irrigar
100.2,37.5,171.6,5.43,20.6,12.7,65.2,irrigar
101.0,37.3,172.6,5.59,20.8,12.0,64.4,irrigar
99.2,36.7,166.5,5.57,20.6,11.6,66.3,irrigar
100.1,37.4,169.2,5.54,20.4,10.6,64.0,irrigar
101.5,36.8,166.8,5.49,20.3,10.4,65.0,irrigar
101.5,37.7,169.9,5.55,20.3,9.8,65.8,irrigar
101.1,37.1,170.5,5.60,20.2,9.2,65.5,irrigar
98.8,36.9,168.5,5.41,19.8,8.4,64.0,irrigar
99.6,36.7,167.3,5.54,19.7,8.0,64.3,irrigar
99.2,36.0,164.8,5.43,20.1,7.5,64.9,irrigar
148.0,46.9,203.4,6.02,18.5,69.5,58.9,nao_fazer_nada
146.7,47.6,205.0,5.97,18.5,69.9,59.4,nao_fazer_nada
146.6,47.5,201.0,5.96,18.4,69.6,60.0,nao_fazer_nada
151.2,47.2,201.4,5.89,18.7,68.1,59.9,nao_fazer_nada
148.1,46.2,201.1,5.99,18.5,67.9,61.1,nao_fazer_nada
148.1,47.6,204.3,6.08,18.2,65.4,60.0,nao_fazer_nada
149.9,47.4,202.8,6.04,19.0,64.8,61.0,nao_fazer_nada
149.2,45.9,199.9,6.13,18.5,66.8,60.2,nao_fazer_nada
144.7,46.5,200.5,5.94,18.7,64.7,61.7,nao_fazer_nada
148.8,47.1,202.1,5.97,19.1,64.9,61.0,nao_fazer_nada
147.9,47.3,197.9,5.98,18.7,63.7,61.7,nao_fazer_nada
148.1,45.5,197.5,5.96,18.5,63.3,60.7,nao_fazer_nada
146.8,46.7,202.8,6.01,18.7,61.7,62.3,nao_fazer_nada
144.8,46.3,198.8,6.00,19.3,62.4,60.3,nao_fazer_nada
148.2,45.6,200.6,6.00,19.1,62.4,62.6,nao_fazer_nada
143.1,45.6,199.5,6.06,19.3,61.0,62.6,nao_fazer_nada
143.7,46.7,202.3,6.07,19.4,60.2,60.6,nao_fazer_nada
156.4,48.9,212.1,6.00,18.9,75.9,61.6,nao_fazer_nada
156.3,50.4,208.4,6.01,19.0,75.6,62.2,nao_fazer_nada
153.1,48.6,215.7,6.11,19.3,72.8,61.2,nao_fazer_nada
154.0,49.2,210.5,6.00,19.7,71.8,62.2,nao_fazer_nada
152.9,50.1,215.4,6.03,19.8,73.6,63.3,nao_fazer_nada
157.4,48.3,209.1,6.09,19.8,71.5,63.2,nao_fazer_nada
154.7,49.0,208.7,6.02,19.7,72.5,63.4,nao_fazer_nada
154.4,48.4,210.2,5.98,20.8,69.7,66.3,nao_fazer_nada
155.5,49.3,209.3,6.13,21.0,70.5,66.4,nao_fazer_nada
151.9,49.0,209.7,6.14,22.5,69.6,71.2,proteger
152.9,48.8,211.1,5.94,23.4,68.6,70.7,proteger
155.9,48.9,212.7,6.17,23.7,69.8,72.6,proteger
150.6,48.7,205.1,5.99,24.5,66.9,74.7,proteger
154.6,48.4,211.5,6.05,24.1,68.5,74.8,proteger
152.4,48.1,205.4,6.17,23.9,67.0,72.2,proteger
150.3,48.1,204.6,5.95,24.6,65.9,72.1,proteger
151.0,47.3,208.4,6.16,24.0,66.1,71.9,proteger
149.4,48.2,210.1,6.12,24.0,65.6,68.7,proteger
152.7,47.5,203.9,6.04,24.5,65.7,67.6,proteger
150.0,47.8,202.3,5.99,24.8,65.2,68.9,proteger
147.7,47.1,202.4,6.11,24.9,62.3,67.7,proteger
151.2,48.5,207.0,6.00,24.5,64.0,65.9,proteger
147.4,47.7,206.0,6.01,24.3,62.1,67.3,proteger
147.0,46.8,204.3,6.02,24.2,62.5,65.0,proteger
148.8,48.0,205.4,6.03,25.1,60.3,66.6,proteger
147.2,46.6,203.8,6.08,25.0,59.5,66.3,proteger
146.7,46.2,205.1,6.02,25.1,60.6,65.9,proteger
146.2,46.8,203.3,6.16,24.4,60.0,63.6,proteger
150.0,47.4,203.7,6.04,25.2,59.8,64.9,proteger
145.7,47.3,202.1,6.13,25.2,58.3,64.1,proteger
148.4,46.9,204.9,6.07,25.0,58.6,64.9,proteger
148.8,45.7,204.0,6.10,24.0,55.9,62.9,proteger
148.2,46.7,200.9,6.14,24.2,55.9,63.1,proteger
149.4,46.8,197.5,6.03,23.5,55.3,63.6,proteger
143.6,46.5,197.9,6.09,22.6,55.2,63.3,proteger
143.2,46.3,200.2,6.00,22.4,54.6,63.6,proteger
144.4,45.7,203.6,6.10,22.3,53.9,63.5,proteger
145.2,46.0,203.4,6.07,21.9,53.5,63.3,irrigar
148.1,46.5,196.3,6.10,21.7,53.6,61.0,irrigar
147.3,45.8,202.5,6.03,20.8,52.0,61.4,irrigar
141.8,45.3,200.3,6.07,20.8,51.6,60.5,irrigar
145.5,45.3,199.4,6.08,20.3,50.6,61.4,irrigar
144.7,45.9,201.9,6.00,20.2,51.3,60.1,irrigar
141.1,45.0,200.2,6.07,20.4,50.2,62.0,irrigar
144.6,46.1,193.7,6.13,19.9,49.0,60.0,irrigar
145.1,46.0,196.6,6.24,19.9,48.8,59.9,irrigar
145.2,44.3,197.9,6.05,19.8,48.3,61.9,irrigar
143.0,45.8,199.9,6.02,19.8,48.6,60.7,irrigar
141.3,45.2,192.9,6.18,19.6,47.6,60.7,irrigar
142.1,45.6,192.1,6.06,19.5,46.5,60.2,irrigar
140.8,44.3,198.8,6.12,19.4,46.4,60.5,irrigar
140.7,44.2,196.9,6.16,19.1,45.5,60.1,irrigar
143.4,44.3,194.6,6.21,19.2,45.7,61.6,irrigar
139.0,44.7,197.0,6.10,19.0,45.3,60.2,irrigar
139.4,44.4,195.0,6.14,19.5,44.8,60.5,irrigar
142.6,44.7,196.8,6.17,20.2,43.8,60.9,irrigar
138.3,43.7,192.9,6.21,20.1,43.5,60.3,irrigar
136.8,43.7,196.4,6.14,20.7,43.0,61.1,irrigar
137.7,44.1,190.9,6.26,21.4,41.3,61.9,irrigar
139.4,43.4,192.4,6.20,21.8,41.0,60.5,irrigar
139.8,42.9,194.3,6.15,21.8,39.9,61.0,irrigar
137.8,44.1,191.7,6.26,22.4,40.2,61.2,proteger
138.3,43.0,194.0,6.17,22.2,39.0,61.7,proteger
140.3,44.0,189.2,6.12,22.6,38.6,62.2,proteger
138.4,43.2,186.9,6.06,23.0,38.9,61.3,proteger
139.8,44.0,191.7,6.05,23.3,38.1,60.9,proteger
138.0,42.7,191.2,6.15,23.1,37.9,61.0,proteger
135.5,43.0,191.8,6.22,23.6,36.6,62.7,proteger
134.5,43.6,190.2,6.10,23.4,35.5,61.4,proteger
138.6,43.4,192.3,6.27,23.8,35.3,61.1,proteger
134.4,41.9,185.3,6.24,24.0,34.9,62.2,proteger
137.4,43.2,185.6,6.25,24.1,34.9,60.9,proteger
135.4,41.7,187.2,6.12,23.7,34.2,60.4,proteger
135.1,42.9,189.8,6.28,23.7,33.3,61.9,proteger
135.0,41.6,188.8,6.26,24.3,32.2,60.9,proteger
132.7,42.9,187.7,6.11,23.7,32.5,60.7,proteger
136.4,41.5,183.6,6.08,24.3,31.4,61.7,proteger
133.2,42.6,188.6,6.28,23.7,30.6,61.0,proteger
133.5,41.8,183.2,6.29,24.0,29.7,60.0,proteger
131.5,41.1,182.8,6.20,23.6,29.7,59.5,proteger
131.5,41.6,186.9,6.13,22.9,28.6,61.7,proteger
132.7,42.1,184.3,6.18,22.2,29.0,60.3,proteger
133.2,40.9,182.9,6.10,22.1,28.3,60.8,proteger
131.1,41.8,185.9,6.11,22.0,27.8,61.1,proteger
129.0,41.9,184.8,6.17,21.0,27.2,59.9,irrigar
130.2,41.5,181.8,6.20,21.1,26.5,61.3,irrigar
131.6,40.7,182.6,6.13,20.6,25.9,61.1,irrigar
131.1,40.9,182.4,6.27,20.7,25.2,59.9,irrigar
132.1,40.5,180.5,6.18,20.1,25.0,60.9,irrigar
128.0,40.9,184.5,6.30,20.5,24.0,60.3,irrigar
129.0,41.1,184.7,6.24,20.1,23.8,61.3,irrigar
128.5,40.8,180.3,6.19,19.9,23.2,61.4,irrigar
127.8,40.5,181.8,6.34,19.6,22.7,61.0,irrigar
129.6,40.3,180.8,6.19,19.6,21.6,61.4,irrigar
125.9,40.9,182.4,6.30,20.1,21.6,60.3,irrigar
130.3,39.6,177.9,6.12,19.9,21.0,61.9,irrigar
139.9,44.4,194.1,6.27,19.7,35.7,61.9,irrigar
137.3,44.6,196.4,6.13,19.9,34.5,60.2,irrigar
137.0,43.4,196.1,6.27,19.5,33.4,60.2,irrigar
136.9,44.3,193.2,6.31,19.8,33.0,62.1,irrigar
136.7,44.2,188.9,6.17,19.1,32.3,62.1,irrigar
138.3,43.5,187.6,6.30,19.1,32.9,61.1,irrigar
137.1,44.4,194.6,6.28,19.2,31.6,61.6,irrigar
151.6,47.7,204.7,5.93,18.3,69.6,59.2,nao_fazer_nada
150.1,47.3,203.7,5.90,18.5,68.7,60.0,nao_fazer_nada
150.5,46.8,206.1,6.07,18.2,68.7,61.2,nao_fazer_nada
146.8,47.9,206.3,5.91,18.5,68.3,59.7,nao_fazer_nada
147.8,46.9,203.5,6.12,18.8,66.1,60.3,nao_fazer_nada
147.9,46.2,206.8,5.93,18.7,65.4,59.6,nao_fazer_nada
147.1,46.1,202.2,5.98,18.8,65.1,60.6,nao_fazer_nada
149.1,47.4,198.2,5.91,18.6,64.8,60.3,nao_fazer_nada
147.9,47.0,201.1,6.06,18.5,63.9,60.9,nao_fazer_nada
145.2,46.2,204.6,6.09,18.5,64.3,62.0,nao_fazer_nada
145.5,46.6,203.2,6.01,18.8,64.2,59.8,nao_fazer_nada
145.1,46.5,199.7,6.13,18.7,62.9,60.0,nao_fazer_nada
148.8,46.7,203.1,6.03,19.0,61.8,62.2,nao_fazer_nada
147.6,45.7,199.8,6.09,19.3,62.1,61.7,nao_fazer_nada
146.0,46.6,197.8,5.98,18.8,62.5,60.8,nao_fazer_nada
144.2,46.0,201.8,5.95,19.2,61.4,61.7,nao_fazer_nada
144.2,45.7,200.9,6.10,19.2,60.8,61.2,nao_fazer_nada
144.5,45.3,197.8,6.15,19.5,59.2,60.9,irrigar
146.3,46.3,197.2,6.15,19.2,59.6,61.8,irrigar
143.3,45.7,196.4,6.14,19.4,58.7,61.4,irrigar
142.9,45.7,195.0,6.16,19.5,57.9,62.8,irrigar
141.2,46.1,198.0,5.96,19.4,58.3,62.3,irrigar
142.5,45.1,193.6,5.98,19.6,57.5,63.7,irrigar
156.2,48.7,210.3,5.95,19.6,70.8,62.5,nao_fazer_nada
157.0,49.5,213.7,6.08,19.3,69.7,64.3,nao_fazer_nada
152.1,49.3,209.6,6.08,20.0,71.6,62.5,nao_fazer_nada
154.6,49.2,206.1,6.09,20.0,69.0,62.5,nao_fazer_nada
151.9,49.1,209.6,6.18,19.9,68.1,63.8,nao_fazer_nada
153.8,48.4,211.9,5.96,19.8,68.1,63.8,nao_fazer_nada
151.1,49.3,205.6,5.98,19.8,66.9,64.2,nao_fazer_nada
154.9,48.2,210.3,5.98,20.1,67.8,64.0,nao_fazer_nada
154.3,47.8,204.1,6.00,20.2,67.2,65.1,nao_fazer_nada
153.7,47.7,209.4,6.08,19.7,65.8,64.6,nao_fazer_nada
153.9,47.9,207.2,5.96,20.1,65.9,65.9,nao_fazer_nada
150.0,47.1,205.3,6.06,20.0,64.7,65.8,nao_fazer_nada
148.9,47.0,204.8,6.12,20.4,64.0,64.7,nao_fazer_nada
148.3,48.7,204.8,6.15,19.9,64.7,66.1,nao_fazer_nada
153.1,47.9,205.6,5.96,20.4,62.6,65.6,nao_fazer_nada
152.5,47.2,207.6,5.95,20.4,62.0,64.1,nao_fazer_nada
151.3,47.2,208.7,6.15,20.7,61.8,65.7,nao_fazer_nada
149.7,47.6,203.1,6.01,20.7,62.6,67.0,nao_fazer_nada
149.1,47.5,204.8,6.06,20.1,61.8,66.7,nao_fazer_nada
145.7,46.5,207.3,6.00,20.9,60.6,67.2,nao_fazer_nada
142.2,47.7,201.8,5.82,20.5,59.8,66.0,irrigar
141.3,46.9,204.6,5.80,21.0,60.7,66.1,travar_irrigacao
141.4,46.4,202.3,5.92,20.6,58.3,67.6,irrigar
143.0,46.6,202.3,5.85,20.5,59.1,65.5,irrigar
150.9,50.0,219.5,5.89,21.1,72.0,65.3,nao_fazer_nada
149.0,50.7,216.5,5.77,21.0,73.6,67.9,travar_irrigacao
150.9,51.1,211.7,5.81,20.5,73.0,66.8,nao_fazer_nada
149.6,50.6,213.8,5.64,20.8,70.4,65.6,travar_irrigacao
147.8,51.0,214.2,5.80,21.1,70.4,67.1,nao_fazer_nada
147.7,49.9,213.8,5.59,20.6,70.4,66.3,travar_irrigacao
144.8,49.6,214.0,5.58,20.8,70.7,65.9,travar_irrigacao
145.6,50.1,212.9,5.59,21.1,69.7,67.2,travar_irrigacao
142.8,50.0,216.2,5.68,21.3,68.1,68.3,travar_irrigacao
143.3,50.2,213.1,5.59,20.9,69.2,68.6,travar_irrigacao
140.0,50.2,208.7,5.47,21.4,67.2,67.4,travar_irrigacao
138.2,49.2,209.9,5.61,21.3,67.8,67.9,travar_irrigacao
139.6,50.3,216.2,5.82,21.0,53.8,68.7,irrigar
135.2,48.6,207.5,5.86,21.4,54.2,66.3,irrigar
134.6,48.5,208.9,5.61,20.9,52.3,68.3,irrigar
136.8,49.2,213.5,5.75,21.0,53.1,66.4,irrigar
134.6,50.0,214.4,5.63,21.6,51.9,66.7,irrigar
134.2,48.1,212.4,5.67,21.3,51.4,67.5,irrigar
137.2,49.1,214.1,5.65,21.5,51.9,68.2,irrigar
133.3,48.6,207.9,5.65,21.2,49.6,68.9,irrigar
132.9,48.6,208.9,5.68,20.9,49.7,69.0,irrigar
134.8,49.5,212.7,5.78,20.8,50.3,66.9,irrigar
134.9,48.7,205.4,5.76,21.0,48.5,68.2,irrigar
131.6,48.9,210.8,5.66,21.6,49.1,69.0,irrigar
147.9,51.5,225.6,5.66,20.8,63.3,67.8,travar_irrigacao
142.3,51.3,224.9,5.71,21.0,62.5,67.0,travar_irrigacao
147.0,51.1,218.5,5.63,21.1,60.6,68.0,travar_irrigacao
144.1,52.2,217.9,5.64,20.8,60.1,66.3,travar_irrigacao
142.8,51.4,221.0,5.63,21.4,60.6,68.7,travar_irrigacao
142.4,51.1,221.2,5.73,20.9,60.7,66.8,travar_irrigacao
141.4,51.7,219.5,5.64,21.0,60.0,67.3,travar_irrigacao
143.5,52.4,218.2,5.65,21.3,58.5,68.5,irrigar
143.7,52.5,215.5,5.85,20.9,57.7,67.4,irrigar
141.3,51.2,216.3,5.71,21.0,56.7,67.3,irrigar
141.9,51.7,214.7,5.65,21.1,56.8,66.5,irrigar
143.5,50.6,222.1,5.79,21.3,57.5,66.0,irrigar
154.2,54.3,231.0,5.76,21.3,71.5,68.4,travar_irrigacao
155.7,54.1,229.4,5.71,20.6,70.8,66.5,travar_irrigacao
153.7,55.4,230.8,5.81,20.7,70.9,68.3,nao_fazer_nada
152.0,55.8,229.2,5.77,21.3,70.2,67.7,travar_irrigacao
151.6,54.9,228.8,5.68,21.0,68.6,67.1,travar_irrigacao
149.8,55.4,232.5,5.69,20.8,69.4,67.0,travar_irrigacao
149.6,53.9,227.9,5.75,20.4,68.1,65.8,travar_irrigacao
149.6,54.2,226.2,5.57,20.6,67.5,67.3,travar_irrigacao
149.9,55.2,227.2,5.62,20.3,65.2,67.0,travar_irrigacao
144.5,55.2,227.6,5.62,20.6,66.1,67.5,travar_irrigacao
148.4,54.1,227.6,5.55,20.4,65.9,66.5,travar_irrigacao
146.4,53.6,230.9,5.66,20.7,64.2,66.4,travar_irrigacao
144.9,53.2,223.3,5.74,20.3,53.2,67.3,irrigar
142.1,53.4,230.4,5.71,20.2,52.2,65.4,irrigar
142.9,53.0,229.5,5.74,20.3,51.1,65.9,irrigar
141.7,54.0,225.5,5.79,20.5,50.1,65.0,irrigar
139.2,54.3,229.8,5.69,20.1,50.8,66.5,irrigar
138.6,54.3,222.0,5.63,20.7,49.9,65.4,irrigar
135.1,52.9,227.5,5.74,20.7,49.6,64.2,irrigar
133.7,53.5,221.7,5.55,20.4,47.6,66.0,irrigar
134.5,52.4,221.8,5.65,19.8,47.1,66.1,irrigar
135.9,53.6,224.9,5.53,20.1,46.8,65.2,irrigar
129.9,52.8,225.4,5.46,20.4,47.3,65.7,irrigar
149.8,47.9,207.6,5.96,18.6,69.1,59.9,nao_fazer_nada
151.0,46.4,202.3,6.04,18.7,69.1,59.5,nao_fazer_nada
151.4,47.2,200.0,5.96,18.6,67.4,60.1,nao_fazer_nada
151.3,46.2,204.1,5.98,18.2,67.4,60.4,nao_fazer_nada
150.9,47.3,200.5,6.05,18.6,66.2,61.1,nao_fazer_nada
149.4,47.2,200.6,5.92,18.8,67.9,61.1,nao_fazer_nada
146.9,46.4,204.6,5.91,18.3,66.0,60.1,nao_fazer_nada
147.7,46.4,198.6,6.07,18.9,66.2,59.4,nao_fazer_nada
144.9,47.2,202.3,5.91,18.5,64.6,60.6,nao_fazer_nada
145.1,45.7,198.8,6.05,19.0,63.6,60.3,nao_fazer_nada
146.0,45.8,198.7,6.11,18.8,63.0,60.2,nao_fazer_nada
148.2,45.9,203.3,5.92,18.7,64.4,62.2,nao_fazer_nada
147.8,46.1,202.3,6.05,18.9,63.1,61.0,nao_fazer_nada
148.4,45.7,197.8,6.11,18.9,61.3,60.4,nao_fazer_nada
147.6,45.8,201.1,6.12,19.0,60.4,61.5,nao_fazer_nada
146.1,46.3,197.4,5.98,19.3,59.8,62.6,irrigar
144.0,46.4,202.3,6.05,19.4,60.9,61.7,nao_fazer_nada
144.7,45.9,201.2,5.99,19.6,59.9,61.8,irrigar
143.1,44.9,201.9,6.13,19.0,59.4,62.0,irrigar
145.7,45.6,196.3,6.12,19.3,59.0,62.4,irrigar
145.3,45.2,198.7,5.93,19.1,59.0,61.3,irrigar
145.5,44.7,195.4,6.10,19.4,58.6,61.8,irrigar
144.5,44.8,197.0,6.10,19.6,57.0,63.7,irrigar
156.6,48.1,210.5,6.10,19.8,70.5,64.2,nao_fazer_nada
155.1,49.2,210.8,5.96,19.5,72.2,64.0,nao_fazer_nada
152.9,49.1,209.9,5.95,19.3,70.5,64.2,nao_fazer_nada
156.3,48.5,210.8,6.11,19.8,70.6,62.5,nao_fazer_nada
152.3,48.4,210.4,6.13,20.2,69.5,64.5,nao_fazer_nada
153.3,48.0,210.4,5.94,19.6,69.9,64.9,nao_fazer_nada
150.7,48.5,209.1,6.18,20.2,66.9,63.6,nao_fazer_nada
150.7,48.3,211.7,6.12,19.8,68.7,65.2,nao_fazer_nada
154.0,48.1,207.0,5.99,20.3,68.0,63.5,nao_fazer_nada
154.0,47.9,208.6,6.17,19.9,66.2,64.0,nao_fazer_nada
153.1,48.0,205.4,6.02,20.0,66.1,64.5,nao_fazer_nada
148.9,48.9,207.2,6.00,21.0,64.7,68.5,nao_fazer_nada
149.6,48.1,204.1,6.18,22.7,63.9,69.9,proteger
151.9,48.1,206.0,6.01,23.3,64.9,73.1,proteger
151.4,47.0,202.2,6.13,23.6,64.0,74.9,proteger
149.8,47.1,204.8,5.98,24.6,62.5,75.3,proteger
151.3,48.1,208.0,6.04,25.3,62.9,77.3,proteger
149.0,46.7,202.5,6.15,25.9,61.1,77.9,proteger
147.3,46.6,206.2,6.02,25.7,62.2,81.3,proteger
146.2,47.3,200.7,6.15,27.0,60.8,80.1,proteger
150.0,48.0,203.2,6.00,26.8,60.8,82.1,proteger
145.8,47.7,201.4,6.04,27.0,60.6,83.7,proteger
148.7,46.6,202.2,6.19,28.2,58.6,82.9,proteger
149.9,47.0,200.2,6.15,27.7,57.6,84.9,proteger
149.3,46.6,206.2,6.17,28.9,56.5,83.9,proteger
146.5,46.5,203.6,6.14,28.3,56.0,84.4,proteger
144.9,46.0,198.6,6.14,27.4,57.0,80.8,proteger
149.1,45.5,199.6,6.13,27.4,55.7,78.3,proteger
144.2,45.4,201.4,5.99,27.8,55.6,77.2,proteger
148.5,46.3,198.2,5.99,27.1,54.5,76.3,proteger
143.1,46.3,201.8,6.22,27.2,53.7,74.6,proteger
146.2,45.5,199.1,6.12,26.6,53.4,73.6,proteger
148.0,46.6,203.4,6.15,26.9,53.5,73.7,proteger
146.7,46.4,198.5,6.07,26.1,51.9,72.1,proteger
147.4,46.2,201.0,6.01,26.6,52.3,70.7,proteger
146.5,44.8,198.6,6.18,25.8,50.6,69.8,proteger
145.8,45.5,199.0,6.04,24.9,50.4,69.6,proteger
146.4,45.4,199.6,6.18,24.5,48.7,69.1,proteger
145.1,45.6,200.8,6.04,23.3,49.1,67.3,proteger
144.9,44.8,198.0,6.01,23.4,47.5,67.3,proteger
143.5,45.1,195.7,6.24,23.1,48.1,65.3,proteger
145.0,44.3,199.3,6.25,22.3,47.6,65.2,proteger
143.6,44.4,194.2,6.02,22.2,46.3,65.6,proteger
140.9,45.1,192.5,6.17,21.3,46.2,64.3,irrigar
140.0,43.9,192.7,6.09,21.7,45.6,63.7,irrigar
143.1,44.7,192.6,6.11,20.7,45.3,64.5,irrigar
140.4,44.1,193.1,6.15,20.5,43.6,63.6,irrigar
139.5,45.3,196.5,6.21,20.6,43.9,62.3,irrigar
153.6,47.5,210.6,6.20,20.5,59.1,61.6,irrigar
153.7,49.1,211.6,6.08,20.3,57.6,62.4,irrigar
154.2,48.2,206.1,6.14,20.0,56.4,61.3,irrigar
154.4,47.6,206.6,6.16,19.7,57.4,62.6,irrigar
150.6,48.5,202.6,6.03,19.6,56.1,61.1,irrigar
150.4,47.5,205.2,6.18,19.3,54.6,62.4,irrigar
148.3,48.1,204.3,6.28,19.9,55.8,61.4,irrigar
152.5,46.9,208.3,6.07,20.0,53.4,63.0,irrigar
150.4,47.1,204.4,6.07,19.5,53.0,61.3,irrigar
152.2,47.6,204.0,6.28,20.2,54.3,62.2,irrigar
147.6,48.2,200.9,6.10,20.4,52.1,64.2,irrigar
147.7,46.5,202.3,6.19,20.1,51.7,63.5,irrigar
148.1,46.2,206.0,6.28,20.0,51.0,62.8,irrigar
147.5,46.6,203.8,6.28,20.4,49.8,62.9,irrigar
146.8,47.4,204.9,6.13,20.5,48.5,65.0,irrigar
150.8,46.0,202.0,6.17,20.2,48.1,64.3,irrigar
147.6,46.3,199.3,6.09,20.6,46.3,65.9,irrigar
148.6,46.2,203.6,6.12,20.4,45.9,64.0,irrigar
144.1,47.4,205.1,6.08,20.5,45.8,65.0,irrigar
145.4,45.9,202.1,6.27,20.1,43.8,64.4,irrigar
146.0,46.7,198.1,6.12,20.6,42.7,64.2,irrigar
148.3,45.6,197.8,6.07,20.0,41.3,64.4,irrigar
148.4,45.2,202.3,6.24,20.4,41.6,65.5,irrigar
144.9,46.9,203.5,6.07,20.5,40.8,65.0,irrigar
154.9,49.3,215.8,6.24,20.4,53.6,64.5,irrigar
156.0,49.2,215.9,6.22,20.3,53.1,64.0,irrigar
159.6,49.6,212.0,6.15,20.3,52.5,63.9,irrigar
157.6,49.7,208.7,6.15,20.2,52.3,63.7,irrigar
155.9,50.3,208.0,6.15,20.2,49.6,65.6,irrigar
152.7,48.5,207.9,6.24,19.9,48.9,64.5,irrigar
158.3,49.8,210.0,6.19,20.5,49.3,65.8,irrigar
153.8,48.3,207.3,6.17,19.7,48.0,64.0,irrigar
154.7,48.8,213.7,6.09,19.8,47.4,65.2,irrigar
155.9,49.6,209.7,6.32,20.2,44.8,64.0,irrigar
157.2,48.9,208.1,6.12,20.3,44.8,65.2,irrigar
153.6,48.2,210.8,6.14,19.6,43.8,64.2,irrigar
156.4,48.6,205.3,6.17,19.7,44.2,64.1,irrigar
155.0,48.9,211.1,6.17,19.5,42.6,62.7,irrigar
151.2,47.8,205.3,6.23,20.2,42.9,62.6,irrigar
154.3,47.9,212.0,6.28,20.0,42.3,64.5,irrigar
150.5,48.0,210.7,6.14,19.7,40.6,63.9,irrigar
151.4,48.4,207.1,6.33,19.9,41.1,62.1,irrigar
154.4,48.7,206.3,6.16,19.5,39.9,63.6,irrigar
150.5,48.6,207.2,6.14,19.2,39.9,63.6,irrigar
151.9,47.5,206.4,6.35,19.5,38.8,63.6,irrigar
151.2,47.6,204.8,6.28,19.2,38.2,61.2,irrigar
148.5,48.6,202.3,6.15,19.0,37.7,62.5,irrigar
147.5,47.9,201.4,6.36,19.5,37.1,62.7,irrigar
162.9,50.8,223.1,6.18,19.3,52.4,62.7,irrigar
150.6,47.4,202.3,5.93,18.5,69.2,61.2,nao_fazer_nada
148.0,47.9,207.3,6.04,18.8,68.8,59.0,nao_fazer_nada
150.1,47.8,200.5,5.92,18.4,67.7,60.3,nao_fazer_nada
150.2,48.0,200.7,5.94,18.4,67.1,60.7,nao_fazer_nada
150.1,46.3,200.8,5.99,18.9,67.8,59.7,nao_fazer_nada
149.4,47.4,202.2,6.11,18.5,65.9,59.3,nao_fazer_nada
149.9,46.5,198.9,6.04,18.8,67.2,61.4,nao_fazer_nada
148.5,46.8,204.0,5.93,18.7,66.1,59.9,nao_fazer_nada
146.2,46.2,205.9,5.95,18.5,64.1,61.8,nao_fazer_nada
148.4,47.4,205.0,6.14,18.6,64.3,59.9,nao_fazer_nada
148.3,46.7,202.4,6.12,18.4,63.9,60.5,nao_fazer_nada
144.6,46.4,201.8,6.09,18.8,62.9,61.6,nao_fazer_nada
146.3,46.9,199.6,6.05,18.6,61.7,61.0,nao_fazer_nada
147.7,46.2,197.7,6.02,19.3,61.1,61.2,nao_fazer_nada
144.5,46.3,198.0,6.09,18.8,60.9,61.1,nao_fazer_nada
146.6,46.5,200.3,6.14,19.0,60.1,62.5,nao_fazer_nada
143.2,46.4,202.3,6.05,18.8,60.4,62.4,nao_fazer_nada
142.6,45.6,200.0,6.00,19.1,59.0,61.8,irrigar
142.2,44.7,199.9,5.99,19.0,58.7,61.3,irrigar
144.6,44.9,200.8,6.16,19.2,57.7,61.5,irrigar
145.9,46.2,198.7,6.12,19.6,59.2,63.5,irrigar
142.8,46.0,197.1,6.00,19.8,58.4,61.9,irrigar
143.3,46.1,198.8,5.98,19.3,58.0,62.5,irrigar
141.5,45.7,195.3,6.17,19.5,57.6,64.1,irrigar
142.4,45.3,199.8,5.94,19.4,56.0,64.0,irrigar
143.3,45.8,195.7,6.09,20.0,55.0,63.8,irrigar
144.6,45.0,195.7,5.95,20.1,54.6,64.0,irrigar
143.5,44.0,192.6,6.11,20.0,55.1,64.2,irrigar
143.0,44.4,192.4,5.99,19.9,54.8,64.0,irrigar
138.5,43.9,192.6,6.06,20.0,52.8,64.7,irrigar
139.6,43.6,194.2,6.03,20.2,52.3,63.8,irrigar
141.4,45.2,194.2,6.18,20.0,52.9,65.3,irrigar
142.6,44.3,196.5,5.96,20.0,51.4,64.4,irrigar
141.7,44.3,196.4,5.96,20.0,50.6,63.8,irrigar
137.4,44.0,191.0,6.10,20.4,49.6,63.9,irrigar
137.7,44.3,192.5,6.17,20.6,49.0,65.9,irrigar
139.0,43.4,195.5,6.11,20.2,49.3,64.6,irrigar
138.9,43.6,189.9,5.98,20.7,49.5,66.5,irrigar
139.7,43.1,193.5,6.04,20.7,48.5,66.5,irrigar
151.1,47.2,204.0,6.16,20.8,60.8,64.6,nao_fazer_nada
151.3,47.4,204.2,6.16,20.8,60.5,64.7,nao_fazer_nada
152.1,47.7,207.3,6.09,20.7,59.8,64.8,irrigar
149.6,46.9,200.0,6.15,20.8,59.1,65.4,irrigar
147.4,47.6,201.9,6.13,20.3,57.6,66.5,irrigar
150.8,47.8,206.6,6.13,20.7,56.0,67.0,irrigar
147.1,46.0,203.0,6.07,20.7,55.6,67.2,irrigar
148.5,46.2,201.5,6.11,20.7,55.4,65.5,irrigar
147.8,46.9,203.2,5.99,21.0,55.0,65.7,irrigar
147.7,46.0,202.3,6.19,20.5,53.2,67.2,irrigar
149.1,45.9,201.6,6.00,20.5,52.0,65.7,irrigar
149.6,46.8,197.7,6.04,21.1,51.8,66.0,irrigar
145.8,45.5,202.5,5.99,21.0,49.2,66.8,irrigar
144.4,46.2,202.8,6.21,20.6,50.0,66.4,irrigar
145.2,46.9,202.3,6.21,21.3,48.3,66.5,irrigar
144.7,46.2,197.4,6.00,20.6,46.8,66.7,irrigar
144.9,45.5,196.7,6.15,21.4,45.8,66.4,irrigar
145.6,46.3,196.8,6.12,21.1,45.4,68.5,irrigar
143.7,45.1,196.7,6.14,20.9,43.6,67.2,irrigar
146.9,46.1,196.8,6.07,20.9,43.7,68.4,irrigar
141.3,45.8,196.2,6.17,21.1,43.0,66.6,irrigar
145.2,45.6,194.5,6.13,21.0,41.1,67.9,irrigar
141.7,45.2,196.5,6.20,20.8,41.3,67.1,irrigar
140.9,45.7,196.5,6.16,21.1,40.1,66.5,irrigar
145.2,44.8,199.9,6.14,21.1,38.8,67.1,irrigar
140.5,44.7,197.9,6.14,21.4,39.4,67.3,irrigar
141.1,44.2,192.2,6.13,21.1,38.4,67.0,irrigar
140.8,44.1,194.9,6.11,21.4,37.4,68.5,irrigar
143.8,45.5,195.7,6.13,21.5,37.0,68.2,irrigar
143.9,44.0,198.1,6.13,21.5,36.9,68.8,irrigar
140.4,44.2,196.7,6.12,21.1,36.4,66.6,irrigar
139.2,44.2,191.3,6.17,21.1,35.1,66.5,irrigar
141.2,44.1,194.3,6.18,21.5,35.7,68.5,irrigar
142.5,44.2,195.2,6.18,21.5,34.0,68.2,irrigar
141.4,43.4,194.8,6.17,20.8,33.9,67.1,irrigar
141.9,43.2,196.2,6.20,21.4,33.8,68.8,irrigar
140.6,44.4,194.8,6.14,20.9,32.5,68.0,irrigar
137.4,43.2,193.4,6.13,20.8,32.9,68.9,irrigar
137.0,43.2,194.1,6.13,21.1,32.0,67.1,irrigar
137.8,43.7,187.8,6.25,21.2,31.6,66.3,irrigar
148.2,48.2,203.5,6.05,21.2,44.9,67.4,irrigar
147.8,47.2,204.3,6.25,21.1,44.2,67.1,irrigar
146.5,46.9,204.9,6.20,21.4,44.0,67.7,irrigar
148.3,47.4,203.0,6.20,21.4,44.6,68.2,irrigar
147.2,46.2,204.2,6.10,21.1,43.2,68.2,irrigar
146.3,47.5,203.4,6.13,21.2,42.5,67.0,irrigar
145.3,46.6,204.3,6.17,21.0,42.5,68.2,irrigar
150.4,46.8,200.8,6.22,21.3,42.0,67.8,irrigar
149.8,46.5,200.6,6.07,20.6,41.5,66.2,irrigar
149.9,47.3,205.8,6.18,20.5,41.0,66.0,irrigar
148.3,46.8,198.7,6.17,21.2,40.5,66.9,irrigar
149.6,47.2,200.8,6.17,20.4,39.0,67.8,irrigar
145.6,46.1,197.4,6.25,20.8,38.1,65.3,irrigar
145.1,45.7,202.3,6.19,20.8,37.8,65.1,irrigar
143.2,45.3,200.7,6.31,20.7,37.0,65.6,irrigar
145.9,45.2,197.7,6.19,20.2,36.8,66.3,irrigar
144.1,45.7,197.9,6.08,21.0,35.7,64.7,irrigar
146.2,45.6,200.7,6.26,20.2,34.2,65.4,irrigar
143.9,45.5,200.8,6.26,20.3,33.3,65.8,irrigar
143.5,44.8,198.6,6.22,20.1,33.2,65.3,irrigar
141.7,44.7,196.9,6.22,20.7,31.8,66.0,irrigar
141.3,46.0,196.8,6.13,20.4,30.2,66.1,irrigar
140.5,44.7,194.3,6.30,20.0,29.3,65.9,irrigar
143.6,45.7,193.6,6.11,20.6,28.8,65.8,irrigar
143.8,44.9,197.5,6.31,20.1,27.6,63.9,irrigar
144.6,44.6,194.5,6.19,20.1,27.0,64.5,irrigar
143.0,45.6,192.7,6.30,20.1,25.8,64.9,irrigar
144.0,45.5,191.7,6.13,19.7,25.3,64.7,irrigar
141.1,44.9,191.5,6.17,20.2,24.1,63.0,irrigar
143.9,44.4,193.8,6.15,19.8,23.0,63.6,irrigar
138.5,44.9,196.5,6.31,19.7,22.3,64.5,irrigar
138.3,45.0,194.3,6.14,19.4,21.6,64.0,irrigar
139.8,44.6,195.6,6.20,19.6,20.7,64.0,irrigar
141.2,44.0,193.2,6.16,19.6,19.3,62.9,irrigar
138.6,44.2,195.2,6.15,19.5,18.1,62.8,irrigar
141.2,44.7,192.5,6.30,19.7,17.3,61.9,irrigar
141.8,43.9,192.9,6.34,19.8,16.2,62.2,irrigar
137.9,43.6,193.7,6.35,19.2,15.4,61.8,irrigar
137.1,44.0,189.3,6.11,19.3,15.0,61.6,irrigar
137.6,43.2,192.7,6.28,19.3,14.4,61.4,irrigar
149.5,48.2,205.3,6.32,19.0,28.6,61.0,irrigar
150.5,47.3,203.5,5.99,18.2,68.2,60.5,nao_fazer_nada
149.2,47.5,200.4,5.96,18.2,67.6,61.1,nao_fazer_nada
149.4,46.9,207.9,5.91,18.2,68.7,59.2,nao_fazer_nada
146.9,47.9,203.1,6.04,18.6,67.8,60.5,nao_fazer_nada
147.1,47.7,203.1,5.99,18.6,67.2,60.4,nao_fazer_nada
149.5,47.4,204.9,5.91,18.7,67.9,61.4,nao_fazer_nada
146.5,46.2,202.9,6.08,19.0,65.2,60.0,nao_fazer_nada
147.5,46.8,201.3,5.96,18.9,66.2,61.4,nao_fazer_nada
150.0,46.2,202.7,6.10,18.6,65.9,61.1,nao_fazer_nada
149.1,46.0,202.3,6.01,18.6,63.4,61.9,nao_fazer_nada
144.6,46.5,198.5,5.93,18.9,65.1,60.3,nao_fazer_nada
145.1,46.2,196.8,5.95,19.0,62.5,61.7,nao_fazer_nada
148.6,46.3,197.8,5.93,19.0,63.5,60.7,nao_fazer_nada
147.8,46.3,200.6,6.14,19.3,62.6,60.5,nao_fazer_nada
148.0,45.5,203.2,6.11,19.2,61.6,62.2,nao_fazer_nada
142.7,45.1,202.5,6.13,19.0,59.9,60.5,irrigar
145.7,46.5,198.2,6.08,19.0,60.9,61.8,nao_fazer_nada
146.2,45.9,201.7,5.95,19.4,60.2,60.8,nao_fazer_nada
146.6,45.0,200.7,5.98,19.4,59.4,62.2,irrigar
142.1,45.2,195.7,6.07,19.2,58.6,62.2,irrigar
146.3,45.1,196.2,5.93,19.6,58.9,61.9,irrigar
145.1,44.8,200.6,6.09,19.1,58.4,63.5,irrigar
141.6,45.3,199.4,6.16,19.2,57.4,62.2,irrigar
142.7,44.8,193.0,6.03,19.3,55.6,63.8,irrigar
142.2,45.3,195.1,6.09,19.6,55.6,62.0,irrigar
141.5,44.5,199.7,6.01,19.7,55.8,62.5,irrigar
140.5,44.6,192.5,6.03,20.0,53.8,64.1,irrigar
144.2,44.8,195.6,5.94,20.2,54.3,63.0,irrigar
139.3,45.5,194.0,6.18,19.9,54.4,63.4,irrigar
142.3,45.2,197.0,6.18,19.7,52.3,63.7,irrigar
141.3,44.5,194.2,6.09,19.6,51.8,64.3,irrigar
138.3,44.1,193.8,6.01,20.0,52.8,63.1,irrigar
138.6,45.0,192.0,6.12,19.9,50.5,65.6,irrigar
139.5,44.3,190.9,6.05,20.4,51.1,65.5,irrigar
140.4,43.9,193.1,5.99,19.9,51.1,65.0,irrigar
139.8,43.3,193.6,6.17,20.4,49.0,64.5,irrigar
136.8,43.2,195.4,6.04,20.1,49.9,63.8,irrigar
136.9,43.6,193.1,6.15,19.9,48.2,66.1,irrigar
137.7,43.1,188.0,6.07,20.6,46.5,65.1,irrigar
135.7,44.1,187.3,6.16,20.4,45.6,66.0,irrigar
135.2,42.9,191.5,6.02,20.5,44.6,65.2,irrigar
138.8,42.7,187.4,6.05,20.9,44.3,67.0,irrigar
139.8,43.2,190.7,6.04,20.5,43.2,65.5,irrigar
137.0,43.9,190.1,6.13,21.0,42.5,66.4,irrigar
134.1,42.7,189.0,6.10,21.0,40.9,66.7,irrigar
135.5,43.3,189.2,6.01,20.4,40.1,66.3,irrigar
134.8,42.9,186.5,6.14,20.9,39.1,66.9,irrigar
137.1,42.2,186.4,6.08,20.7,37.9,65.3,irrigar
134.0,43.1,184.5,6.06,20.8,37.2,66.0,irrigar
133.3,42.7,184.6,6.18,20.5,36.5,65.6,irrigar
134.0,42.9,184.3,6.16,21.0,35.0,67.4,irrigar
136.3,42.1,189.1,6.07,21.3,34.6,67.5,irrigar
135.8,42.0,188.1,6.01,21.3,33.4,67.0,irrigar
134.6,42.8,187.9,6.17,20.8,32.2,66.4,irrigar
131.5,42.2,188.1,6.20,20.8,31.8,66.3,irrigar
135.5,42.6,183.5,6.03,20.9,30.6,67.8,irrigar
132.4,41.6,183.2,6.24,21.5,30.5,68.5,irrigar
131.0,41.1,186.4,6.16,20.7,29.4,67.2,irrigar
134.5,41.9,184.2,6.03,21.5,27.9,67.6,irrigar
132.8,40.7,180.6,6.14,20.7,27.1,66.6,irrigar
131.6,41.5,185.1,6.11,21.4,25.9,68.3,irrigar
128.9,40.7,182.2,6.19,21.0,26.2,68.3,irrigar
132.4,41.3,186.1,6.09,21.3,24.8,67.8,irrigar
133.4,41.6,183.9,6.11,21.3,24.8,67.2,irrigar
132.3,41.7,182.7,6.13,21.3,23.9,68.5,irrigar
132.5,41.6,179.8,6.16,20.8,23.8,67.2,irrigar
130.6,40.9,182.9,6.06,21.6,23.2,67.7,irrigar
127.2,41.4,182.2,6.03,21.3,22.0,67.9,irrigar
129.5,41.3,183.3,6.03,21.5,21.5,67.4,irrigar
131.2,40.4,178.6,6.14,21.1,21.3,68.9,irrigar
128.4,40.5,181.7,6.12,21.0,20.8,66.6,irrigar
127.3,40.6,178.1,6.17,21.0,20.2,68.0,irrigar
126.0,40.4,177.5,6.09,21.3,19.1,68.8,irrigar
129.1,40.0,177.9,6.21,21.5,18.7,68.4,irrigar
126.4,39.3,175.6,6.08,21.0,18.5,66.8,irrigar
124.9,39.4,176.5,6.04,21.4,17.5,67.0,irrigar
124.5,39.5,178.9,6.21,21.5,17.2,68.0,irrigar
125.2,40.3,177.6,6.22,21.2,16.5,67.4,irrigar
124.3,39.6,179.6,6.10,20.8,16.4,67.6,irrigar
126.9,38.8,178.8,6.27,21.3,15.6,67.6,irrigar
128.1,38.9,180.0,6.11,20.7,14.8,66.3,irrigar
127.6,39.4,174.7,6.26,21.0,14.3,67.3,irrigar
124.0,39.2,174.7,6.14,21.0,14.2,67.5,irrigar
126.1,39.0,173.7,6.17,21.2,13.3,67.6,irrigar
125.5,39.5,178.2,6.22,20.8,12.7,67.5,irrigar
126.6,39.2,174.5,6.12,20.6,12.0,67.3,irrigar
124.0,38.7,171.1,6.29,20.7,11.8,67.4,irrigar
125.9,38.9,174.6,6.30,21.6,11.1,69.1,irrigar
125.3,38.5,175.5,6.13,21.8,10.4,71.1,proteger
124.1,39.2,170.8,6.26,23.3,10.0,71.9,proteger
123.8,39.1,172.6,6.28,23.8,9.6,74.2,proteger
123.9,37.8,169.8,6.30,24.7,8.7,75.8,proteger
121.5,38.4,169.7,6.07,24.9,8.4,77.2,proteger
122.3,38.0,169.9,6.18,25.4,7.6,77.1,proteger
121.9,38.7,169.8,6.20,26.0,7.1,78.9,proteger
121.1,38.4,171.6,6.11,25.9,6.3,80.2,proteger
118.5,38.5,173.6,6.22,27.0,5.8,82.2,proteger
120.2,38.1,173.4,6.22,26.6,5.2,80.6,proteger
119.6,37.3,167.6,6.09,27.1,4.6,83.5,proteger
121.7,36.8,172.3,6.08,27.4,3.9,82.3,proteger
120.3,37.9,172.0,6.08,27.8,3.3,84.3,proteger
119.0,36.8,170.2,6.28,28.1,2.7,83.1,proteger
119.6,37.1,168.0,6.08,27.6,2.1,85.6,proteger
119.7,37.8,165.6,6.10,27.8,1.4,86.0,proteger
120.5,36.6,168.6,6.18,27.9,0.8,85.2,proteger
116.6,37.3,169.0,6.19,28.0,0.2,86.6,proteger
116.1,37.2,164.4,6.11,28.2,0.0,87.0,proteger
117.1,37.3,163.9,6.29,28.1,0.0,86.4,proteger
118.1,37.2,170.1,6.34,28.3,0.0,86.8,proteger
116.3,36.0,164.4,6.14,28.7,0.0,85.0,proteger
115.6,36.4,165.3,6.26,28.3,0.0,87.8,proteger
117.0,36.7,166.2,6.31,28.3,0.0,86.9,proteger
117.5,36.7,164.5,6.28,27.2,0.0,81.8,proteger
116.3,36.7,164.3,6.26,26.2,0.0,82.5,proteger
117.3,36.7,167.3,6.27,26.3,0.0,78.0,proteger
115.6,35.7,165.1,6.12,25.7,0.0,78.3,proteger
115.9,35.5,166.2,6.20,24.4,0.0,74.3,proteger
116.8,36.4,166.9,6.35,24.3,0.0,73.6,proteger
113.1,35.1,163.0,6.24,23.5,0.0,73.0,proteger
114.2,35.4,161.2,6.16,22.7,0.0,70.5,proteger
147.0,47.6,204.0,5.96,18.6,69.5,59.6,nao_fazer_nada
148.1,48.2,202.5,5.91,18.2,68.2,59.1,nao_fazer_nada
147.2,48.0,207.0,5.91,18.6,68.5,59.5,nao_fazer_nada
148.1,47.0,201.5,6.03,18.3,68.3,59.5,nao_fazer_nada
151.4,47.6,202.7,6.03,18.4,66.9,59.1,nao_fazer_nada
145.9,46.2,204.6,5.91,18.2,68.0,59.4,nao_fazer_nada
148.1,46.9,205.6,6.00,18.3,66.7,59.5,nao_fazer_nada
148.9,47.4,204.9,5.95,18.9,64.3,59.5,nao_fazer_nada
148.6,46.7,202.2,6.10,18.5,66.1,60.8,nao_fazer_nada
147.7,47.0,204.7,5.94,18.7,65.1,61.6,nao_fazer_nada
145.4,46.5,199.6,6.08,19.1,64.6,60.8,nao_fazer_nada
147.5,47.0,199.8,5.97,19.1,63.8,61.9,nao_fazer_nada
143.6,46.1,199.0,6.07,18.8,63.4,61.7,nao_fazer_nada
145.1,46.7,203.1,6.04,19.2,63.0,62.3,nao_fazer_nada
148.3,45.5,196.3,6.05,18.8,62.0,61.4,nao_fazer_nada
145.0,46.4,201.7,5.97,18.8,61.7,62.4,nao_fazer_nada
145.4,45.9,196.1,5.99,19.4,60.3,61.4,nao_fazer_nada
156.9,49.3,213.7,5.93,19.5,73.6,62.2,nao_fazer_nada
158.8,50.0,209.6,6.13,19.1,74.3,62.4,nao_fazer_nada
156.0,50.0,213.4,6.06,19.1,72.6,63.2,nao_fazer_nada
157.8,49.0,209.8,6.11,19.7,73.4,62.0,nao_fazer_nada
155.1,50.0,207.7,5.95,19.2,71.3,61.6,nao_fazer_nada
156.0,48.8,214.1,5.97,19.6,73.1,63.7,nao_fazer_nada
152.6,49.7,209.1,6.05,19.3,71.5,64.1,nao_fazer_nada
157.1,49.2,207.9,6.03,19.3,70.6,62.8,nao_fazer_nada
155.0,49.8,207.1,6.03,19.9,70.1,63.9,nao_fazer_nada
152.4,49.4,212.0,6.01,19.6,70.0,63.1,nao_fazer_nada
154.5,48.3,205.4,6.12,19.6,68.9,63.8,nao_fazer_nada
152.3,48.9,211.7,6.13,20.1,68.1,64.8,nao_fazer_nada
153.2,48.6,205.6,6.16,19.8,69.4,63.4,nao_fazer_nada
155.6,48.6,206.0,6.12,19.9,66.6,64.9,nao_fazer_nada
151.6,48.5,208.9,6.07,20.7,66.2,66.5,nao_fazer_nada
153.1,48.1,206.3,6.01,22.0,65.4,69.7,nao_fazer_nada
149.8,47.7,208.2,6.09,22.4,64.9,71.2,proteger
150.5,47.9,210.3,6.10,23.1,64.4,71.7,proteger
152.4,48.8,210.1,6.12,23.9,64.5,74.3,proteger
148.0,48.7,202.7,6.02,24.3,63.6,74.0,proteger
151.6,46.9,203.3,5.99,24.1,63.1,71.7,proteger
152.4,47.2,204.9,5.97,24.5,63.1,72.1,proteger
148.6,46.9,204.5,6.20,24.4,61.4,69.0,proteger
149.6,46.5,205.5,6.02,24.3,62.3,68.4,proteger
152.1,46.9,205.8,6.06,24.1,60.1,70.2,proteger
147.9,46.5,203.9,6.07,24.6,59.9,67.3,proteger
146.6,47.3,203.9,6.01,24.4,60.5,67.1,proteger
150.8,46.7,205.8,6.06,24.3,59.6,66.9,proteger
150.2,46.3,206.3,6.13,24.2,59.1,66.2,proteger
150.2,46.0,202.6,6.14,24.4,57.6,65.6,proteger
146.4,46.9,205.9,6.20,24.6,57.4,64.9,proteger
148.9,46.2,199.7,6.19,25.2,58.1,66.3,proteger
147.9,46.6,205.1,6.16,24.9,57.2,64.3,proteger
146.8,46.8,201.2,6.11,24.8,56.1,66.1,proteger
146.2,46.4,201.9,6.15,24.4,55.5,65.9,proteger
145.7,47.0,201.6,5.99,24.5,55.9,63.9,proteger
143.5,47.0,202.4,6.13,25.2,55.0,65.3,proteger
144.9,46.4,196.6,6.11,24.6,53.8,63.4,proteger
143.4,45.8,201.2,6.18,24.6,52.6,63.7,proteger
143.9,44.9,200.7,6.02,24.0,52.1,63.6,proteger
144.8,45.7,195.1,6.15,23.0,50.9,62.5,proteger
143.3,45.4,194.6,6.08,22.7,50.5,62.9,proteger
143.3,45.2,199.8,6.00,22.7,51.6,62.8,proteger
145.8,44.6,197.1,6.21,22.1,50.5,61.4,proteger
142.1,45.0,198.9,6.23,21.8,49.1,61.7,irrigar
141.8,45.8,199.1,6.02,21.1,48.5,62.7,irrigar
140.5,45.8,200.5,6.08,20.9,48.4,62.4,irrigar
140.6,45.1,199.9,6.10,20.7,47.7,62.2,irrigar
141.5,45.8,192.5,6.09,20.8,47.8,61.1,irrigar
141.4,44.0,197.6,6.25,20.4,46.0,60.6,irrigar
142.8,44.0,192.3,6.23,20.6,46.9,60.7,irrigar
140.2,43.7,195.1,6.16,20.3,46.3,61.1,irrigar
139.7,44.3,197.5,6.15,19.9,45.4,61.5,irrigar
140.7,44.1,191.9,6.10,19.8,44.9,60.6,irrigar
142.7,43.7,194.7,6.09,19.9,44.2,60.7,irrigar
140.3,43.8,195.6,6.16,20.0,43.2,60.9,irrigar
139.5,43.2,195.2,6.22,19.3,42.7,59.5,irrigar
140.5,43.2,193.5,6.27,19.7,41.9,60.6,irrigar
141.9,44.8,192.7,6.17,19.5,42.4,61.7,irrigar
137.0,43.4,194.2,6.24,19.2,41.4,61.0,irrigar
150.4,46.8,207.2,6.12,19.1,55.4,61.0,irrigar
148.6,46.9,208.5,6.09,19.3,54.7,59.3,irrigar
147.0,46.9,202.7,6.23,18.7,54.7,60.6,irrigar
152.6,46.6,203.2,6.20,19.3,54.7,59.2,irrigar
152.0,46.7,206.1,6.19,18.8,52.4,59.7,irrigar
149.4,46.3,205.6,6.20,19.0,52.6,60.4,irrigar
147.7,46.5,207.7,6.22,18.5,52.5,59.4,irrigar
150.5,46.6,201.2,6.05,18.5,51.1,61.3,irrigar
149.9,47.4,204.8,6.18,19.1,50.2,61.2,irrigar
148.7,46.5,199.1,6.19,18.6,49.8,61.1,irrigar
148.7,46.3,202.9,6.11,18.4,50.2,60.9,irrigar
148.0,46.8,199.5,6.24,18.4,48.5,60.5,irrigar
146.3,45.6,201.0,6.10,18.4,49.3,60.2,irrigar
145.8,46.7,198.4,6.13,18.8,47.0,61.3,irrigar
145.7,46.9,202.9,6.27,18.9,46.7,60.2,irrigar
147.2,45.6,203.4,6.13,19.2,44.8,60.4,irrigar
147.4,46.7,200.4,6.19,19.2,45.3,63.0,irrigar
142.6,45.8,202.5,6.14,19.0,43.3,61.7,irrigar
143.1,46.4,200.2,6.13,19.1,42.6,62.5,irrigar
145.4,45.9,195.8,6.30,19.8,41.3,62.9,irrigar
146.3,45.4,195.9,6.11,19.5,40.6,63.0,irrigar
144.9,45.2,196.6,6.24,19.7,39.3,63.6,irrigar
145.8,45.9,196.6,6.32,19.4,38.3,62.5,irrigar
142.9,44.7,196.2,6.26,19.4,38.5,64.3,irrigar
141.5,44.5,198.4,6.27,19.5,36.9,62.8,irrigar
144.7,45.5,197.8,6.20,19.6,35.4,64.1,irrigar
141.8,45.2,195.0,6.17,19.4,34.9,63.9,irrigar
141.7,44.6,199.6,6.29,19.6,33.6,64.1,irrigar
140.8,44.2,197.9,6.14,19.9,33.6,63.1,irrigar
141.1,44.8,195.3,6.27,19.5,32.2,62.9,irrigar
140.5,45.3,198.6,6.30,19.5,30.9,61.9,irrigar
143.0,44.0,195.2,6.17,19.2,29.9,62.4,irrigar
143.6,43.9,196.0,6.16,19.6,29.1,62.8,irrigar
143.5,43.9,192.3,6.29,19.6,28.6,63.3,irrigar
139.6,43.9,193.3,6.15,19.6,26.8,61.6,irrigar
140.0,43.5,196.4,6.34,19.4,26.8,61.4,irrigar
139.0,43.2,192.0,6.23,19.1,25.9,62.7,irrigar
138.6,43.2,196.1,6.18,19.4,25.3,62.5,irrigar
138.0,43.8,191.5,6.23,19.5,24.6,61.5,irrigar
140.5,43.0,194.8,6.34,19.5,24.0,63.2,irrigar
136.9,43.4,188.2,6.19,19.4,23.8,62.2,irrigar
136.4,43.2,188.1,6.30,19.0,23.3,62.2,irrigar
146.9,48.3,203.4,6.03,18.3,69.8,60.1,nao_fazer_nada
149.3,47.7,202.6,6.01,18.5,68.7,60.6,nao_fazer_nada
147.0,47.9,205.9,6.09,18.5,67.0,59.0,nao_fazer_nada
146.2,46.2,204.1,6.05,18.3,66.7,59.7,nao_fazer_nada
150.8,46.5,200.9,6.12,18.9,68.5,60.4,nao_fazer_nada
149.3,46.0,203.6,5.89,18.7,66.9,59.5,nao_fazer_nada
149.2,46.6,201.0,5.95,18.6,65.0,60.2,nao_fazer_nada
148.0,46.5,203.4,6.08,18.7,65.7,61.6,nao_fazer_nada
147.0,47.3,204.5,6.01,19.0,65.6,61.0,nao_fazer_nada
149.8,46.0,204.2,6.06,18.7,64.7,61.5,nao_fazer_nada
145.7,45.6,201.1,5.99,19.1,63.1,61.7,nao_fazer_nada
145.7,46.3,199.9,6.00,19.2,64.3,60.4,nao_fazer_nada
144.3,45.5,198.0,5.94,18.8,62.5,61.7,nao_fazer_nada
143.1,46.2,200.0,5.96,19.0,62.4,61.8,nao_fazer_nada
143.4,46.4,200.5,5.93,18.8,60.4,60.8,nao_fazer_nada
145.8,45.5,200.3,6.06,19.3,60.3,62.3,nao_fazer_nada
145.5,45.6,198.6,6.04,19.1,59.6,61.9,irrigar
143.4,46.0,198.2,5.93,19.0,60.6,62.4,nao_fazer_nada
144.0,46.3,196.8,6.11,19.0,59.9,61.1,irrigar
144.5,46.2,197.0,5.96,19.0,58.9,62.1,irrigar
144.4,44.7,196.3,6.07,19.4,58.5,63.1,irrigar
145.9,44.7,198.2,6.15,19.5,56.8,62.2,irrigar
140.5,45.4,200.1,6.11,19.2,57.8,62.8,irrigar
153.6,49.5,208.4,6.10,19.7,72.5,61.7,nao_fazer_nada
153.2,49.1,211.8,5.98,19.5,71.4,59.7,nao_fazer_nada
151.1,48.2,211.1,5.94,18.6,73.0,56.7,nao_fazer_nada
156.8,48.6,213.3,6.08,18.3,70.4,54.0,nao_fazer_nada
156.4,48.1,207.9,6.05,18.7,70.5,51.5,nao_fazer_nada
152.9,47.7,206.1,6.06,18.4,71.2,49.1,nao_fazer_nada
155.5,47.9,211.6,6.05,18.1,72.3,47.9,nao_fazer_nada
153.0,49.0,211.1,6.09,18.2,73.2,47.2,nao_fazer_nada
150.5,48.6,206.8,6.12,18.0,72.0,44.6,nao_fazer_nada
154.4,47.4,205.4,6.10,17.4,71.1,44.3,nao_fazer_nada
149.4,48.6,204.5,5.97,17.5,71.6,43.0,nao_fazer_nada
153.4,47.6,206.8,5.95,17.4,72.0,41.2,nao_fazer_nada
152.5,46.9,204.2,6.10,17.7,72.6,40.4,nao_fazer_nada
151.5,47.8,207.4,6.17,17.1,72.6,39.8,nao_fazer_nada
150.4,47.8,207.5,6.06,17.5,72.4,38.9,nao_fazer_nada
150.3,46.9,202.1,6.10,17.4,73.0,38.8,nao_fazer_nada
148.8,47.1,204.3,6.08,17.0,73.3,37.9,nao_fazer_nada
151.3,48.0,201.2,6.16,17.6,71.0,36.4,nao_fazer_nada
150.9,47.9,202.3,6.06,17.1,71.5,37.2,nao_fazer_nada
150.5,47.1,203.8,6.10,17.5,71.7,36.4,nao_fazer_nada
151.2,46.8,204.0,6.14,17.5,73.5,36.0,nao_fazer_nada
148.6,47.1,207.0,6.13,17.5,73.4,35.7,nao_fazer_nada
145.3,47.2,201.6,6.17,17.5,72.9,34.7,nao_fazer_nada
145.7,46.5,204.5,6.20,17.5,73.8,35.1,nao_fazer_nada
144.9,46.7,200.0,6.14,17.2,71.8,34.7,nao_fazer_nada
144.6,46.4,198.7,6.22,17.8,71.3,38.1,travar_irrigacao
148.4,45.9,203.2,6.09,17.7,70.4,40.9,nao_fazer_nada
149.5,46.4,204.7,6.00,18.2,69.7,43.8,nao_fazer_nada
143.5,45.7,197.0,6.01,18.8,70.6,46.3,nao_fazer_nada
145.0,46.8,200.6,6.16,19.1,68.5,48.2,nao_fazer_nada
146.7,45.9,197.7,6.03,18.9,69.6,49.0,nao_fazer_nada
148.2,45.1,198.3,6.11,19.1,69.0,51.8,nao_fazer_nada
147.5,46.4,203.2,6.18,19.5,68.6,52.8,nao_fazer_nada
143.0,45.6,199.6,6.07,19.6,68.2,54.8,nao_fazer_nada
143.9,46.4,198.1,6.17,19.9,67.9,56.9,nao_fazer_nada
143.6,46.1,195.4,6.10,19.6,66.6,56.8,nao_fazer_nada
146.8,45.2,197.7,6.19,20.0,65.5,59.2,nao_fazer_nada
145.0,46.2,199.8,6.11,20.0,65.9,59.1,nao_fazer_nada
145.1,45.9,195.5,6.04,20.1,65.3,58.9,nao_fazer_nada
141.4,45.7,195.9,6.13,20.4,64.8,60.0,nao_fazer_nada
140.3,44.8,193.0,6.06,20.6,64.0,60.7,nao_fazer_nada
145.0,45.0,193.6,6.03,20.6,63.5,61.2,nao_fazer_nada
143.4,44.0,192.0,6.23,20.4,61.9,61.9,travar_irrigacao
142.1,44.1,193.5,6.05,20.7,61.4,63.2,nao_fazer_nada
143.8,44.6,195.7,6.24,20.7,60.3,64.7,travar_irrigacao
141.6,44.9,197.7,6.20,20.7,61.5,64.6,travar_irrigacao
142.1,44.6,194.4,6.26,20.7,60.4,64.8,travar_irrigacao
139.5,44.9,194.9,6.25,21.1,59.8,64.4,irrigar
152.2,48.5,210.0,6.18,20.6,73.1,64.1,nao_fazer_nada
155.0,47.5,204.3,6.17,21.3,73.2,65.5,nao_fazer_nada
152.1,48.0,207.2,6.23,20.8,72.5,66.3,travar_irrigacao
148.5,47.2,204.2,6.06,21.2,73.1,65.3,nao_fazer_nada
148.5,47.2,202.4,6.15,21.2,72.5,65.8,nao_fazer_nada
150.1,48.5,208.0,6.10,20.8,70.9,64.6,nao_fazer_nada
153.6,48.6,209.1,6.18,20.9,70.4,66.6,nao_fazer_nada
150.9,47.6,206.1,6.22,21.2,70.1,65.6,travar_irrigacao
147.3,47.6,208.2,6.14,21.3,70.3,65.4,nao_fazer_nada
152.0,46.9,205.3,6.16,21.3,68.1,67.2,nao_fazer_nada
151.0,46.9,203.8,6.15,20.8,69.7,67.2,nao_fazer_nada
150.9,46.7,201.3,6.22,20.6,68.8,66.5,travar_irrigacao
146.4,47.8,207.7,6.10,20.9,68.0,66.8,nao_fazer_nada
150.1,46.6,204.0,6.18,21.4,66.3,66.9,nao_fazer_nada
146.1,46.8,203.1,6.18,21.9,65.9,69.8,nao_fazer_nada
147.9,47.5,205.8,6.15,22.9,66.5,70.2,proteger
149.6,47.3,201.8,6.13,23.1,64.2,72.6,proteger
146.5,45.7,199.7,6.30,24.4,64.1,73.9,proteger
146.3,46.3,205.5,6.26,25.0,64.0,75.7,proteger
149.4,47.2,197.2,6.18,25.3,64.2,76.1,proteger
147.2,46.9,202.2,6.10,25.5,62.6,77.4,proteger
144.3,46.5,200.9,6.07,26.4,62.7,79.6,proteger
147.7,45.9,201.8,6.20,27.0,61.1,82.3,proteger
147.5,45.5,199.8,6.14,27.4,62.1,83.1,proteger
143.9,45.2,202.4,6.29,27.3,60.9,81.8,proteger
146.8,45.0,197.8,6.27,27.2,58.8,81.4,proteger
146.6,46.6,199.1,6.15,27.0,58.7,79.7,proteger
144.0,45.1,198.4,6.30,26.7,58.5,77.6,proteger
143.5,46.0,195.4,6.16,25.8,58.8,74.7,proteger
145.2,45.1,200.7,6.25,26.1,58.0,73.0,proteger
144.7,45.3,200.3,6.10,25.5,55.6,72.1,proteger
141.8,45.1,196.4,6.15,25.1,55.7,72.6,proteger
141.9,44.3,197.9,6.32,25.1,54.9,68.9,proteger
144.1,44.2,197.2,6.19,24.8,54.5,69.8,proteger
141.5,45.1,197.2,6.31,25.2,54.3,69.3,proteger
142.5,45.1,194.8,6.15,24.6,54.5,68.6,proteger
147.1,47.3,200.9,5.92,18.2,68.7,60.5,nao_fazer_nada
146.7,46.8,206.8,6.06,18.5,69.2,58.9,nao_fazer_nada
147.6,47.7,205.7,6.11,18.6,68.1,60.5,nao_fazer_nada
147.7,47.1,201.7,6.00,18.3,67.7,61.1,nao_fazer_nada
145.6,47.0,201.2,6.02,18.5,67.7,60.8,nao_fazer_nada
146.2,47.8,200.1,6.12,18.4,67.7,60.5,nao_fazer_nada
148.2,46.1,201.1,6.04,18.5,67.2,60.1,nao_fazer_nada
147.6,47.4,198.3,5.97,19.0,66.8,60.4,nao_fazer_nada
147.3,47.5,201.6,5.98,18.7,65.5,59.9,nao_fazer_nada
148.9,46.1,200.1,5.94,18.5,63.1,61.6,nao_fazer_nada
146.8,46.0,204.4,5.92,18.9,64.8,61.4,nao_fazer_nada
147.0,45.7,199.5,5.95,18.9,62.8,61.4,nao_fazer_nada
145.6,46.4,200.1,6.07,18.6,62.5,62.2,nao_fazer_nada
145.7,45.3,200.2,5.98,19.1,61.4,60.9,nao_fazer_nada
143.9,46.8,198.1,5.96,18.7,60.5,61.6,nao_fazer_nada
147.0,46.1,201.1,6.07,18.7,60.0,62.0,nao_fazer_nada
144.3,46.0,200.4,6.03,19.0,60.6,61.9,nao_fazer_nada
145.6,45.9,199.9,6.14,19.4,58.9,61.6,irrigar
143.0,45.8,200.3,6.01,19.6,58.6,63.3,irrigar
143.1,46.3,198.9,6.09,19.5,57.9,61.5,irrigar
141.5,46.0,194.8,6.07,19.8,59.1,63.7,irrigar
143.3,45.0,194.1,5.96,19.8,57.5,63.3,irrigar
145.7,45.8,197.6,6.00,19.6,57.5,63.5,irrigar
154.8,48.5,214.4,6.14,19.8,72.7,62.5,nao_fazer_nada
157.3,48.7,208.0,6.15,19.5,71.8,62.0,nao_fazer_nada
152.1,48.0,213.2,5.98,19.9,69.1,62.8,nao_fazer_nada
156.9,48.3,212.5,6.02,19.6,70.5,63.7,nao_fazer_nada
154.7,49.3,210.7,6.00,19.5,70.6,62.7,nao_fazer_nada
152.1,48.5,207.5,6.16,20.2,67.5,62.9,nao_fazer_nada
155.7,49.1,211.6,5.99,19.8,68.6,63.9,nao_fazer_nada
152.9,47.6,208.8,5.95,20.2,68.6,64.1,nao_fazer_nada
152.2,48.1,205.2,6.06,20.3,66.0,65.0,nao_fazer_nada
152.1,47.8,206.5,6.12,20.0,66.4,65.3,nao_fazer_nada
153.8,47.3,204.6,6.05,20.4,65.8,64.0,nao_fazer_nada
153.1,47.6,208.6,6.05,20.1,64.4,63.8,nao_fazer_nada
151.0,48.3,210.0,5.96,20.3,64.9,64.8,nao_fazer_nada
147.9,47.5,207.7,6.19,20.6,64.0,65.2,nao_fazer_nada
150.0,47.5,203.0,6.17,21.2,62.7,69.3,nao_fazer_nada
148.7,47.4,208.8,6.07,22.3,62.6,70.9,proteger
147.8,47.1,208.9,5.98,23.1,63.4,72.1,proteger
150.0,47.5,207.1,6.15,24.4,61.2,75.7,proteger
147.0,47.8,203.8,6.18,24.3,61.3,75.9,proteger
147.9,48.1,203.3,5.99,25.1,59.7,76.9,proteger
150.7,46.4,202.4,6.15,26.3,59.2,79.6,proteger
145.7,46.8,206.1,6.15,26.1,59.9,81.0,proteger
145.8,47.1,199.0,6.12,26.7,58.0,81.8,proteger
147.3,47.2,202.3,6.21,27.7,57.7,83.9,proteger
149.5,47.0,205.0,6.06,27.6,56.9,84.7,proteger
150.2,46.6,205.8,6.06,27.5,57.1,82.9,proteger
147.4,45.7,203.7,6.18,27.5,56.8,80.9,proteger
148.4,46.1,201.5,6.04,27.4,56.6,78.4,proteger
144.5,45.5,201.9,6.08,26.4,54.8,75.1,proteger
146.2,45.4,198.4,6.03,26.4,54.3,74.5,proteger
146.2,45.9,201.0,6.16,26.1,53.2,72.7,proteger
143.4,46.0,198.2,6.20,26.5,53.3,73.1,proteger
144.7,45.3,202.0,6.16,26.6,53.1,71.1,proteger
143.7,45.8,197.2,6.22,26.6,53.1,70.8,proteger
146.2,45.7,198.7,6.05,26.1,51.6,71.3,proteger
145.1,45.9,198.6,6.07,26.1,51.1,70.4,proteger
142.7,45.3,199.1,6.00,26.1,50.0,68.6,proteger
142.8,45.3,198.9,6.21,25.5,49.0,69.4,proteger
144.7,46.0,194.5,6.13,24.7,48.4,67.5,proteger
143.1,44.5,193.2,6.11,24.8,49.3,66.7,proteger
143.2,44.9,198.2,6.17,23.5,47.3,66.1,proteger
139.9,45.3,197.8,6.10,23.2,48.3,66.7,proteger
142.9,45.3,196.8,6.07,23.0,47.5,65.8,proteger
144.2,43.9,192.6,6.07,22.7,46.1,65.3,proteger
141.7,45.5,196.4,6.25,22.4,46.3,63.7,proteger
140.7,44.9,195.1,6.05,21.6,45.9,64.7,irrigar
142.0,44.5,193.9,6.11,21.4,45.0,64.2,irrigar
142.8,45.2,190.3,6.11,21.5,44.8,64.0,irrigar
153.8,49.1,206.6,6.20,21.0,59.5,63.6,irrigar
149.4,48.5,211.2,6.22,20.9,57.3,61.4,irrigar
149.3,48.7,204.6,6.17,20.5,57.9,61.5,irrigar
151.4,47.4,205.8,6.17,20.6,57.8,61.1,irrigar
148.5,48.1,205.1,6.05,20.0,56.0,61.7,irrigar
151.5,48.4,205.9,6.12,20.1,55.7,62.7,irrigar
149.2,48.4,201.9,6.16,20.0,54.0,62.5,irrigar
152.4,48.4,206.2,6.06,19.9,55.1,63.1,irrigar
149.9,48.0,207.1,6.22,19.6,53.7,63.2,irrigar
152.2,47.2,204.6,6.26,19.8,52.5,62.8,irrigar
147.3,46.5,203.0,6.12,19.9,53.4,63.4,irrigar
148.5,47.9,206.3,6.12,20.1,52.0,62.9,irrigar
151.5,46.6,205.5,6.11,20.2,51.0,64.5,irrigar
147.6,47.6,202.7,6.24,20.1,51.5,64.2,irrigar
149.1,46.0,205.0,6.20,20.1,50.7,64.5,irrigar
149.9,46.0,202.2,6.26,20.1,49.5,63.6,irrigar
147.4,46.8,200.9,6.27,20.5,49.4,65.9,irrigar
146.9,47.0,198.8,6.12,20.6,49.5,64.9,irrigar
144.3,45.9,204.5,6.21,20.2,48.9,64.7,irrigar
147.4,46.0,200.5,6.27,20.7,47.5,64.2,irrigar
147.8,46.9,197.4,6.22,20.7,46.8,65.4,irrigar
148.8,45.3,199.0,6.17,20.7,46.5,65.1,irrigar
146.2,45.8,200.3,6.17,20.4,46.5,64.2,irrigar
147.0,46.9,200.5,6.23,21.8,45.4,66.5,irrigar
145.8,45.6,196.3,6.12,22.5,44.8,71.0,proteger
142.2,45.9,201.0,6.30,22.8,43.7,68.3,proteger
146.0,46.3,202.0,6.20,23.0,44.0,68.9,proteger
143.8,46.5,199.7,6.22,22.9,43.4,68.5,proteger
146.6,46.1,198.3,6.26,23.3,43.3,67.8,proteger
146.2,45.3,200.4,6.28,23.0,41.8,64.8,proteger
143.6,44.5,193.7,6.25,23.0,41.9,64.6,proteger
142.3,44.6,200.3,6.22,22.9,40.5,65.5,proteger
145.2,45.0,196.8,6.09,23.3,39.7,64.9,proteger
144.9,45.2,198.0,6.16,23.5,40.6,63.3,proteger
142.6,44.3,194.1,6.24,22.9,39.3,63.3,proteger
142.6,45.6,196.1,6.16,23.5,39.4,63.9,proteger
139.6,44.7,193.6,6.33,23.7,38.8,62.1,proteger
139.8,45.2,196.8,6.22,23.3,37.3,62.8,proteger
139.0,45.2,192.1,6.26,23.4,36.4,62.4,proteger
139.5,43.6,197.3,6.17,23.5,36.1,62.0,proteger
142.6,45.1,191.5,6.34,23.2,35.7,60.8,proteger
138.8,43.4,195.7,6.17,23.2,34.9,62.4,proteger
140.4,43.7,192.4,6.11,23.1,34.6,62.3,proteger
139.1,43.7,192.2,6.17,23.5,33.6,62.0,proteger
140.8,44.5,190.4,6.30,22.8,34.0,61.2,proteger
136.7,43.4,189.0,6.15,23.0,33.0,62.0,proteger
139.3,44.4,191.6,6.13,22.6,32.8,61.1,proteger
138.8,43.4,194.1,6.20,22.2,32.0,60.2,proteger
140.6,44.1,194.2,6.25,22.5,30.7,61.5,proteger
150.3,47.0,200.6,6.01,18.3,69.2,59.4,nao_fazer_nada
148.4,46.4,200.6,6.07,18.8,69.5,59.2,nao_fazer_nada
150.0,46.9,201.4,6.11,18.2,68.8,60.8,nao_fazer_nada
146.6,48.0,202.7,5.95,18.5,68.3,59.1,nao_fazer_nada
150.9,46.4,202.0,5.92,18.2,68.5,59.7,nao_fazer_nada
149.1,47.2,199.9,6.02,18.3,66.2,60.8,nao_fazer_nada
149.1,46.7,206.1,6.00,18.7,67.1,59.5,nao_fazer_nada
146.7,47.0,199.7,6.04,18.7,65.1,60.0,nao_fazer_nada
144.4,46.4,199.7,6.12,18.7,64.4,60.0,nao_fazer_nada
147.3,46.9,197.8,6.01,18.5,63.4,61.4,nao_fazer_nada
144.5,45.7,203.8,6.13,19.2,64.3,60.4,nao_fazer_nada
146.9,45.7,201.0,5.91,18.7,62.5,59.9,nao_fazer_nada
148.6,45.7,199.8,6.04,18.6,61.6,60.5,nao_fazer_nada
143.6,46.4,198.5,6.06,18.7,62.9,62.0,nao_fazer_nada
144.1,45.6,197.3,6.05,18.7,60.9,61.9,nao_fazer_nada
144.7,45.5,202.5,6.03,19.0,61.3,60.6,nao_fazer_nada
143.1,46.5,199.2,5.98,19.3,60.5,61.6,nao_fazer_nada
142.0,46.4,195.5,6.10,19.3,59.8,62.8,irrigar
146.4,45.6,197.5,5.96,19.3,60.4,61.1,nao_fazer_nada
145.4,45.3,199.0,5.98,19.2,58.0,62.2,irrigar
142.8,45.6,194.0,6.03,19.6,59.3,62.3,irrigar
141.0,45.3,199.2,6.06,19.2,58.3,63.1,irrigar
141.3,44.7,199.1,5.99,19.3,57.5,62.2,irrigar
140.5,44.7,194.2,6.09,19.3,57.4,63.2,irrigar
145.3,44.6,194.7,6.04,19.9,56.9,64.0,irrigar
142.2,45.0,192.2,6.17,19.4,56.4,64.5,irrigar
142.3,44.8,198.5,6.15,19.9,55.9,63.8,irrigar
141.4,44.4,195.4,6.00,19.7,54.2,63.4,irrigar
143.2,44.3,191.4,5.96,19.8,53.1,63.6,irrigar
143.0,44.7,191.6,5.97,19.9,53.3,62.8,irrigar
142.3,45.2,193.7,6.15,19.8,52.8,64.2,irrigar
142.7,43.6,193.7,5.93,19.8,52.0,63.6,irrigar
138.1,44.6,193.9,6.01,19.9,52.1,63.2,irrigar
139.6,43.6,194.3,6.02,19.9,50.5,64.2,irrigar
136.6,43.9,192.4,6.05,20.1,50.2,64.9,irrigar
134.1,44.2,195.1,5.96,20.1,49.8,65.1,irrigar
133.8,44.5,189.8,5.81,20.3,49.2,64.6,irrigar
132.9,43.6,193.5,5.81,20.5,47.8,65.3,irrigar
134.8,43.0,192.6,5.80,20.2,48.1,65.6,irrigar
141.9,47.9,206.7,5.72,20.5,62.3,64.2,travar_irrigacao
142.7,48.3,202.3,5.83,20.7,61.8,64.9,nao_fazer_nada
142.5,47.9,201.3,5.78,20.6,61.7,66.9,travar_irrigacao
137.9,48.1,205.8,5.77,20.5,60.4,66.8,travar_irrigacao
138.7,46.2,204.2,5.80,20.8,59.8,66.6,irrigar
138.6,47.5,202.7,5.67,20.6,59.1,66.8,irrigar
139.3,46.3,201.9,5.74,20.5,60.2,66.8,travar_irrigacao
133.7,46.6,204.7,5.68,20.5,59.3,67.3,irrigar
134.7,47.5,205.0,5.61,21.0,58.7,65.9,irrigar
134.1,46.4,198.4,5.49,20.5,56.8,67.7,irrigar
132.2,45.6,198.4,5.55,21.1,56.5,67.2,irrigar
133.0,46.8,204.6,5.42,20.8,56.1,66.6,irrigar
130.4,47.2,199.8,5.40,21.0,56.2,66.1,irrigar
130.2,45.6,203.5,5.38,20.9,55.4,66.4,irrigar
128.6,46.4,200.6,5.42,20.7,55.2,66.1,irrigar
127.5,45.3,202.7,5.42,20.8,53.9,67.1,irrigar
126.6,46.2,200.5,5.49,21.4,53.5,66.1,irrigar
126.9,45.0,202.5,5.38,20.9,53.3,68.6,irrigar
124.1,45.8,199.7,5.49,21.0,52.6,67.1,irrigar
125.1,45.2,195.1,5.42,21.3,52.7,66.7,irrigar
123.3,44.9,197.7,5.49,21.3,52.4,68.0,irrigar
123.0,45.6,198.4,5.35,21.2,50.6,67.6,irrigar
122.5,46.1,200.9,5.31,21.4,51.1,66.6,irrigar
124.6,45.8,198.7,5.33,20.9,50.7,68.3,irrigar
125.0,44.7,195.4,5.38,21.3,50.0,68.9,irrigar
123.3,45.1,192.5,5.33,20.9,49.2,68.6,irrigar
122.6,44.7,194.1,5.45,21.1,47.2,67.7,irrigar
121.1,45.0,199.3,5.33,21.5,47.2,68.6,irrigar
124.6,44.3,196.8,5.36,21.2,46.1,68.2,irrigar
124.4,43.8,191.9,5.52,21.3,45.8,67.1,irrigar
120.7,45.2,194.7,5.49,21.1,45.5,68.9,irrigar
119.3,43.8,191.3,5.43,21.6,45.8,66.6,irrigar
120.4,45.0,197.4,5.45,21.0,45.2,67.1,irrigar
121.1,43.7,191.5,5.38,21.6,44.7,68.1,irrigar
122.3,43.7,193.2,5.53,21.6,42.8,66.5,irrigar
118.8,43.5,195.8,5.40,21.0,42.6,67.6,irrigar
119.3,43.9,191.6,5.50,20.9,42.5,67.2,irrigar
118.5,44.2,189.4,5.41,21.1,42.1,68.5,irrigar
119.4,43.8,189.4,5.47,21.2,41.7,67.1,irrigar
120.1,43.1,192.9,5.54,20.9,40.1,68.7,irrigar
129.3,48.1,203.9,5.44,21.5,55.2,67.0,irrigar
129.4,47.1,201.4,5.50,20.9,54.8,66.1,irrigar
127.8,48.2,200.6,5.54,21.1,54.5,68.1,irrigar
129.7,46.9,201.2,5.36,21.3,53.3,66.6,irrigar
129.6,46.7,204.6,5.47,21.0,52.5,65.9,irrigar
130.6,47.1,200.5,5.51,21.0,52.4,67.7,irrigar
127.8,47.1,200.7,5.40,21.4,51.2,66.2,irrigar
128.3,46.2,204.9,5.47,21.1,51.5,66.2,irrigar
127.3,47.3,205.4,5.39,21.3,50.3,65.9,irrigar
128.4,47.5,199.9,5.51,21.0,49.2,65.7,irrigar
130.0,47.1,203.8,5.49,21.2,49.1,69.0,irrigar
127.1,46.6,201.7,5.48,21.8,48.1,71.1,proteger
125.0,45.6,202.1,5.57,22.7,47.7,71.4,proteger
128.1,46.1,202.5,5.36,23.3,47.1,74.7,proteger
128.9,46.2,200.2,5.42,24.4,47.1,75.8,proteger
125.8,45.3,203.4,5.53,25.0,46.5,77.6,proteger
124.1,45.4,201.9,5.51,25.5,45.3,79.5,proteger
125.5,45.2,199.1,5.49,26.3,45.8,79.2,proteger
127.5,46.2,199.1,5.55,26.0,45.6,81.3,proteger
126.8,45.7,201.1,5.58,27.1,43.5,80.1,proteger
124.0,45.8,197.2,5.43,26.6,44.1,83.0,proteger
122.6,46.0,200.0,5.48,27.0,42.2,83.2,proteger
123.0,44.6,197.7,5.51,27.0,42.8,82.5,proteger
121.7,45.1,195.0,5.51,27.8,41.7,84.2,proteger
123.1,44.4,196.8,5.52,28.2,41.3,83.2,proteger
123.3,45.6,199.9,5.49,28.1,41.1,85.6,proteger
120.9,45.6,192.6,5.55,28.4,39.9,86.1,proteger
121.3,44.8,196.0,5.43,28.4,38.6,84.8,proteger
124.4,45.1,196.6,5.43,27.9,38.2,86.2,proteger
124.0,44.4,198.3,5.54,28.9,38.0,84.4,proteger
124.0,45.4,198.0,5.55,28.3,38.1,84.0,proteger
123.0,44.9,196.5,5.42,29.1,37.2,84.9,proteger
121.3,44.0,197.6,5.54,28.8,35.8,85.4,proteger
122.6,44.5,193.8,5.46,28.6,35.0,84.7,proteger
122.3,44.5,194.7,5.44,28.6,34.7,83.3,proteger
118.3,44.5,191.5,5.60,26.8,33.7,81.0,proteger
118.6,43.1,195.2,5.42,26.4,33.8,80.4,proteger
122.0,43.4,189.1,5.54,25.5,32.9,78.0,proteger
120.0,43.7,192.7,5.54,25.5,32.8,75.4,proteger
150.6,48.1,206.3,6.12,18.7,70.8,61.1,nao_fazer_nada
150.2,47.5,207.9,6.12,18.3,69.0,58.9,nao_fazer_nada
148.8,46.9,202.0,5.97,18.3,68.1,60.3,nao_fazer_nada
148.0,47.5,199.6,6.12,18.9,68.3,60.7,nao_fazer_nada
147.1,46.6,200.5,6.03,18.4,68.4,61.1,nao_fazer_nada
150.9,46.1,206.0,5.99,18.9,66.3,60.1,nao_fazer_nada
146.1,47.1,203.7,5.95,18.3,66.2,61.3,nao_fazer_nada
144.8,47.0,202.6,6.09,18.6,65.6,60.3,nao_fazer_nada
145.1,47.1,204.4,6.07,18.8,64.9,59.6,nao_fazer_nada
148.9,47.3,204.9,6.03,18.8,64.3,60.8,nao_fazer_nada
146.8,46.2,202.1,6.06,18.7,63.7,61.9,nao_fazer_nada
144.0,47.2,197.1,6.07,19.2,63.4,60.9,nao_fazer_nada
144.3,46.1,203.5,5.97,18.7,62.8,60.9,nao_fazer_nada
142.9,46.7,198.9,6.12,18.9,61.3,62.1,nao_fazer_nada
143.6,46.7,198.0,6.14,19.0,61.4,60.8,nao_fazer_nada
144.4,46.8,199.2,6.06,19.4,60.9,62.6,nao_fazer_nada
145.2,46.3,202.6,6.15,18.8,60.9,62.9,nao_fazer_nada
145.7,46.3,195.1,6.05,19.3,60.7,62.7,nao_fazer_nada
144.8,45.9,201.7,5.99,19.3,58.4,63.3,irrigar
143.3,45.5,201.3,5.94,18.9,59.8,61.8,irrigar
141.3,45.6,194.7,5.93,19.2,58.2,61.6,irrigar
144.8,44.5,198.9,6.08,19.7,57.1,62.5,irrigar
140.4,46.1,197.7,6.06,19.8,56.2,63.1,irrigar
141.7,45.8,194.9,5.98,19.8,55.9,62.6,irrigar
143.4,44.4,197.8,5.95,19.7,56.8,63.3,irrigar
140.5,45.3,198.6,6.13,19.7,56.5,63.2,irrigar
142.2,44.1,194.3,5.96,20.0,54.0,63.4,irrigar
139.5,44.4,198.8,6.12,19.6,53.4,63.8,irrigar
142.5,44.6,198.7,6.12,19.8,54.7,63.0,irrigar
140.1,44.8,193.6,6.18,19.6,54.1,63.2,irrigar
142.6,44.3,196.2,6.17,20.0,52.1,64.6,irrigar
140.1,44.6,195.3,6.09,19.7,51.4,63.8,irrigar
142.2,43.3,192.5,6.11,19.7,50.5,64.6,irrigar
137.7,44.3,190.7,6.07,20.2,50.2,64.0,irrigar
137.1,43.7,194.2,6.05,20.4,51.4,66.0,irrigar
136.8,43.9,190.2,6.10,20.2,50.2,64.8,irrigar
136.5,43.2,188.9,5.98,20.3,49.1,64.8,irrigar
137.4,43.8,195.2,6.11,20.4,47.8,66.4,irrigar
133.5,43.6,191.3,5.97,20.6,47.5,65.6,irrigar
132.8,43.4,192.8,5.92,20.1,46.7,65.7,irrigar
135.4,43.3,193.1,5.96,20.4,47.0,65.2,irrigar
129.5,43.4,192.3,5.99,20.1,47.1,66.3,irrigar
128.3,43.8,187.4,5.93,20.8,46.4,66.1,irrigar
130.9,43.3,189.8,5.78,21.0,46.1,66.3,irrigar
127.8,43.1,187.2,5.76,20.8,44.0,65.0,irrigar
125.6,43.3,188.5,5.86,21.1,44.7,66.0,irrigar
124.1,42.5,188.5,5.80,20.8,43.0,66.5,irrigar
124.4,41.9,191.3,5.81,20.6,42.6,67.1,irrigar
126.4,42.4,184.2,5.75,20.7,43.3,65.7,irrigar
122.6,42.2,184.1,5.58,20.7,41.2,67.5,irrigar
123.4,42.4,186.2,5.69,21.1,41.6,65.8,irrigar
121.8,41.6,185.6,5.65,20.6,40.3,68.0,irrigar
118.8,42.3,189.7,5.60,20.9,40.0,67.6,irrigar
119.4,41.6,184.3,5.53,21.3,39.0,66.1,irrigar
115.7,42.8,183.6,5.44,21.3,39.7,66.5,irrigar
117.8,41.9,184.1,5.57,20.7,37.9,68.5,irrigar
116.0,41.3,187.9,5.36,21.4,37.6,67.0,irrigar
112.8,41.3,187.5,5.44,21.4,37.4,66.6,irrigar
112.1,41.8,181.3,5.31,20.9,37.0,68.5,irrigar
112.6,41.3,182.4,5.38,21.4,37.1,67.8,irrigar
111.5,41.8,182.0,5.40,21.5,36.0,67.5,irrigar
114.2,41.2,186.2,5.31,21.0,34.9,66.9,irrigar
109.9,41.0,185.8,5.41,21.2,34.5,68.2,irrigar
113.1,41.0,179.9,5.38,21.4,34.7,68.6,irrigar
112.5,41.1,180.2,5.31,21.4,33.9,67.4,irrigar
110.3,40.4,180.1,5.50,21.2,33.2,67.4,irrigar
112.6,40.4,184.3,5.40,21.4,31.9,67.5,irrigar
111.2,40.2,178.7,5.42,21.1,32.3,67.9,irrigar
111.1,40.9,180.4,5.31,20.9,30.8,68.9,irrigar
110.7,40.5,178.9,5.35,21.1,30.3,67.2,irrigar
108.6,41.0,177.6,5.35,21.3,30.5,67.1,irrigar
109.1,40.5,178.5,5.48,21.2,29.9,68.8,irrigar
110.4,40.0,179.4,5.35,21.4,28.6,67.5,irrigar
106.8,40.5,182.4,5.40,21.3,28.1,68.0,irrigar
106.8,39.7,181.4,5.43,20.9,28.4,68.4,irrigar
107.2,39.5,177.3,5.46,21.0,27.4,68.9,irrigar
108.8,39.1,175.6,5.46,21.0,26.4,68.2,irrigar
107.7,40.4,178.3,5.45,20.9,25.9,67.8,irrigar
107.9,40.1,179.3,5.51,21.4,25.3,66.6,irrigar
104.7,39.9,176.4,5.49,21.5,24.8,67.5,irrigar
108.1,39.9,180.0,5.52,20.9,25.1,67.1,irrigar
106.0,39.2,173.0,5.50,21.4,24.5,66.5,irrigar
105.9,40.0,178.6,5.46,20.8,23.8,67.8,irrigar
103.7,38.6,176.1,5.43,20.7,23.4,68.2,irrigar
103.9,39.5,172.8,5.52,21.2,22.0,68.0,irrigar
106.3,39.6,173.4,5.50,21.0,22.0,68.1,irrigar
105.7,38.7,177.5,5.55,20.7,21.7,62.9,irrigar
105.6,38.5,175.4,5.43,20.4,21.7,60.9,irrigar
105.8,39.3,173.8,5.36,20.1,22.2,58.1,irrigar
104.0,37.9,174.7,5.36,19.6,22.0,55.6,irrigar
103.1,37.8,171.3,5.52,19.5,22.2,53.4,irrigar
102.5,39.0,173.5,5.42,18.7,22.0,51.1,irrigar
103.3,38.6,175.6,5.38,19.1,22.3,48.8,irrigar
101.6,38.8,170.0,5.48,18.1,21.9,46.6,irrigar
100.7,37.4,169.3,5.38,18.0,21.9,45.7,irrigar
100.7,37.9,170.0,5.49,18.1,22.3,43.2,irrigar
102.1,38.4,172.9,5.53,18.0,22.7,43.1,irrigar
102.2,38.0,168.8,5.58,17.8,21.9,41.5,irrigar
101.7,37.3,173.4,5.37,17.2,22.5,40.2,irrigar
100.7,37.2,170.9,5.48,17.6,22.0,38.4,irrigar
101.4,36.7,167.4,5.53,17.1,22.3,38.1,irrigar
99.0,37.0,166.6,5.43,16.8,22.9,37.6,irrigar
101.1,37.0,169.5,5.39,17.0,22.7,36.1,irrigar
100.1,37.1,170.9,5.45,16.7,22.6,35.0,irrigar
99.5,37.5,168.2,5.58,16.6,22.6,35.3,irrigar
100.0,37.5,169.2,5.44,16.8,23.0,34.5,irrigar
100.4,36.4,164.9,5.44,16.6,23.1,33.5,irrigar
152.7,46.8,206.5,5.98,18.7,70.1,60.2,nao_fazer_nada
147.0,47.9,202.6,6.09,18.6,68.3,60.1,nao_fazer_nada
150.5,47.5,205.1,5.96,18.3,67.8,60.4,nao_fazer_nada
149.6,48.0,205.3,6.03,18.9,68.7,59.7,nao_fazer_nada
145.7,47.2,206.5,6.12,18.8,66.2,61.4,nao_fazer_nada
147.1,47.2,205.4,6.09,18.6,67.9,61.2,nao_fazer_nada
147.5,46.2,199.7,6.12,18.5,65.9,61.4,nao_fazer_nada
148.1,46.4,204.4,6.13,18.5,66.2,60.5,nao_fazer_nada
145.1,46.9,204.8,6.13,18.4,65.8,61.4,nao_fazer_nada
149.9,47.1,198.8,6.12,18.9,65.3,61.5,nao_fazer_nada
145.3,45.7,202.3,6.04,18.6,64.1,61.3,nao_fazer_nada
145.8,47.2,198.7,6.09,19.1,64.1,61.9,nao_fazer_nada
143.5,45.8,203.5,5.93,18.6,63.7,62.3,nao_fazer_nada
145.7,46.9,203.6,6.10,19.1,62.5,61.2,nao_fazer_nada
146.1,45.2,200.0,5.93,18.7,62.1,60.7,nao_fazer_nada
145.4,46.6,203.1,6.06,19.1,61.9,62.5,nao_fazer_nada
145.0,45.7,197.6,5.98,19.3,59.4,60.8,irrigar
155.2,48.9,210.2,5.92,19.1,73.8,61.6,nao_fazer_nada
158.0,49.5,210.2,5.96,19.3,74.3,61.9,nao_fazer_nada
158.8,49.1,211.0,5.96,19.0,74.0,61.2,nao_fazer_nada
157.5,50.0,214.6,5.99,19.6,73.5,62.7,nao_fazer_nada
158.4,48.6,211.6,6.16,19.7,73.4,61.8,nao_fazer_nada
153.6,49.8,214.0,6.04,19.7,72.6,63.7,nao_fazer_nada
154.9,48.7,213.2,6.02,19.9,70.2,62.3,nao_fazer_nada
151.5,49.8,207.7,6.00,19.7,69.7,62.3,nao_fazer_nada
154.5,49.5,211.9,6.05,20.0,70.1,63.8,nao_fazer_nada
156.0,49.6,213.4,6.00,19.4,69.1,63.0,nao_fazer_nada
151.0,48.6,212.4,6.05,19.5,68.5,64.4,nao_fazer_nada
152.8,49.4,205.0,6.17,20.2,69.7,63.9,nao_fazer_nada
151.5,48.3,209.2,6.08,19.5,67.1,63.8,nao_fazer_nada
150.4,49.2,209.6,6.17,19.9,66.3,64.0,nao_fazer_nada
150.4,49.0,211.2,6.04,19.7,66.7,63.5,nao_fazer_nada
149.8,47.9,208.9,6.13,20.2,65.6,63.9,nao_fazer_nada
149.4,48.4,204.8,6.03,20.2,65.3,63.8,nao_fazer_nada
152.0,48.4,207.6,6.06,20.3,64.5,65.3,nao_fazer_nada
150.4,47.5,206.3,5.98,20.6,63.6,65.1,nao_fazer_nada
151.5,47.3,205.8,5.97,20.3,64.5,64.0,nao_fazer_nada
147.6,46.7,204.6,6.13,20.3,62.9,64.0,nao_fazer_nada
152.3,48.6,201.3,6.17,20.5,62.5,65.0,nao_fazer_nada
148.5,47.3,202.9,6.16,20.1,62.7,65.5,nao_fazer_nada
148.6,46.6,207.2,6.13,20.5,62.0,66.9,nao_fazer_nada
145.3,47.7,202.2,5.94,20.4,60.3,64.9,nao_fazer_nada
147.8,47.8,201.0,5.89,20.8,61.5,66.5,nao_fazer_nada
147.5,47.5,204.8,6.01,20.9,60.3,65.5,nao_fazer_nada
144.7,46.6,200.7,5.99,20.8,59.1,66.4,irrigar
145.0,46.1,206.4,5.94,20.6,58.3,66.2,irrigar
140.9,47.3,203.1,5.79,20.4,58.9,65.8,irrigar
150.0,50.2,217.1,5.90,20.7,72.5,66.7,nao_fazer_nada
150.4,51.6,214.3,5.89,21.0,71.1,67.7,nao_fazer_nada
149.7,50.9,217.2,5.76,21.2,70.9,67.7,travar_irrigacao
147.7,50.6,214.8,5.86,20.5,72.7,68.0,nao_fazer_nada
149.5,50.3,216.1,5.69,21.0,69.8,67.2,travar_irrigacao
145.2,50.5,211.9,5.64,20.6,70.9,66.8,travar_irrigacao
144.9,51.1,214.8,5.95,21.3,58.1,68.0,irrigar
146.2,49.3,213.8,5.89,20.7,56.2,66.9,irrigar
144.0,50.8,211.0,5.98,20.7,55.9,67.2,irrigar
144.7,50.3,212.6,5.95,20.8,56.3,66.7,irrigar
140.1,50.6,212.2,5.77,21.1,54.9,66.9,irrigar
138.8,50.4,213.0,5.79,21.5,54.5,68.4,irrigar
152.0,54.0,225.8,5.77,21.3,69.3,68.1,travar_irrigacao
153.2,53.9,226.4,5.87,21.3,70.2,68.5,nao_fazer_nada
149.8,52.7,229.0,5.71,21.3,68.7,67.2,travar_irrigacao
149.2,52.2,225.2,5.77,21.3,68.4,68.2,travar_irrigacao
148.8,54.1,226.2,5.75,21.5,67.2,68.9,travar_irrigacao
145.9,52.4,220.8,5.65,21.3,65.6,67.3,travar_irrigacao
148.7,53.8,224.8,5.94,21.1,54.3,68.5,irrigar
149.6,52.6,219.4,6.05,21.1,52.9,67.6,irrigar
148.2,53.5,223.1,6.09,21.1,53.9,68.9,irrigar
146.8,52.6,222.0,6.06,21.3,52.1,66.6,irrigar
145.7,52.2,224.6,5.90,21.1,52.4,67.1,irrigar
147.3,52.1,219.0,6.10,21.1,52.1,67.5,irrigar
155.3,56.9,233.6,6.11,20.8,67.0,66.5,nao_fazer_nada
158.7,55.4,239.0,6.04,21.5,64.4,68.0,nao_fazer_nada
154.7,55.8,233.0,5.91,21.2,65.8,67.8,nao_fazer_nada
158.9,56.8,231.3,5.97,21.4,64.4,67.8,nao_fazer_nada
157.3,56.1,233.5,6.00,20.9,63.4,66.5,nao_fazer_nada
155.1,55.6,237.1,6.01,21.5,61.9,68.3,nao_fazer_nada
155.7,55.1,232.7,6.00,21.2,62.6,68.6,nao_fazer_nada
158.1,56.1,236.6,6.11,20.9,62.6,66.8,nao_fazer_nada
152.4,54.6,230.2,5.93,21.4,60.2,67.0,nao_fazer_nada
154.9,56.0,231.1,5.97,21.2,61.8,68.5,nao_fazer_nada
155.5,55.5,232.8,6.03,21.4,60.4,66.0,nao_fazer_nada
151.8,55.0,234.7,6.12,20.8,58.7,66.7,irrigar
167.2,59.9,246.1,5.97,21.0,73.7,67.9,nao_fazer_nada
165.0,59.7,241.1,5.92,21.3,73.0,66.7,nao_fazer_nada
166.1,58.1,243.0,6.13,20.8,72.5,66.0,nao_fazer_nada
166.8,59.2,249.0,5.96,21.4,73.1,66.6,nao_fazer_nada
167.2,58.4,242.6,5.98,20.8,70.6,67.0,nao_fazer_nada
166.5,58.6,240.9,6.11,20.5,70.2,65.5,nao_fazer_nada
164.1,58.6,239.5,5.93,20.9,71.3,65.8,nao_fazer_nada
161.4,57.9,239.2,5.94,20.9,70.0,66.9,nao_fazer_nada
160.5,58.1,239.1,5.98,20.5,68.5,65.8,nao_fazer_nada
161.4,59.2,244.5,6.11,20.4,67.7,65.3,nao_fazer_nada
161.1,59.2,241.1,5.95,20.8,67.3,67.0,nao_fazer_nada
159.6,57.1,242.8,6.03,21.6,68.1,66.9,nao_fazer_nada
160.3,57.1,244.2,6.00,22.1,67.1,69.4,proteger
158.5,56.9,244.1,6.10,23.0,67.9,71.7,proteger
160.9,57.1,237.1,6.07,24.1,65.7,73.5,proteger
159.8,57.8,240.1,6.16,24.1,64.7,76.6,proteger
164.0,58.3,239.9,6.14,25.0,64.0,76.3,proteger
160.1,56.9,243.1,6.10,25.1,64.3,76.3,proteger
160.8,57.5,243.6,6.08,25.9,64.8,79.1,proteger
150.7,47.1,201.2,6.03,18.7,70.5,61.2,nao_fazer_nada
150.5,47.8,207.1,6.10,18.2,69.6,58.9,nao_fazer_nada
150.5,47.4,204.6,6.00,18.4,69.2,61.0,nao_fazer_nada
147.1,48.0,204.9,6.09,18.9,68.0,59.7,nao_fazer_nada
147.7,47.8,203.2,6.13,18.4,68.4,59.2,nao_fazer_nada
147.9,47.4,200.4,5.93,19.0,67.0,61.0,nao_fazer_nada
145.3,46.6,204.6,6.08,18.6,65.4,60.8,nao_fazer_nada
145.2,46.4,200.0,5.95,18.3,66.0,59.7,nao_fazer_nada
144.5,45.8,200.8,5.96,18.8,66.1,61.8,nao_fazer_nada
146.3,46.2,202.4,6.12,18.6,63.2,60.1,nao_fazer_nada
148.7,45.7,197.8,5.98,18.8,63.4,61.8,nao_fazer_nada
145.1,46.5,203.1,5.99,19.0,64.5,60.1,nao_fazer_nada
148.4,45.6,202.5,6.07,18.8,63.4,60.0,nao_fazer_nada
145.0,46.9,204.1,6.10,18.9,61.7,60.3,nao_fazer_nada
145.2,45.5,198.2,5.98,19.2,61.4,62.4,nao_fazer_nada
145.8,46.1,198.0,6.00,19.4,60.9,61.3,nao_fazer_nada
147.1,46.1,197.6,6.10,19.0,59.7,61.5,irrigar
142.8,45.8,196.1,6.04,19.1,59.4,61.1,irrigar
146.9,44.8,201.1,5.94,19.2,59.3,63.4,irrigar
145.1,44.8,198.8,5.94,19.6,58.2,61.7,irrigar
142.8,44.6,201.2,5.92,19.4,57.4,61.4,irrigar
145.1,45.0,193.9,6.09,19.4,58.3,62.7,irrigar
141.6,45.8,193.2,6.03,19.1,57.2,63.0,irrigar
152.9,49.4,208.2,5.96,19.4,72.3,63.0,nao_fazer_nada
156.4,48.8,208.3,6.17,19.5,72.6,62.8,nao_fazer_nada
154.3,48.4,210.6,5.95,19.4,70.0,58.5,nao_fazer_nada
151.2,48.8,213.1,6.07,18.8,70.5,55.2,nao_fazer_nada
150.7,48.6,208.0,6.18,18.6,70.7,54.5,nao_fazer_nada
152.1,48.4,206.8,5.97,18.3,70.0,52.2,nao_fazer_nada
155.2,47.7,210.4,6.17,18.1,70.7,50.2,nao_fazer_nada
150.1,48.7,206.4,6.08,18.1,71.1,47.8,nao_fazer_nada
153.3,48.5,206.8,6.14,17.9,71.8,45.7,nao_fazer_nada
152.6,47.5,211.5,5.95,17.4,71.1,45.0,nao_fazer_nada
151.2,47.4,206.1,6.06,17.9,71.3,43.1,nao_fazer_nada
154.1,47.6,204.0,6.11,17.6,71.6,42.5,nao_fazer_nada
148.9,48.2,206.6,6.00,17.6,71.2,40.8,nao_fazer_nada
152.8,47.8,209.1,6.11,17.5,70.4,41.0,nao_fazer_nada
149.4,47.0,207.9,6.18,17.7,72.4,39.2,nao_fazer_nada
153.0,47.2,201.9,6.04,17.6,71.7,38.9,nao_fazer_nada
151.5,47.5,208.8,6.13,17.4,72.2,37.9,nao_fazer_nada
151.2,48.0,201.1,6.06,17.1,72.8,37.9,nao_fazer_nada
146.8,46.9,206.2,6.16,17.2,73.3,36.3,nao_fazer_nada
149.0,46.8,204.3,6.12,17.0,73.3,36.5,nao_fazer_nada
146.5,47.0,201.4,6.14,17.4,71.7,35.9,nao_fazer_nada
147.6,47.6,207.0,6.21,17.3,72.8,35.1,travar_irrigacao
146.7,46.5,198.9,6.04,17.2,72.4,35.7,nao_fazer_nada
145.7,46.7,199.3,6.02,17.3,73.3,35.2,nao_fazer_nada
148.0,47.4,200.6,6.10,17.2,72.5,35.3,nao_fazer_nada
149.3,46.4,199.8,6.03,17.6,71.9,35.9,nao_fazer_nada
145.4,46.0,202.5,6.20,18.0,70.3,38.7,travar_irrigacao
147.9,46.2,202.9,5.98,17.9,70.7,42.4,nao_fazer_nada
145.9,47.2,200.2,6.06,18.6,69.6,44.9,nao_fazer_nada
147.0,46.3,199.5,6.16,18.9,69.2,46.1,nao_fazer_nada
148.3,46.3,196.9,6.04,18.6,68.3,48.0,nao_fazer_nada
146.0,45.8,196.2,6.07,18.8,68.1,50.9,nao_fazer_nada
145.0,45.0,195.9,6.01,19.6,69.3,51.2,nao_fazer_nada
143.1,46.5,198.0,6.17,19.2,67.1,54.3,nao_fazer_nada
146.7,46.2,195.1,6.16,19.4,65.6,54.0,nao_fazer_nada
145.8,45.0,195.3,6.00,20.0,65.0,55.9,nao_fazer_nada
146.2,44.6,200.4,6.04,20.0,66.1,58.1,nao_fazer_nada
144.9,44.7,199.7,6.16,20.1,65.9,57.9,nao_fazer_nada
142.2,45.5,197.7,6.23,20.0,65.6,59.6,travar_irrigacao
143.9,46.1,196.4,6.13,20.6,63.5,59.4,nao_fazer_nada
142.7,45.6,198.2,6.12,20.5,62.6,59.9,nao_fazer_nada
143.5,44.7,197.5,6.04,20.8,64.0,61.3,nao_fazer_nada
144.1,45.2,192.9,6.15,20.3,62.8,61.5,nao_fazer_nada
143.1,45.2,194.0,6.19,20.8,61.5,63.4,nao_fazer_nada
140.3,44.4,198.7,6.06,20.5,61.7,64.0,nao_fazer_nada
143.6,44.0,196.5,6.04,20.9,59.8,64.5,irrigar
139.0,43.9,196.8,6.22,20.9,60.2,65.1,travar_irrigacao
141.8,44.1,190.7,6.09,20.9,58.6,64.1,irrigar
150.1,47.9,206.5,6.26,21.3,73.8,63.9,travar_irrigacao
150.6,47.9,208.5,6.21,20.9,74.6,64.4,travar_irrigacao
151.7,47.7,210.9,6.17,21.0,74.2,66.0,nao_fazer_nada
150.2,47.8,209.2,6.13,21.1,72.4,65.1,nao_fazer_nada
151.7,47.0,206.8,6.04,21.1,72.9,64.4,nao_fazer_nada
152.2,47.8,202.5,6.27,21.1,71.1,65.6,travar_irrigacao
149.8,47.3,207.8,6.26,20.9,71.3,67.1,travar_irrigacao
151.8,47.4,204.7,6.20,21.4,71.5,65.8,travar_irrigacao
151.1,47.7,209.1,6.05,20.8,70.6,66.0,nao_fazer_nada
147.3,47.5,203.8,6.15,21.3,70.3,67.0,nao_fazer_nada
151.2,47.0,205.0,6.20,20.9,67.8,65.6,nao_fazer_nada
147.3,47.8,205.3,6.20,21.1,68.2,66.8,nao_fazer_nada
148.0,47.1,203.0,6.07,21.0,66.7,67.6,nao_fazer_nada
151.4,46.7,206.5,6.20,20.9,67.1,66.9,travar_irrigacao
149.5,46.9,199.6,6.19,21.0,66.7,67.2,nao_fazer_nada
150.2,47.2,199.6,6.09,20.5,64.6,65.5,nao_fazer_nada
146.6,46.5,204.0,6.08,20.4,66.6,62.7,nao_fazer_nada
147.2,45.7,199.9,6.20,19.7,66.4,59.3,travar_irrigacao
149.8,45.7,205.2,6.29,20.0,64.8,57.2,travar_irrigacao
144.6,45.7,199.5,6.21,19.4,66.7,55.0,travar_irrigacao
147.1,45.6,203.5,6.19,19.0,65.1,50.8,nao_fazer_nada
147.1,45.7,202.0,6.13,18.5,66.6,48.9,nao_fazer_nada
147.9,46.9,201.3,6.08,18.2,66.7,47.3,nao_fazer_nada
143.7,46.0,199.6,6.19,18.7,66.9,46.0,nao_fazer_nada
148.0,45.9,196.2,6.24,17.8,66.6,44.8,travar_irrigacao
142.7,45.1,195.6,6.28,18.1,66.7,42.8,travar_irrigacao
143.2,45.0,201.8,6.11,17.7,67.1,41.6,nao_fazer_nada
144.4,46.1,196.9,6.09,17.7,65.6,40.8,nao_fazer_nada
145.1,45.1,201.0,6.32,17.7,67.0,39.6,travar_irrigacao
146.5,45.1,196.6,6.32,17.0,66.9,39.2,travar_irrigacao
149.9,47.3,207.4,6.04,18.7,68.5,59.4,nao_fazer_nada
146.7,47.5,201.6,5.99,18.7,68.8,59.9,nao_fazer_nada
146.6,46.8,204.7,6.08,18.6,68.6,59.3,nao_fazer_nada
148.4,47.4,206.8,6.12,18.8,67.9,59.0,nao_fazer_nada
150.5,46.8,206.2,5.99,18.5,67.6,61.0,nao_fazer_nada
146.9,46.9,203.8,6.06,18.3,66.0,61.0,nao_fazer_nada
149.5,46.5,199.0,5.93,18.4,67.2,60.5,nao_fazer_nada
147.3,46.8,205.4,6.02,18.4,66.5,59.4,nao_fazer_nada
146.9,46.4,203.1,6.04,19.0,65.0,61.5,nao_fazer_nada
147.9,45.8,198.5,6.09,18.6,63.8,60.9,nao_fazer_nada
147.4,45.8,199.9,6.01,18.9,64.7,60.8,nao_fazer_nada
145.5,46.3,199.8,6.11,19.1,63.7,60.6,nao_fazer_nada
143.8,45.5,198.4,6.14,18.8,61.9,60.8,nao_fazer_nada
144.7,45.8,196.4,6.01,18.9,61.4,62.2,nao_fazer_nada
144.1,45.2,198.6,5.97,19.4,62.7,60.9,nao_fazer_nada
147.6,46.8,199.1,5.98,19.1,62.3,61.9,nao_fazer_nada
146.8,45.5,201.7,6.12,19.3,60.8,61.7,nao_fazer_nada
142.8,46.5,196.9,5.99,19.1,58.9,62.5,irrigar
143.3,45.2,201.4,6.00,19.6,60.0,61.6,nao_fazer_nada
144.4,45.6,195.6,6.10,19.7,59.3,61.6,irrigar
142.6,45.4,201.2,6.12,19.1,58.0,63.4,irrigar
142.4,46.0,197.7,5.95,19.3,58.2,61.8,irrigar
144.1,45.4,195.7,6.08,19.2,57.2,63.1,irrigar
155.9,49.0,211.1,5.96,19.7,71.3,63.9,nao_fazer_nada
151.8,49.7,206.8,6.07,19.4,70.8,62.2,nao_fazer_nada
152.4,48.8,205.9,6.09,19.4,71.4,64.1,nao_fazer_nada
155.5,48.8,206.7,6.16,20.1,71.0,64.3,nao_fazer_nada
155.5,48.1,207.1,5.94,20.0,70.5,65.6,nao_fazer_nada
151.4,48.4,205.7,6.17,20.9,69.1,67.2,nao_fazer_nada
153.5,49.3,210.6,6.14,22.4,68.3,70.7,proteger
155.6,48.9,209.8,6.16,23.2,67.3,70.9,proteger
153.8,47.9,204.4,6.08,23.6,68.2,72.8,proteger
153.5,48.9,203.4,6.05,24.8,65.6,74.1,proteger
151.8,48.6,207.9,6.11,25.1,66.1,78.0,proteger
150.2,48.6,203.7,5.97,25.7,64.4,78.8,proteger
154.1,48.8,205.9,6.08,26.4,64.3,79.4,proteger
149.3,47.0,203.1,6.01,26.4,63.9,80.0,proteger
152.1,46.9,204.7,6.05,26.9,63.5,81.3,proteger
149.1,47.4,202.8,6.04,27.2,62.8,82.0,proteger
152.0,46.6,205.4,5.98,27.3,61.3,82.6,proteger
149.5,48.0,208.5,6.01,27.5,61.5,85.0,proteger
150.3,47.1,208.1,6.08,28.0,61.7,86.2,proteger
147.7,47.5,207.1,6.14,28.8,60.4,85.2,proteger
151.6,46.4,201.6,6.13,28.9,60.4,85.9,proteger
150.5,46.1,200.0,6.08,29.4,58.9,85.7,proteger
151.1,47.0,200.0,6.17,29.7,59.0,85.8,proteger
148.5,46.3,206.0,6.17,29.3,58.3,88.8,proteger
148.9,46.1,199.2,6.09,29.6,57.3,88.2,proteger
146.3,46.7,200.8,6.01,29.5,55.8,84.7,proteger
144.8,45.9,199.7,6.10,28.3,54.8,82.5,proteger
145.7,46.4,198.9,6.15,28.3,56.1,80.4,proteger
145.9,46.4,204.6,5.99,28.1,54.7,79.7,proteger
146.2,47.0,204.0,6.06,27.3,54.6,78.1,proteger
147.4,45.5,201.9,6.19,26.5,54.2,76.4,proteger
147.4,46.4,196.4,6.05,25.4,52.1,74.0,proteger
142.7,46.7,202.7,6.20,24.6,51.8,73.3,proteger
147.7,46.0,198.4,6.12,24.4,52.4,71.1,proteger
146.9,46.5,199.6,6.10,23.6,49.9,71.1,proteger
146.8,46.2,195.9,6.20,22.8,50.9,68.5,proteger
143.3,46.3,199.5,6.17,22.4,50.3,69.1,proteger
143.2,45.9,197.6,6.04,22.0,50.1,67.6,proteger
145.2,45.2,193.6,6.17,22.1,48.1,67.5,proteger
143.0,45.1,193.8,6.16,22.0,47.3,65.4,irrigar
143.6,45.2,193.9,6.03,21.7,47.3,66.0,irrigar
144.0,44.9,198.6,6.24,20.8,47.5,64.3,irrigar
139.7,44.8,194.8,6.06,20.9,45.5,64.3,irrigar
140.4,43.9,196.2,6.10,20.2,46.0,64.0,irrigar
139.6,45.1,192.0,6.25,20.0,45.8,63.6,irrigar
141.5,44.9,196.5,6.02,19.8,44.1,63.9,irrigar
139.8,43.7,194.2,6.16,20.4,43.5,63.5,irrigar
138.3,44.7,196.5,6.08,19.7,43.0,63.4,irrigar
153.5,48.5,210.5,6.07,19.7,58.5,61.9,irrigar
150.2,47.6,204.7,6.06,19.5,58.6,63.3,irrigar
151.0,47.6,208.4,6.09,19.7,56.7,61.4,irrigar
149.6,47.1,210.5,6.06,19.1,56.9,62.6,irrigar
150.7,47.6,208.7,6.22,19.0,55.6,61.7,irrigar
151.2,47.8,208.5,6.16,19.1,55.7,61.3,irrigar
152.7,48.4,207.9,6.06,19.2,54.7,61.8,irrigar
147.9,46.8,208.8,6.24,19.0,55.1,61.9,irrigar
149.4,47.0,205.0,6.06,19.5,52.6,62.9,irrigar
146.8,47.9,200.9,6.12,19.3,53.1,63.6,irrigar
146.7,47.1,207.7,6.07,19.4,51.5,62.1,irrigar
149.8,46.6,203.9,6.20,19.8,52.7,63.6,irrigar
146.2,46.3,205.4,6.19,19.7,51.9,63.9,irrigar
145.6,47.6,199.4,6.22,20.0,50.0,66.1,irrigar
150.8,47.5,206.0,6.05,20.9,50.2,66.1,irrigar
146.4,46.7,199.3,6.29,22.2,49.1,69.0,proteger
149.1,47.1,204.3,6.09,22.8,48.3,71.7,proteger
144.4,46.7,199.6,6.21,24.0,47.7,73.4,proteger
146.1,47.1,204.2,6.12,24.2,47.4,74.0,proteger
148.1,46.9,202.6,6.28,24.9,46.8,78.0,proteger
145.1,46.7,199.2,6.28,25.2,46.5,76.7,proteger
143.3,46.2,198.7,6.30,25.8,46.7,78.0,proteger
143.2,46.4,197.1,6.24,26.0,45.9,79.4,proteger
145.3,46.2,196.7,6.19,26.4,45.3,82.4,proteger
146.6,46.2,195.9,6.30,26.7,43.6,82.6,proteger
143.9,45.6,201.5,6.25,27.3,42.9,80.2,proteger
142.3,45.4,197.0,6.10,26.0,43.7,77.8,proteger
144.3,45.5,199.1,6.21,26.0,42.6,77.5,proteger
145.5,46.0,196.2,6.21,25.7,41.6,74.5,proteger
146.1,45.8,195.8,6.22,26.0,41.6,74.5,proteger
140.7,46.1,199.8,6.09,25.8,40.2,70.9,proteger
142.6,45.5,198.9,6.13,25.8,39.9,71.1,proteger
142.8,44.9,195.7,6.20,25.7,39.4,69.7,proteger
142.3,45.7,193.0,6.30,25.1,38.2,68.6,proteger
144.2,44.6,193.6,6.18,24.7,38.5,68.9,proteger
142.0,44.9,195.9,6.21,25.0,37.6,67.4,proteger
143.6,44.6,193.4,6.25,24.6,37.1,65.8,proteger
140.4,44.5,193.9,6.18,24.3,36.1,65.3,proteger
140.8,44.5,195.4,6.11,23.6,36.3,64.8,proteger
139.7,43.9,194.7,6.19,23.4,35.0,65.3,proteger
139.7,44.9,190.8,6.33,23.3,34.7,64.4,proteger
138.9,44.1,196.1,6.35,22.6,33.8,65.1,proteger
140.7,43.7,192.8,6.24,22.3,33.3,63.0,proteger
141.4,44.6,196.1,6.30,22.0,33.1,63.7,irrigar
139.4,43.7,194.8,6.30,21.3,31.9,62.3,irrigar
140.0,43.7,193.8,6.21,21.1,32.5,63.2,irrigar
135.9,43.0,192.1,6.32,21.1,31.0,62.8,irrigar
135.7,44.3,194.3,6.28,20.4,30.7,61.9,irrigar
149.8,47.9,205.5,6.20,20.1,45.5,62.4,irrigar
150.8,47.8,205.5,5.92,18.2,69.8,60.8,nao_fazer_nada
147.1,46.5,205.6,5.93,18.8,70.1,60.5,nao_fazer_nada
146.9,46.9,205.1,6.02,18.2,67.9,59.8,nao_fazer_nada
150.5,47.4,201.6,6.04,18.3,68.3,61.1,nao_fazer_nada
147.8,47.4,203.7,6.05,18.6,66.9,60.0,nao_fazer_nada
149.8,46.2,203.5,6.00,18.2,67.9,61.1,nao_fazer_nada
145.9,47.0,200.6,6.07,18.7,66.5,59.8,nao_fazer_nada
147.9,46.5,199.7,6.03,18.4,65.5,61.3,nao_fazer_nada
144.8,46.4,199.0,5.91,19.0,64.6,60.7,nao_fazer_nada
149.1,45.8,205.2,6.01,19.1,64.1,59.7,nao_fazer_nada
148.6,46.2,202.5,6.01,18.7,64.9,59.7,nao_fazer_nada
144.1,45.5,203.5,5.93,18.5,63.5,60.1,nao_fazer_nada
147.4,46.9,196.6,6.04,18.8,62.5,60.7,nao_fazer_nada
143.9,46.2,202.0,6.11,19.0,62.2,61.1,nao_fazer_nada
143.3,46.6,199.3,5.99,19.2,61.3,61.2,nao_fazer_nada
144.5,46.0,201.7,6.08,19.0,61.8,60.9,nao_fazer_nada
143.6,46.6,196.4,6.09,19.2,59.3,61.1,irrigar
147.4,45.5,197.8,5.94,19.2,59.6,62.5,irrigar
143.5,45.4,198.7,5.96,19.2,58.4,62.9,irrigar
142.4,44.9,200.4,6.11,19.5,59.9,61.6,irrigar
144.5,46.2,194.1,6.13,19.0,57.6,63.1,irrigar
146.1,45.8,200.4,6.03,19.6,56.7,63.1,irrigar
143.4,46.0,200.2,6.01,19.1,56.3,62.5,irrigar
145.0,45.2,197.8,6.00,19.3,56.3,62.7,irrigar
141.2,44.7,195.7,6.03,19.7,55.2,63.8,irrigar
143.4,44.3,198.6,6.16,19.7,56.1,62.3,irrigar
141.7,45.4,195.7,6.17,19.6,54.1,63.9,irrigar
139.2,44.0,191.4,6.17,19.9,54.2,62.8,irrigar
138.7,44.9,191.1,6.17,19.9,52.1,64.2,irrigar
140.5,43.9,198.0,5.97,19.9,51.2,63.7,irrigar
141.8,43.6,191.1,6.15,19.7,50.8,63.9,irrigar
142.8,44.9,192.0,6.14,20.1,50.2,65.2,irrigar
139.4,43.6,193.1,6.11,19.9,47.9,65.2,irrigar
140.1,44.8,194.7,6.06,20.2,47.1,65.7,irrigar
140.9,44.5,195.8,6.09,19.9,46.3,63.8,irrigar
140.1,44.1,196.0,6.17,20.4,46.4,63.7,irrigar
141.6,43.1,192.5,6.05,20.3,44.0,64.7,irrigar
139.4,43.3,192.6,6.09,20.7,44.3,64.4,irrigar
138.2,43.6,194.4,6.15,20.1,43.1,65.2,irrigar
150.5,48.1,202.3,6.03,20.3,56.2,66.0,irrigar
152.1,47.7,205.2,6.07,20.6,55.3,66.3,irrigar
147.5,47.5,207.6,6.16,20.5,54.1,66.7,irrigar
151.4,46.7,201.4,6.09,20.4,54.0,66.8,irrigar
148.0,47.6,207.5,6.19,20.9,52.9,67.2,irrigar
151.3,47.0,204.3,6.07,20.5,51.3,66.7,irrigar
148.1,47.3,200.6,6.14,20.4,51.1,65.9,irrigar
149.3,46.6,200.1,6.20,20.4,50.8,66.0,irrigar
149.4,47.0,203.1,6.13,20.9,49.9,65.9,irrigar
148.5,47.3,200.0,6.03,20.5,48.0,66.7,irrigar
147.8,46.9,203.2,6.00,21.3,46.9,67.4,irrigar
144.4,46.2,201.6,6.01,20.6,46.1,67.2,irrigar
143.9,45.4,204.0,6.08,20.6,46.5,65.8,irrigar
145.8,46.2,203.8,6.06,20.7,44.8,66.3,irrigar
145.5,46.1,199.1,6.18,21.4,45.1,68.4,irrigar
143.5,46.6,199.5,5.99,21.3,44.8,67.6,irrigar
146.7,46.7,198.0,6.00,21.1,43.8,67.0,irrigar
145.7,45.5,197.7,6.03,20.6,42.8,66.2,irrigar
143.7,46.3,200.1,6.05,21.0,42.8,66.5,irrigar
144.1,45.2,198.0,6.14,20.8,42.6,67.2,irrigar
141.3,45.3,195.0,6.10,21.5,42.1,67.2,irrigar
142.0,44.5,196.3,6.04,20.7,41.7,67.0,irrigar
143.0,45.3,197.5,6.03,21.1,40.6,66.2,irrigar
144.6,44.4,196.6,6.16,21.3,39.6,66.8,irrigar
142.8,45.1,197.6,6.22,21.1,40.0,67.8,irrigar
143.2,45.5,197.1,6.05,20.8,38.3,68.4,irrigar
141.3,44.9,196.4,6.09,20.9,38.4,67.9,irrigar
139.2,45.0,196.1,6.08,20.8,38.0,67.4,irrigar
140.4,44.0,198.4,6.21,21.1,37.9,67.1,irrigar
140.4,44.9,192.0,6.21,20.9,36.3,67.0,irrigar
139.3,44.8,198.2,6.10,21.0,35.5,68.9,irrigar
140.3,45.1,194.7,6.12,21.5,35.7,68.4,irrigar
138.3,44.6,190.4,6.26,21.4,35.4,68.7,irrigar
137.9,43.8,193.3,6.25,21.5,34.4,66.8,irrigar
142.6,44.9,190.8,6.19,21.6,34.2,68.5,irrigar
137.4,43.5,191.8,6.22,21.2,33.6,68.3,irrigar
140.1,43.3,193.2,6.06,21.2,32.6,66.4,irrigar
140.0,43.6,193.0,6.14,20.8,32.3,68.5,irrigar
138.0,44.2,189.6,6.12,21.5,31.9,68.2,irrigar
138.8,43.2,194.9,6.23,21.3,31.6,66.5,irrigar
148.5,48.0,202.9,6.09,21.4,45.3,66.9,irrigar
151.9,46.6,204.1,6.04,21.5,45.0,68.1,irrigar
150.3,47.0,201.6,6.19,21.3,44.1,68.6,irrigar
144.5,46.3,201.3,6.13,21.3,43.1,67.4,irrigar
145.0,46.2,202.2,6.10,21.1,42.9,66.4,irrigar
147.2,47.4,203.7,6.00,20.8,43.0,66.7,irrigar
146.3,47.5,203.8,6.08,20.8,42.7,66.8,irrigar
142.4,45.9,202.0,6.10,21.0,41.7,65.9,irrigar
139.6,46.8,200.4,5.97,21.2,41.2,67.2,irrigar
142.2,47.4,205.7,5.88,21.1,39.8,65.6,irrigar
138.0,46.0,202.3,5.97,20.5,39.6,67.6,irrigar
138.0,47.0,198.3,5.79,20.9,39.8,65.5,irrigar
135.1,45.8,200.6,5.76,20.8,38.3,67.1,irrigar
138.3,45.8,198.2,5.71,20.7,38.4,67.1,irrigar
136.4,45.7,196.8,5.73,20.7,37.7,66.9,irrigar
134.9,45.3,201.4,5.80,20.8,37.9,67.0,irrigar
135.1,45.8,197.7,5.66,20.8,36.9,65.8,irrigar
130.4,46.7,200.9,5.60,20.1,35.9,64.9,irrigar
129.8,46.5,197.3,5.74,20.5,35.6,66.9,irrigar
130.9,45.9,196.8,5.58,20.6,35.5,64.4,irrigar
129.3,45.1,198.4,5.65,20.5,33.9,66.0,irrigar
130.0,45.2,193.7,5.48,20.7,34.0,65.0,irrigar
128.8,44.8,197.8,5.48,20.5,33.3,63.9,irrigar
123.1,46.1,195.8,5.52,20.2,32.5,65.1,irrigar
125.7,46.0,198.2,5.47,19.8,32.4,64.1,irrigar
123.4,44.8,197.7,5.58,19.9,31.7,65.0,irrigar
121.6,45.7,194.0,5.59,20.0,31.0,63.3,irrigar
120.9,44.5,193.4,5.40,19.8,30.4,64.3,irrigar
122.0,43.9,198.1,5.49,19.7,30.5,63.3,irrigar
123.7,45.3,194.5,5.55,20.0,29.2,65.0,irrigar
123.4,43.6,198.2,5.51,19.9,29.0,64.2,irrigar
119.1,45.2,195.9,5.50,19.6,28.4,64.7,irrigar
118.8,43.5,190.7,5.45,19.5,28.2,64.2,irrigar
120.5,43.5,190.0,5.50,19.6,27.2,62.5,irrigar
122.7,44.8,196.4,5.48,19.9,26.7,62.9,irrigar
121.4,43.6,193.2,5.53,19.8,26.1,63.5,irrigar
118.5,43.6,195.2,5.52,19.6,25.1,62.0,irrigar
118.9,44.0,189.8,5.41,19.1,25.2,61.7,irrigar
118.7,44.3,193.2,5.44,19.1,24.3,62.1,irrigar
117.3,43.1,189.5,5.55,19.0,24.1,62.9,irrigar
129.1,46.6,203.3,5.48,19.6,38.0,61.4,irrigar
151.8,47.7,202.3,6.05,18.2,68.4,59.7,nao_fazer_nada
148.7,46.6,202.5,6.01,18.3,68.3,60.7,nao_fazer_nada
151.7,48.1,201.9,5.91,18.9,68.2,59.7,nao_fazer_nada
151.0,47.7,200.2,5.95,18.3,68.3,59.0,nao_fazer_nada
145.7,46.2,200.1,6.05,18.8,66.8,60.7,nao_fazer_nada
146.8,46.1,203.7,6.09,18.7,67.0,59.8,nao_fazer_nada
149.4,46.4,201.0,5.97,18.7,66.4,61.2,nao_fazer_nada
146.8,46.1,202.2,6.05,18.8,64.9,59.5,nao_fazer_nada
146.8,46.5,202.8,5.96,18.9,65.2,61.8,nao_fazer_nada
146.8,46.5,197.7,5.99,19.1,65.4,59.7,nao_fazer_nada
146.2,47.3,204.3,5.90,18.6,63.1,60.5,nao_fazer_nada
146.7,46.9,202.5,6.04,18.7,62.3,61.4,nao_fazer_nada
145.4,46.7,196.6,6.09,18.7,62.2,62.1,nao_fazer_nada
146.2,45.9,197.5,6.04,18.7,61.5,60.9,nao_fazer_nada
147.8,46.6,200.5,5.92,18.9,61.1,62.5,nao_fazer_nada
143.9,45.1,201.5,5.95,18.8,59.9,61.1,irrigar
146.1,46.7,199.2,5.99,19.5,59.3,61.6,irrigar
142.3,46.3,198.5,5.94,19.1,59.7,62.4,irrigar
144.5,46.0,195.4,6.11,19.4,58.6,62.2,irrigar
146.3,45.2,194.4,6.13,19.6,58.7,63.5,irrigar
144.3,45.6,200.5,6.02,19.3,57.3,62.4,irrigar
145.1,45.2,195.2,6.13,19.4,58.2,63.7,irrigar
144.8,45.9,199.4,5.95,19.9,56.3,63.9,irrigar
141.3,44.5,195.7,6.05,19.6,55.6,62.3,irrigar
143.3,44.3,198.1,6.09,19.5,54.3,63.5,irrigar
143.0,45.7,194.0,5.93,19.8,55.0,64.3,irrigar
142.8,44.2,199.0,6.14,19.7,52.5,63.0,irrigar
139.2,44.8,196.9,6.14,20.1,51.8,63.7,irrigar
144.1,45.5,191.0,6.06,19.5,50.7,63.5,irrigar
139.8,44.1,195.2,6.13,20.3,50.1,63.9,irrigar
140.7,45.0,190.5,6.01,19.7,48.4,65.2,irrigar
141.4,44.8,190.0,6.07,19.7,47.7,63.5,irrigar
140.4,43.8,193.5,6.10,19.8,47.6,64.7,irrigar
141.9,43.5,195.5,6.10,20.5,47.2,65.2,irrigar
141.7,43.6,194.2,5.99,20.1,46.2,63.9,irrigar
138.9,43.6,191.9,6.07,20.4,45.0,65.9,irrigar
137.4,43.4,190.6,6.14,20.0,44.0,66.0,irrigar
139.8,44.5,192.2,6.16,20.2,43.1,65.1,irrigar
140.1,43.6,194.4,6.01,20.7,42.2,64.2,irrigar
137.3,42.9,194.2,5.99,20.2,41.4,64.9,irrigar
136.4,43.1,190.3,6.20,20.1,39.4,65.5,irrigar
138.1,42.5,189.6,6.18,20.8,38.4,64.9,irrigar
136.7,44.0,189.8,6.14,20.8,37.8,64.8,irrigar
138.0,42.9,190.5,6.09,20.6,36.3,67.0,irrigar
138.1,43.4,185.7,6.21,21.0,35.4,65.6,irrigar
134.9,43.6,192.1,6.20,20.7,35.5,65.8,irrigar
134.3,43.6,190.8,6.13,20.5,34.1,66.6,irrigar
134.6,42.4,190.2,6.19,20.6,33.0,65.3,irrigar
135.9,42.5,186.7,6.08,21.1,33.4,67.7,irrigar
134.5,41.8,189.8,6.17,21.2,32.0,65.6,irrigar
136.7,42.4,183.7,6.11,21.2,32.3,67.0,irrigar
136.4,42.7,188.4,6.10,20.5,30.7,66.6,irrigar
135.2,42.2,183.7,6.10,21.1,30.8,66.4,irrigar
134.4,42.4,186.4,6.02,20.6,30.1,66.7,irrigar
131.9,42.6,187.4,6.22,21.0,30.0,66.1,irrigar
134.9,42.3,181.9,6.01,21.4,28.8,67.5,irrigar
133.8,42.0,183.6,6.02,20.7,28.5,68.2,irrigar
132.4,41.1,185.1,6.23,20.9,27.9,67.5,irrigar
130.9,42.2,183.8,6.00,21.0,27.6,68.7,irrigar
132.9,41.1,185.7,6.20,20.9,27.3,67.2,irrigar
129.2,40.7,184.0,6.07,20.9,25.9,66.3,irrigar
128.8,40.9,180.0,6.22,21.3,25.7,67.3,irrigar
132.2,41.7,181.8,6.23,20.9,24.8,68.1,irrigar
132.0,40.8,180.1,6.10,21.0,24.5,66.6,irrigar
128.7,41.6,184.2,6.06,20.9,23.6,68.2,irrigar
127.7,40.3,181.0,6.18,21.3,23.8,69.0,irrigar
130.9,40.4,181.2,6.24,21.3,22.7,68.0,irrigar
129.5,41.2,183.7,6.05,21.6,22.7,67.9,irrigar
128.8,41.2,182.6,6.09,21.5,22.1,68.2,irrigar
127.0,39.9,183.8,6.09,21.1,21.3,67.5,irrigar
130.2,40.8,178.3,6.11,21.1,20.4,66.8,irrigar
129.1,40.1,178.8,6.24,21.0,20.4,67.2,irrigar
129.3,40.4,180.8,6.14,20.9,19.6,68.1,irrigar
127.9,39.4,179.5,6.13,20.9,19.0,67.5,irrigar
127.4,40.2,179.8,5.99,21.4,18.2,68.6,irrigar
124.5,40.7,176.5,5.97,21.1,17.8,68.3,irrigar
125.5,39.3,175.9,6.08,21.3,17.4,66.7,irrigar
123.1,40.2,178.0,6.10,20.8,16.4,67.4,irrigar
121.2,39.7,173.9,6.08,20.9,16.2,67.5,irrigar
122.9,39.1,174.3,5.85,21.3,15.6,68.8,irrigar
118.7,38.8,178.9,6.01,20.7,15.0,68.2,irrigar
118.6,39.4,178.7,5.95,21.4,14.3,67.1,irrigar
116.5,39.4,176.9,5.91,21.0,14.0,67.3,irrigar
117.9,39.3,174.1,5.77,21.4,13.2,67.5,irrigar
117.6,38.5,176.3,5.83,21.1,13.0,66.1,irrigar
114.2,39.6,173.8,5.90,21.0,12.3,65.8,irrigar
112.6,38.8,171.4,5.87,20.9,11.7,66.4,irrigar
111.0,38.3,177.3,5.71,20.8,11.3,65.6,irrigar
112.3,38.5,172.1,5.76,20.8,10.7,67.7,irrigar
108.6,38.9,174.8,5.62,20.8,10.1,66.8,irrigar
109.6,38.1,171.9,5.70,20.8,9.3,67.3,irrigar
109.4,39.0,176.1,5.73,20.6,9.0,67.3,irrigar
106.7,38.4,173.7,5.52,20.7,8.2,65.3,irrigar
106.7,38.7,175.5,5.65,20.3,7.6,67.5,irrigar
105.5,38.5,169.4,5.45,20.9,7.3,65.1,irrigar
104.0,37.7,169.7,5.46,20.4,6.6,65.7,irrigar
103.9,38.0,171.8,5.53,20.7,6.0,66.8,irrigar
102.7,38.4,172.9,5.58,20.3,5.6,64.9,irrigar
102.2,37.6,170.2,5.58,20.1,5.0,66.2,irrigar
102.2,37.2,168.4,5.47,20.0,4.4,64.2,irrigar
100.7,37.3,169.1,5.55,20.4,3.8,66.3,irrigar
100.3,37.7,172.6,5.49,20.7,3.3,65.8,irrigar
99.7,37.0,169.0,5.49,20.1,2.7,64.5,irrigar
99.1,37.4,167.1,5.47,19.8,2.2,63.8,irrigar
97.5,36.9,166.0,5.56,20.4,1.6,64.2,irrigar
100.6,37.3,166.8,5.57,20.1,1.0,65.3,irrigar
100.5,37.1,167.9,5.45,20.1,0.5,65.1,irrigar
96.7,36.6,165.1,5.51,20.2,0.0,63.8,irrigar
96.4,36.5,164.0,5.60,19.9,0.0,64.6,irrigar
95.9,36.0,165.5,5.60,19.9,0.0,63.2,irrigar
98.5,36.7,167.2,5.51,19.8,0.0,63.2,irrigar
98.4,36.5,166.9,5.51,20.0,0.0,63.3,irrigar
98.4,35.6,168.1,5.60,19.8,0.0,63.0,irrigar
94.7,36.3,163.9,5.47,19.7,0.0,62.5,irrigar
96.7,36.5,162.8,5.50,19.3,0.0,61.9,irrigar
94.4,35.6,165.5,5.46,19.5,0.0,61.9,irrigar
94.9,35.1,166.5,5.56,19.5,0.0,62.6,irrigar
94.5,36.0,164.7,5.48,19.4,0.0,62.6,irrigar
95.6,35.4,166.5,5.55,19.2,0.0,62.3,irrigar
95.2,36.1,162.2,5.45,19.0,0.0,60.9,irrigar
150.7,47.6,208.3,5.91,18.8,69.0,60.8,nao_fazer_nada
152.3,46.7,207.7,6.09,18.4,70.0,61.2,nao_fazer_nada
147.1,47.9,204.0,6.07,18.4,67.7,60.7,nao_fazer_nada
147.0,46.8,203.3,5.94,18.8,67.3,60.7,nao_fazer_nada
147.3,47.5,205.3,6.06,18.8,67.6,61.2,nao_fazer_nada
149.2,46.0,200.4,6.11,18.7,67.0,59.5,nao_fazer_nada
145.7,47.6,199.1,6.00,18.4,66.0,59.4,nao_fazer_nada
148.6,47.3,202.2,6.02,18.8,65.9,60.9,nao_fazer_nada
150.0,46.9,205.8,5.90,18.4,63.7,61.2,nao_fazer_nada
148.1,46.4,204.7,6.02,19.0,65.5,62.0,nao_fazer_nada
144.6,46.1,200.2,6.01,18.6,63.2,60.5,nao_fazer_nada
143.5,47.2,202.2,6.08,18.8,64.5,62.2,nao_fazer_nada
143.3,46.5,196.8,6.03,19.0,62.8,60.6,nao_fazer_nada
146.4,46.5,197.0,6.10,18.9,62.3,61.1,nao_fazer_nada
147.8,45.2,202.2,6.05,19.0,60.7,62.4,nao_fazer_nada
145.4,46.8,195.5,5.92,18.9,61.9,61.7,nao_fazer_nada
142.1,45.6,199.3,6.02,19.0,60.8,62.8,nao_fazer_nada
155.3,50.6,209.3,5.99,19.6,76.3,61.9,nao_fazer_nada
159.3,49.0,211.0,6.03,19.0,74.2,61.1,nao_fazer_nada
156.5,48.7,211.9,6.10,19.4,72.6,62.2,nao_fazer_nada
157.3,49.2,208.8,5.95,19.5,72.6,62.4,nao_fazer_nada
155.6,48.5,213.8,6.03,19.5,71.8,63.3,nao_fazer_nada
152.6,48.2,210.1,6.09,19.2,72.5,62.1,nao_fazer_nada
157.3,48.5,211.7,6.04,19.3,71.5,63.1,nao_fazer_nada
156.9,49.1,208.7,6.12,19.7,70.2,63.5,nao_fazer_nada
153.8,48.1,212.1,6.14,19.8,69.7,63.2,nao_fazer_nada
152.2,49.7,213.6,6.11,20.1,70.6,63.2,nao_fazer_nada
155.8,49.3,210.3,6.01,20.0,68.1,63.5,nao_fazer_nada
152.3,49.3,209.7,5.99,20.1,68.9,63.7,nao_fazer_nada
154.6,47.6,207.0,6.00,20.1,67.6,63.1,nao_fazer_nada
154.8,49.2,209.8,6.00,20.1,68.8,64.8,nao_fazer_nada
149.7,48.7,210.8,6.02,20.2,67.6,63.7,nao_fazer_nada
149.3,48.8,209.4,6.15,20.1,67.8,65.0,nao_fazer_nada
149.8,48.5,206.5,5.95,20.1,65.2,64.5,nao_fazer_nada
150.9,47.6,207.6,6.00,20.0,64.8,64.5,nao_fazer_nada
154.1,48.0,206.2,6.18,20.5,64.0,65.2,nao_fazer_nada
148.5,47.0,207.8,6.10,21.6,63.4,67.7,nao_fazer_nada
152.0,48.1,202.4,6.00,22.0,62.5,71.0,proteger
151.5,47.3,205.5,6.15,22.9,64.3,71.4,proteger
151.2,46.8,205.0,6.10,23.3,63.6,73.8,proteger
151.8,46.6,204.0,6.05,24.2,62.3,74.2,proteger
149.3,47.1,203.8,6.12,24.9,60.7,78.7,proteger
146.9,46.5,203.3,6.20,24.7,61.5,76.8,proteger
151.3,46.3,200.9,6.09,25.5,60.6,74.7,proteger
151.3,46.5,203.1,6.20,25.1,60.3,74.5,proteger
149.8,46.9,200.3,6.10,25.5,59.9,71.3,proteger
146.4,46.7,203.6,6.13,24.6,58.4,70.9,proteger
146.6,46.3,198.4,6.13,24.9,57.5,71.3,proteger
144.5,47.4,202.9,6.21,24.7,56.9,70.1,proteger
147.3,46.0,200.5,6.10,24.8,56.2,70.3,proteger
149.3,45.8,204.3,6.11,25.2,57.1,67.9,proteger
147.8,45.9,199.7,6.14,25.3,54.4,68.7,proteger
147.5,45.3,204.4,6.01,24.7,54.1,67.8,proteger
145.4,46.9,202.2,6.17,25.6,54.6,66.9,proteger
144.7,46.0,200.9,6.12,25.1,53.3,66.8,proteger
146.1,45.3,199.4,6.13,25.2,53.5,65.1,proteger
143.1,46.6,202.1,6.19,25.2,51.8,66.9,proteger
143.6,46.6,201.5,6.05,25.5,50.9,65.7,proteger
146.4,45.3,197.1,6.12,25.3,52.0,66.3,proteger
145.4,45.3,196.0,6.16,24.7,50.4,65.0,proteger
146.5,45.2,197.0,6.08,24.5,50.4,65.1,proteger
141.7,45.7,201.1,6.10,23.7,48.8,64.5,proteger
145.7,45.1,196.6,6.06,23.3,48.9,64.0,proteger
142.8,45.4,194.4,6.10,23.2,47.4,64.1,proteger
139.8,44.7,193.5,6.10,22.6,47.7,63.7,proteger
144.4,45.1,192.7,6.23,21.8,46.5,63.2,irrigar
144.3,45.3,196.7,6.08,21.7,47.1,63.3,irrigar
141.5,45.1,198.4,6.20,21.2,45.2,61.1,irrigar
141.2,44.0,197.8,6.05,21.2,46.4,62.0,irrigar
140.9,44.4,193.5,6.08,21.2,45.3,62.7,irrigar
141.2,44.7,194.1,6.07,20.9,43.8,61.8,irrigar
142.3,44.7,194.7,6.19,20.3,43.8,60.4,irrigar
141.8,44.1,192.2,6.13,20.2,43.8,60.8,irrigar
141.4,43.9,196.3,6.11,20.3,43.5,60.6,irrigar
138.2,44.2,191.9,6.04,19.7,41.7,61.1,irrigar
141.1,44.3,192.8,6.05,20.0,41.6,61.5,irrigar
137.5,44.7,190.8,6.21,19.4,40.9,59.8,irrigar
153.5,46.8,207.2,6.22,19.5,54.6,62.0,irrigar
148.9,48.4,204.8,6.26,19.1,54.6,61.5,irrigar
147.2,48.0,208.6,6.14,19.6,54.8,61.5,irrigar
151.5,48.0,207.9,6.26,19.6,53.9,61.8,irrigar
151.7,46.9,206.5,6.05,19.4,53.9,60.0,irrigar
146.7,47.1,204.0,6.09,19.3,52.8,59.9,irrigar
146.7,46.5,201.3,6.11,19.0,51.9,60.3,irrigar
149.5,46.1,206.0,6.11,19.1,51.7,60.2,irrigar
148.7,46.2,199.8,6.06,19.2,50.7,59.9,irrigar
149.3,46.6,202.4,6.20,19.2,51.3,60.4,irrigar
148.9,47.2,203.9,6.17,19.1,49.8,61.4,irrigar
145.9,47.4,198.7,6.20,18.7,48.9,59.1,irrigar
146.7,46.5,202.7,6.27,19.1,47.8,60.5,irrigar
145.1,47.3,197.9,6.20,18.5,48.7,59.8,irrigar
148.8,45.4,204.7,6.11,18.6,47.3,59.8,irrigar
149.0,47.0,199.3,6.16,18.3,47.3,58.4,irrigar
147.1,45.7,199.3,6.29,18.1,47.5,55.7,irrigar
143.1,45.1,197.4,6.30,18.4,48.2,53.3,irrigar
146.7,46.6,199.4,6.26,17.7,48.0,50.0,irrigar
144.5,46.5,200.9,6.30,17.8,46.8,48.6,irrigar
145.6,46.6,199.4,6.10,17.3,48.3,47.6,irrigar
144.4,45.0,196.4,6.21,17.3,47.8,45.6,irrigar
144.8,44.9,195.3,6.31,17.3,48.3,44.0,irrigar
145.0,46.0,201.0,6.29,17.4,47.9,42.1,irrigar
143.3,45.2,195.8,6.18,17.4,47.0,40.5,irrigar
142.2,45.9,196.7,6.17,17.3,47.6,40.2,irrigar
145.1,45.2,196.2,6.26,16.8,48.5,38.9,irrigar
144.2,44.7,198.0,6.25,16.6,48.5,37.6,irrigar
143.2,44.4,196.8,6.28,16.6,48.7,36.7,irrigar
140.3,43.9,196.6,6.34,16.8,48.4,36.1,irrigar
139.3,44.8,195.3,6.16,16.2,48.4,35.4,irrigar
142.9,45.1,194.0,6.28,16.1,48.1,34.6,irrigar
141.9,44.5,192.9,6.26,16.0,48.9,33.8,irrigar
137.9,43.7,190.7,6.24,15.9,47.8,33.3,irrigar
140.9,44.9,190.6,6.15,16.2,48.6,32.0,irrigar
141.7,44.9,191.5,6.34,15.8,47.6,32.2,irrigar
141.0,43.3,193.7,6.25,15.7,48.4,31.2,irrigar
138.6,44.7,191.5,6.20,15.9,48.6,30.3,irrigar
141.0,43.5,191.5,6.13,15.7,47.8,30.0,irrigar
136.2,43.4,192.5,6.23,15.9,47.3,32.5,irrigar
138.1,43.2,192.4,6.31,16.2,47.0,36.0,irrigar
139.1,43.9,188.8,6.31,16.1,47.4,37.1,irrigar
148.1,46.6,202.2,6.22,16.5,62.4,40.1,travar_irrigacao
152.4,47.2,203.8,6.07,18.3,69.2,59.6,nao_fazer_nada
149.0,48.1,206.2,6.09,18.6,69.8,58.8,nao_fazer_nada
148.9,47.0,201.5,6.00,18.4,69.4,59.8,nao_fazer_nada
149.1,47.1,202.6,6.03,18.8,67.7,59.3,nao_fazer_nada
150.4,47.9,199.7,5.92,18.5,68.1,60.7,nao_fazer_nada
148.2,47.4,202.8,5.93,18.8,67.6,60.7,nao_fazer_nada
150.9,46.7,198.5,5.95,18.4,66.7,60.1,nao_fazer_nada
149.2,46.0,199.6,6.11,19.0,66.5,61.1,nao_fazer_nada
144.5,47.4,203.0,6.08,18.6,65.2,61.0,nao_fazer_nada
147.6,47.1,198.6,6.09,18.4,65.5,61.4,nao_fazer_nada
147.5,46.6,200.8,6.03,18.5,64.8,61.3,nao_fazer_nada
145.3,45.5,204.0,6.06,18.8,63.6,60.5,nao_fazer_nada
146.7,46.2,200.5,6.12,19.2,62.4,62.3,nao_fazer_nada
143.6,45.8,198.2,6.03,19.2,62.9,62.2,nao_fazer_nada
142.7,45.9,199.9,6.04,19.1,61.7,60.4,nao_fazer_nada
143.7,45.8,200.5,5.98,19.4,61.7,62.2,nao_fazer_nada
143.1,45.1,199.4,6.08,19.4,60.6,63.0,nao_fazer_nada
142.7,45.4,196.4,6.07,19.1,59.6,61.3,irrigar
142.4,45.6,201.4,6.14,19.2,58.3,63.4,irrigar
146.5,45.0,201.2,6.04,19.3,59.2,61.9,irrigar
145.5,45.8,197.9,6.04,19.1,57.3,61.5,irrigar
143.8,45.1,198.2,6.11,19.7,56.6,63.1,irrigar
144.1,45.6,200.8,5.94,19.7,57.1,62.5,irrigar
153.1,49.7,212.4,5.94,19.8,72.4,62.6,nao_fazer_nada
151.7,49.5,206.1,6.09,19.3,71.0,63.0,nao_fazer_nada
153.4,49.8,211.9,5.96,20.0,71.8,63.1,nao_fazer_nada
154.2,49.3,209.6,6.06,19.3,70.7,62.7,nao_fazer_nada
151.7,48.5,208.3,6.11,19.6,68.1,63.1,nao_fazer_nada
155.7,47.7,209.3,6.09,19.6,68.1,63.5,nao_fazer_nada
153.0,48.6,204.8,6.05,20.2,69.2,65.3,nao_fazer_nada
151.3,47.7,209.7,6.15,19.6,69.0,63.6,nao_fazer_nada
149.4,48.9,204.5,6.00,20.4,66.5,64.7,nao_fazer_nada
150.3,48.3,208.1,6.08,19.7,66.9,63.9,nao_fazer_nada
152.2,48.9,210.3,5.98,20.0,67.1,65.4,nao_fazer_nada
154.3,47.1,208.6,5.99,20.6,66.2,64.7,nao_fazer_nada
150.7,48.3,204.0,6.15,20.0,65.3,66.0,nao_fazer_nada
153.8,48.1,208.5,6.11,20.4,63.6,66.3,nao_fazer_nada
149.2,48.4,206.7,6.03,20.7,63.7,65.5,nao_fazer_nada
149.4,48.1,208.2,5.96,20.4,61.8,64.5,nao_fazer_nada
152.2,47.7,201.4,6.04,20.6,62.4,65.5,nao_fazer_nada
148.1,47.1,202.9,5.97,20.5,60.3,65.2,nao_fazer_nada
151.8,48.1,204.8,6.17,20.2,59.5,66.4,irrigar
146.3,47.6,200.3,6.18,21.0,59.2,66.4,irrigar
147.7,46.2,204.4,6.16,20.4,56.7,66.0,irrigar
146.2,46.4,204.8,6.08,20.5,57.3,66.6,irrigar
148.0,46.2,200.5,6.08,20.5,54.9,67.2,irrigar
147.6,46.8,200.5,6.11,20.7,55.4,66.0,irrigar
159.2,49.9,216.2,6.07,21.2,68.5,67.2,nao_fazer_nada
158.3,50.1,218.7,6.09,20.5,67.0,66.0,nao_fazer_nada
158.8,50.0,213.3,5.98,21.1,67.1,66.9,nao_fazer_nada
157.5,51.0,213.3,6.06,20.8,65.0,66.6,nao_fazer_nada
159.6,51.1,216.0,6.08,20.5,65.1,66.7,nao_fazer_nada
157.5,50.7,217.1,6.18,20.8,63.5,68.2,nao_fazer_nada
155.4,49.2,215.8,6.11,20.7,64.1,68.0,nao_fazer_nada
157.8,50.4,216.9,6.05,20.9,62.7,67.0,nao_fazer_nada
154.9,50.2,213.4,6.08,21.0,61.6,65.9,nao_fazer_nada
157.3,50.3,212.6,6.00,21.2,60.3,68.2,nao_fazer_nada
155.1,50.1,209.7,6.09,21.2,59.5,66.5,irrigar
154.8,50.3,212.7,6.08,21.0,57.0,68.7,irrigar
167.4,53.5,228.0,6.15,20.8,71.3,68.7,nao_fazer_nada
169.6,53.6,225.4,6.14,21.5,70.8,68.3,nao_fazer_nada
168.9,52.6,221.2,6.16,21.4,71.7,68.2,nao_fazer_nada
165.5,52.3,227.5,6.23,21.5,69.6,66.5,travar_irrigacao
166.1,52.6,225.1,6.06,21.1,70.3,68.4,nao_fazer_nada
167.9,52.0,222.7,6.05,20.8,68.6,66.4,nao_fazer_nada
165.3,52.0,227.0,6.22,21.4,68.8,68.2,travar_irrigacao
166.1,53.7,223.5,6.05,21.4,66.6,68.8,nao_fazer_nada
167.7,52.3,222.9,6.02,21.3,66.8,66.9,nao_fazer_nada
168.2,51.8,221.1,6.09,21.6,65.8,66.4,nao_fazer_nada
167.0,51.5,223.8,6.25,20.9,66.8,66.7,travar_irrigacao
163.4,53.4,221.2,6.15,21.1,66.4,67.7,nao_fazer_nada
163.9,51.9,223.6,6.08,21.1,65.0,67.8,nao_fazer_nada
165.2,52.4,217.6,6.21,20.9,64.4,67.8,travar_irrigacao
162.4,51.6,223.1,6.12,21.1,64.2,68.1,nao_fazer_nada
166.0,51.6,217.7,6.17,21.3,64.0,66.6,nao_fazer_nada
166.4,51.9,218.1,6.05,21.0,63.3,68.8,nao_fazer_nada
160.7,50.8,223.2,6.05,20.8,62.2,68.2,nao_fazer_nada
162.6,51.0,223.4,6.15,20.7,62.2,66.9,nao_fazer_nada
164.7,52.2,220.0,6.26,21.0,60.9,68.2,travar_irrigacao
160.5,50.6,221.9,6.09,21.2,60.6,68.2,nao_fazer_nada
158.8,50.7,217.3,6.14,20.8,60.6,67.5,nao_fazer_nada
162.7,51.6,214.1,6.07,20.8,58.3,66.6,irrigar
163.2,51.5,216.3,6.13,21.1,59.5,68.1,irrigar
176.1,55.8,228.7,6.25,20.6,72.6,67.9,travar_irrigacao
169.4,55.8,230.3,6.24,20.8,73.4,67.0,travar_irrigacao
172.6,54.4,231.3,6.14,20.8,73.1,68.0,nao_fazer_nada
174.0,54.4,232.1,6.12,20.8,70.5,65.9,nao_fazer_nada
173.4,55.0,228.5,6.19,20.7,69.9,66.2,nao_fazer_nada
173.0,54.9,231.4,6.12,21.2,70.0,66.0,nao_fazer_nada
172.0,55.3,230.2,6.29,20.7,71.1,67.4,travar_irrigacao
173.0,55.5,227.4,6.10,21.0,68.5,67.7,nao_fazer_nada
172.0,53.7,231.6,6.31,20.6,69.8,66.1,travar_irrigacao
169.1,54.0,230.9,6.18,20.8,68.5,65.7,nao_fazer_nada
173.1,53.5,230.0,6.11,20.4,67.9,65.5,nao_fazer_nada
168.4,54.0,228.9,6.27,20.3,67.3,66.3,travar_irrigacao
172.2,53.8,229.9,6.27,20.2,66.3,65.5,travar_irrigacao
150.0,46.7,206.6,5.92,18.1,68.7,59.4,nao_fazer_nada
148.2,48.2,201.3,5.89,18.5,68.3,59.6,nao_fazer_nada
147.3,47.7,207.1,6.02,18.3,69.4,60.5,nao_fazer_nada
149.6,48.0,203.6,6.13,18.5,68.5,59.0,nao_fazer_nada
146.0,47.2,199.2,6.10,18.7,68.0,59.7,nao_fazer_nada
149.6,46.2,199.5,6.09,18.7,67.3,60.1,nao_fazer_nada
145.3,47.5,204.4,6.11,18.5,66.2,60.4,nao_fazer_nada
145.6,47.0,200.6,5.93,19.0,65.4,59.4,nao_fazer_nada
145.0,47.3,201.7,5.95,18.6,64.8,60.7,nao_fazer_nada
146.5,47.2,199.7,5.99,19.1,64.3,60.3,nao_fazer_nada
148.1,47.1,198.4,5.91,18.5,62.6,61.5,nao_fazer_nada
144.5,46.8,201.1,6.12,19.0,63.2,61.7,nao_fazer_nada
146.2,46.7,198.0,6.12,18.8,63.2,61.0,nao_fazer_nada
144.3,45.4,202.7,6.15,19.0,62.2,61.6,nao_fazer_nada
144.5,46.7,201.4,5.96,18.9,60.4,61.8,nao_fazer_nada
144.3,46.5,199.4,5.93,19.0,60.3,61.9,nao_fazer_nada
147.5,45.0,198.1,5.92,19.2,59.7,61.0,irrigar
142.6,46.2,197.8,6.02,19.3,60.3,61.3,nao_fazer_nada
146.0,45.5,195.4,6.12,19.4,59.2,61.0,irrigar
146.3,45.6,194.2,6.15,19.1,58.9,62.4,irrigar
141.9,45.7,201.2,5.96,19.6,57.5,63.0,irrigar
143.0,45.1,200.8,6.11,19.3,58.1,61.8,irrigar
144.4,44.5,199.2,5.94,19.6,57.9,62.9,irrigar
155.1,50.0,214.6,6.14,19.3,71.9,64.2,nao_fazer_nada
151.7,49.1,209.3,5.96,19.6,70.5,63.9,nao_fazer_nada
153.0,48.2,209.3,6.05,19.6,71.7,63.1,nao_fazer_nada
156.5,49.3,206.2,6.04,20.0,69.3,63.7,nao_fazer_nada
152.2,48.1,207.1,5.99,19.8,68.3,63.0,nao_fazer_nada
155.0,48.0,210.7,6.01,19.7,68.7,64.6,nao_fazer_nada
151.4,49.3,206.6,6.17,19.8,69.0,64.8,nao_fazer_nada
151.6,48.6,210.0,6.14,19.7,68.9,64.9,nao_fazer_nada
153.4,47.5,211.0,6.01,19.8,66.9,64.9,nao_fazer_nada
150.4,49.0,206.2,6.09,19.8,66.7,64.1,nao_fazer_nada
153.2,48.8,209.7,6.17,20.2,63.8,63.5,nao_fazer_nada
149.1,48.0,204.1,6.17,20.1,64.9,64.4,nao_fazer_nada
153.4,48.0,206.9,6.12,20.6,63.8,64.6,nao_fazer_nada
153.4,47.3,206.9,6.18,20.5,61.2,64.6,nao_fazer_nada
148.4,47.3,206.5,6.16,20.2,60.2,64.4,nao_fazer_nada
152.3,47.1,207.8,6.00,20.3,60.5,65.1,nao_fazer_nada
151.2,46.7,208.2,5.97,20.7,59.6,66.2,irrigar
150.8,47.2,201.4,6.16,20.6,58.2,64.7,irrigar
150.2,47.9,203.4,6.17,20.9,57.9,66.0,irrigar
151.0,47.2,207.8,6.07,20.4,57.4,66.7,irrigar
151.4,46.6,203.6,6.19,21.0,55.5,66.1,irrigar
149.9,47.0,203.7,6.18,20.9,54.3,66.9,irrigar
146.0,46.3,200.6,6.09,21.0,54.5,66.1,irrigar
148.0,46.7,205.2,6.11,20.9,51.6,66.8,irrigar
156.6,50.7,219.9,6.21,20.8,66.4,66.7,travar_irrigacao
156.9,51.3,214.6,6.07,21.0,66.5,67.5,nao_fazer_nada
162.2,49.8,217.6,6.04,20.6,63.4,67.2,nao_fazer_nada
157.1,49.8,212.1,6.15,20.5,63.2,67.0,nao_fazer_nada
160.9,49.5,217.0,6.22,20.8,62.3,67.5,travar_irrigacao
156.9,50.6,217.1,5.99,20.7,61.4,66.1,nao_fazer_nada
158.6,50.1,216.3,6.10,20.8,60.7,68.4,nao_fazer_nada
157.2,50.2,210.5,6.01,20.9,58.7,66.2,irrigar
159.0,50.8,214.5,6.10,21.3,58.5,68.0,irrigar
159.2,49.9,209.0,6.18,21.4,57.8,67.0,irrigar
157.8,50.4,211.2,6.14,20.7,57.3,67.3,irrigar
153.8,50.6,213.6,6.24,20.8,56.3,68.5,irrigar
158.6,49.2,210.4,6.05,21.2,57.8,66.5,irrigar
154.8,48.6,208.7,6.16,20.7,56.3,68.3,irrigar
153.5,50.0,212.7,6.07,21.2,56.0,67.9,irrigar
157.5,49.3,212.3,6.04,20.8,55.6,67.6,irrigar
154.3,49.5,211.7,6.09,21.4,55.1,68.5,irrigar
156.4,48.8,212.6,6.24,20.9,54.7,68.1,irrigar
153.0,48.2,209.4,6.15,20.9,53.4,67.3,irrigar
155.2,48.1,208.6,6.22,21.4,53.0,68.7,irrigar
152.8,48.0,205.1,6.04,20.8,53.3,67.1,irrigar
151.3,48.2,211.3,6.06,21.4,51.2,66.9,irrigar
151.1,48.0,212.0,6.18,21.6,50.2,68.0,irrigar
151.5,49.2,204.6,6.11,20.9,51.2,68.6,irrigar
166.4,52.9,225.8,6.11,21.4,65.8,68.8,nao_fazer_nada
166.0,51.4,218.1,6.13,21.0,63.7,66.7,nao_fazer_nada
164.0,53.0,217.7,6.22,20.8,64.2,67.5,travar_irrigacao
160.9,52.8,221.5,6.20,21.5,63.3,66.7,travar_irrigacao
162.1,52.2,218.1,6.04,21.2,62.0,68.4,nao_fazer_nada
163.5,51.5,218.8,6.06,21.6,62.4,67.6,nao_fazer_nada
159.7,50.7,219.6,6.08,21.1,61.5,68.1,nao_fazer_nada
159.3,51.5,221.8,6.13,20.9,62.2,68.6,nao_fazer_nada
164.3,52.4,218.9,6.06,21.1,59.7,67.0,irrigar
162.2,50.9,215.5,6.21,21.1,60.2,67.7,travar_irrigacao
164.4,50.5,215.8,6.07,20.7,58.5,66.7,irrigar
163.5,51.5,214.2,6.11,20.7,58.1,68.0,irrigar
158.8,50.5,218.8,6.19,20.8,59.3,68.0,irrigar
163.7,51.8,221.3,6.08,20.8,58.6,67.6,irrigar
161.9,51.5,213.1,6.11,20.8,57.0,68.3,irrigar
157.4,50.2,216.8,6.16,21.3,56.4,67.5,irrigar
159.2,50.6,220.5,6.29,20.6,55.4,67.7,irrigar
159.2,51.0,218.8,6.07,21.1,54.1,65.8,irrigar
158.0,50.7,211.7,6.23,21.1,54.1,67.7,irrigar
157.6,50.9,214.3,6.11,21.0,51.2,66.6,irrigar
155.5,49.9,218.9,6.11,20.7,51.0,66.6,irrigar
155.7,49.6,210.9,6.10,20.6,49.6,65.1,irrigar
158.7,49.7,212.3,6.24,20.4,49.0,67.4,irrigar
155.0,50.5,211.6,6.16,20.2,48.3,66.6,irrigar
170.7,55.0,229.7,6.23,20.7,61.9,64.7,travar_irrigacao
170.4,53.4,230.4,6.21,20.2,60.9,65.9,travar_irrigacao
167.1,53.0,226.4,6.17,20.1,61.4,66.8,nao_fazer_nada
169.7,54.4,228.2,6.18,20.7,58.8,65.8,irrigar
149.4,47.2,208.2,5.99,18.3,70.4,60.7,nao_fazer_nada
147.3,47.7,207.4,6.06,18.3,70.2,59.4,nao_fazer_nada
150.8,46.4,202.6,5.92,18.6,68.2,58.9,nao_fazer_nada
150.5,47.0,203.2,6.11,18.4,66.8,60.3,nao_fazer_nada
146.6,46.3,207.0,6.09,18.2,68.1,59.5,nao_fazer_nada
149.2,46.6,205.1,5.97,18.6,67.8,61.5,nao_fazer_nada
146.4,47.1,199.0,6.08,18.8,65.0,61.0,nao_fazer_nada
147.9,46.0,206.2,6.07,18.8,64.5,59.8,nao_fazer_nada
148.2,47.3,198.0,6.01,19.1,63.7,59.9,nao_fazer_nada
147.6,45.9,202.2,5.98,19.0,63.6,60.1,nao_fazer_nada
146.4,46.9,204.8,6.00,18.6,64.0,60.0,nao_fazer_nada
144.9,46.9,200.8,5.99,19.2,63.2,59.9,nao_fazer_nada
147.4,47.0,199.7,5.98,18.6,62.1,60.5,nao_fazer_nada
145.4,46.9,198.0,6.06,19.1,61.6,62.4,nao_fazer_nada
148.3,45.8,201.0,6.01,19.3,61.5,61.9,nao_fazer_nada
145.1,45.8,201.2,5.96,18.8,60.9,62.5,nao_fazer_nada
146.7,45.9,198.5,5.95,19.3,59.9,62.7,irrigar
144.2,46.3,194.8,5.96,19.4,60.9,62.6,nao_fazer_nada
144.7,45.7,197.2,5.94,19.1,59.4,62.7,irrigar
142.7,45.9,201.0,6.00,19.1,60.0,63.4,irrigar
144.4,45.9,199.6,6.05,19.4,58.3,62.5,irrigar
141.2,45.2,198.0,6.13,19.6,57.3,62.6,irrigar
140.5,44.8,197.6,5.96,19.6,57.8,63.4,irrigar
141.2,45.1,199.5,5.94,19.5,57.4,63.6,irrigar
144.5,45.6,197.3,6.04,19.5,55.0,63.4,irrigar
140.4,45.2,197.2,5.98,19.4,55.3,62.7,irrigar
142.0,44.5,198.5,6.05,19.6,54.1,63.1,irrigar
139.7,45.3,197.8,6.06,19.5,55.3,64.8,irrigar
138.8,43.9,195.6,5.93,19.9,53.2,62.6,irrigar
138.2,43.8,194.9,5.87,20.2,53.0,64.2,irrigar
135.7,45.0,194.2,5.86,19.7,53.7,64.7,irrigar
135.1,44.1,197.4,5.82,19.9,52.2,63.3,irrigar
133.9,45.0,196.9,5.70,19.8,51.2,64.3,irrigar
134.9,43.7,191.9,5.78,20.1,50.7,63.7,irrigar
129.9,43.7,195.6,5.85,19.9,49.7,64.2,irrigar
128.4,43.2,192.7,5.72,20.1,49.7,63.8,irrigar
130.0,44.3,190.4,5.62,20.2,49.9,66.3,irrigar
128.6,43.4,188.8,5.76,20.0,48.7,66.4,irrigar
126.1,43.6,190.5,5.60,20.2,47.8,66.2,irrigar
136.5,47.0,203.8,5.71,20.1,63.3,64.7,travar_irrigacao
136.5,46.9,203.5,5.58,20.3,61.6,66.5,travar_irrigacao
135.7,46.4,205.3,5.51,20.6,60.8,65.1,travar_irrigacao
136.7,46.9,206.6,5.43,20.6,59.9,66.2,irrigar
133.3,46.8,205.5,5.57,20.9,61.5,65.7,travar_irrigacao
134.5,47.8,203.0,5.44,20.9,60.9,65.2,travar_irrigacao
132.5,46.8,205.0,5.50,20.4,59.7,65.2,irrigar
128.3,46.4,201.4,5.48,20.6,58.6,66.8,irrigar
130.3,47.1,200.8,5.35,21.1,58.1,67.3,irrigar
126.0,47.5,201.5,5.45,20.8,58.2,67.5,irrigar
126.3,45.9,204.4,5.41,20.7,57.7,66.0,irrigar
128.1,46.4,203.7,5.27,20.9,57.3,66.5,irrigar
126.9,46.0,201.9,5.46,21.0,55.7,66.3,irrigar
129.2,46.4,202.6,5.30,21.3,55.6,65.8,irrigar
128.2,45.5,202.3,5.50,21.3,54.2,67.4,irrigar
125.4,45.9,202.4,5.37,20.9,54.3,65.8,irrigar
126.4,46.7,200.7,5.32,21.1,53.1,67.9,irrigar
123.7,46.2,200.2,5.42,21.3,52.1,67.9,irrigar
123.5,46.4,199.4,5.45,21.3,53.6,66.6,irrigar
124.6,46.0,196.0,5.49,21.1,52.6,67.5,irrigar
123.4,46.4,200.9,5.48,21.0,51.7,68.3,irrigar
125.5,45.0,201.5,5.50,21.4,49.8,67.1,irrigar
122.1,44.5,196.8,5.47,21.3,49.8,68.0,irrigar
125.7,44.9,195.7,5.46,21.2,49.9,67.8,irrigar
124.6,45.9,199.1,5.40,21.2,49.1,67.8,irrigar
122.5,45.5,194.4,5.50,21.0,48.5,68.7,irrigar
123.0,45.5,195.9,5.49,21.4,47.5,67.0,irrigar
120.4,44.8,196.9,5.42,21.0,47.6,69.0,irrigar
120.5,44.8,198.0,5.46,20.8,46.7,67.1,irrigar
123.7,44.2,193.0,5.46,21.4,46.9,67.8,irrigar
120.1,44.9,198.3,5.33,21.2,46.7,66.4,irrigar
121.6,44.4,194.0,5.41,20.8,44.4,67.8,irrigar
120.2,44.7,194.5,5.51,21.1,45.2,67.5,irrigar
121.4,44.9,192.8,5.42,21.2,43.6,67.7,irrigar
118.8,43.4,195.5,5.52,21.0,42.8,67.0,irrigar
121.7,43.8,196.3,5.52,21.3,42.8,67.4,irrigar
122.2,44.8,196.2,5.46,21.2,42.8,67.1,irrigar
119.7,43.7,195.5,5.52,21.2,42.7,68.6,irrigar
117.2,43.6,189.0,5.50,21.2,41.3,68.6,irrigar
118.2,42.9,191.5,5.36,20.9,41.2,67.9,irrigar
132.8,47.9,206.0,5.51,21.0,55.8,67.2,irrigar
129.9,46.6,206.7,5.42,21.2,53.6,68.3,irrigar
127.8,47.3,205.0,5.52,21.4,54.5,68.3,irrigar
128.8,46.8,206.4,5.39,21.3,54.2,66.6,irrigar
128.0,46.9,201.1,5.39,21.3,53.2,68.2,irrigar
130.1,47.5,203.3,5.54,21.4,52.3,68.1,irrigar
126.5,46.7,203.3,5.41,22.2,50.9,70.1,proteger
127.8,46.8,205.5,5.48,23.4,51.9,73.7,proteger
126.9,46.2,199.2,5.37,24.4,50.3,73.2,proteger
130.2,47.3,199.3,5.52,24.2,49.9,76.9,proteger
129.0,47.1,202.5,5.53,25.6,48.7,76.5,proteger
129.9,47.2,203.8,5.54,25.5,49.4,79.9,proteger
125.0,46.8,201.6,5.53,26.6,49.0,78.7,proteger
128.4,45.9,204.3,5.47,26.6,46.8,81.9,proteger
124.3,46.3,196.5,5.39,27.4,47.5,82.9,proteger
127.1,45.3,201.7,5.39,26.7,46.5,81.1,proteger
127.7,46.3,199.4,5.43,27.2,45.1,82.1,proteger
123.6,45.2,197.3,5.37,28.2,45.9,83.0,proteger
123.7,46.2,201.1,5.41,28.0,45.1,85.3,proteger
125.8,45.3,195.7,5.42,27.7,44.3,84.0,proteger
122.7,44.9,199.6,5.42,28.5,42.9,84.3,proteger
125.7,45.8,200.1,5.50,28.4,42.3,84.4,proteger
122.9,45.0,194.4,5.46,28.8,42.0,86.4,proteger
121.8,45.9,197.1,5.51,29.1,41.5,87.0,proteger
121.8,44.4,199.2,5.48,28.9,41.0,85.3,proteger
125.6,44.4,193.2,5.58,29.3,39.8,85.1,proteger
123.4,45.5,192.6,5.41,28.7,39.5,87.7,proteger
123.8,44.5,198.5,5.47,29.1,39.5,85.9,proteger
123.6,44.0,192.3,5.59,29.3,37.8,88.0,proteger
122.5,45.0,192.0,5.43,28.9,38.0,86.8,proteger
121.3,44.6,198.0,5.49,27.2,37.6,83.3,proteger
122.7,44.0,197.6,5.41,27.0,36.1,80.2,proteger
123.6,44.4,193.5,5.52,25.9,35.2,79.7,proteger
148.7,47.8,204.8,6.07,18.7,68.3,60.8,nao_fazer_nada
151.1,47.1,200.5,5.96,18.6,69.1,60.6,nao_fazer_nada
151.5,47.1,204.3,6.11,18.3,68.5,60.7,nao_fazer_nada
146.2,46.7,203.5,6.02,18.6,67.9,59.1,nao_fazer_nada
151.4,46.2,199.6,6.08,18.8,66.4,60.3,nao_fazer_nada
147.5,46.8,203.5,5.98,18.7,67.8,61.5,nao_fazer_nada
146.8,47.0,200.7,5.93,18.8,65.2,61.6,nao_fazer_nada
145.7,46.2,200.6,6.11,18.6,64.6,59.6,nao_fazer_nada
145.0,46.7,200.3,5.90,18.4,65.8,61.3,nao_fazer_nada
149.1,47.1,200.2,6.02,18.4,64.5,61.9,nao_fazer_nada
148.6,46.8,202.0,6.09,19.2,62.6,60.8,nao_fazer_nada
147.3,46.1,198.2,5.92,18.9,63.9,62.0,nao_fazer_nada
146.8,46.9,198.4,6.06,18.6,63.3,62.1,nao_fazer_nada
148.6,45.4,196.7,6.09,18.7,62.6,60.9,nao_fazer_nada
146.5,45.9,203.5,6.14,18.8,61.4,61.2,nao_fazer_nada
143.4,46.6,199.1,6.08,19.1,60.1,60.8,nao_fazer_nada
147.3,45.6,199.5,5.94,19.3,61.2,62.4,nao_fazer_nada
146.0,45.4,198.6,6.10,18.9,60.8,62.9,nao_fazer_nada
143.2,45.7,199.0,6.14,19.6,60.3,61.4,nao_fazer_nada
146.6,44.9,201.4,6.07,19.4,59.0,62.0,irrigar
143.5,44.9,199.4,6.05,19.2,58.1,63.5,irrigar
141.5,45.6,195.4,6.04,19.4,57.2,62.2,irrigar
144.4,45.1,195.7,5.98,19.7,57.3,61.9,irrigar
140.4,45.6,196.4,5.96,19.8,56.5,63.8,irrigar
142.3,44.2,198.4,5.99,19.3,55.4,62.5,irrigar
144.8,44.1,196.1,5.94,19.7,56.3,63.9,irrigar
143.7,45.0,193.2,6.03,19.6,55.6,64.6,irrigar
141.4,44.2,193.7,6.03,19.9,55.3,64.4,irrigar
140.9,44.5,191.3,6.14,20.1,52.7,64.7,irrigar
141.4,45.0,193.2,6.03,20.4,54.0,65.0,irrigar
138.9,44.2,193.9,6.18,21.7,51.8,67.4,irrigar
138.4,43.7,193.4,6.13,22.3,51.5,70.3,proteger
139.1,43.4,193.7,6.16,23.3,50.9,73.1,proteger
140.8,43.5,192.1,6.08,24.2,51.5,73.0,proteger
136.8,43.4,194.1,6.06,24.4,50.3,74.8,proteger
137.9,44.4,193.9,6.18,25.0,49.8,77.6,proteger
138.4,44.5,189.3,6.19,26.2,50.0,77.1,proteger
140.8,43.6,195.5,6.12,26.2,48.6,79.7,proteger
139.3,44.0,191.8,6.15,26.4,48.2,81.4,proteger
140.2,43.0,193.2,6.06,27.4,46.8,81.9,proteger
138.7,43.5,191.1,6.18,27.6,45.8,82.4,proteger
138.8,44.0,193.5,6.02,27.4,45.6,82.9,proteger
139.4,42.7,188.6,6.11,28.1,45.2,86.2,proteger
134.5,43.9,188.5,6.14,28.7,44.3,84.0,proteger
135.2,42.5,187.7,6.20,28.6,44.1,84.5,proteger
133.5,42.1,187.4,6.18,29.0,44.1,85.9,proteger
135.6,42.1,186.6,6.19,29.6,43.6,88.0,proteger
137.7,43.0,186.6,6.20,29.4,42.9,88.6,proteger
136.6,42.0,184.1,6.10,29.7,41.2,87.3,proteger
134.5,42.4,189.3,6.12,29.5,41.0,89.5,proteger
132.2,42.9,189.6,6.03,30.3,39.5,87.5,proteger
136.0,42.3,187.3,6.00,30.4,40.3,89.5,proteger
135.0,42.0,183.0,6.07,29.9,38.8,91.2,proteger
135.1,42.0,184.6,6.12,29.5,38.4,89.6,proteger
136.0,42.1,182.7,6.02,28.7,38.1,85.3,proteger
133.9,42.0,182.3,6.16,28.1,36.9,84.5,proteger
132.6,42.4,182.3,6.15,26.9,35.8,82.7,proteger
130.8,41.5,186.9,6.08,26.8,35.1,82.3,proteger
134.5,41.4,181.9,6.09,25.9,35.7,80.7,proteger
130.6,41.3,181.4,6.15,25.7,34.3,77.5,proteger
131.2,41.0,183.9,6.22,25.8,33.7,77.9,proteger
132.7,42.1,179.8,6.21,25.4,33.3,78.0,proteger
132.6,40.6,180.6,6.05,24.1,32.9,75.5,proteger
131.3,41.4,185.1,6.22,23.9,32.0,76.3,proteger
128.0,41.3,185.6,6.17,24.0,31.5,76.1,proteger
128.3,41.6,185.5,6.01,24.0,31.2,73.4,proteger
129.5,40.4,180.5,6.12,23.8,30.4,74.1,proteger
131.0,40.1,180.6,6.05,23.0,30.0,73.2,proteger
131.7,40.1,178.1,6.10,23.4,28.8,72.8,proteger
127.5,40.0,177.4,6.15,22.6,29.1,71.0,proteger
130.4,41.0,177.1,6.23,22.4,28.5,72.4,proteger
126.3,39.8,181.1,6.06,22.8,27.5,70.7,proteger
128.5,40.7,181.0,6.14,22.7,27.4,71.5,proteger
126.2,40.3,177.3,6.13,22.4,26.8,70.8,proteger
129.4,40.1,178.6,6.23,22.4,25.9,68.9,proteger
127.0,40.6,177.6,6.19,22.5,25.7,69.7,proteger
124.9,39.4,179.3,6.09,22.4,25.1,69.8,proteger
127.3,39.8,180.1,6.27,22.0,24.4,69.7,irrigar
125.3,40.1,176.1,6.15,22.1,23.2,67.9,proteger
124.6,38.8,178.1,6.20,21.5,23.0,66.0,irrigar
123.6,39.2,177.0,6.26,21.0,23.2,63.4,irrigar
125.8,39.6,173.0,6.18,21.1,23.8,61.8,irrigar
124.2,39.0,175.7,6.26,20.2,23.4,57.4,irrigar
124.8,39.8,174.7,6.25,20.2,23.9,55.8,irrigar
122.7,39.1,174.0,6.07,19.6,23.9,53.1,irrigar
123.1,38.7,175.0,6.19,19.4,23.5,51.0,irrigar
124.3,39.5,176.3,6.09,19.4,23.8,48.4,irrigar
125.5,38.1,171.1,6.14,19.2,23.8,46.7,irrigar
125.5,38.5,172.9,6.24,19.0,23.8,45.2,irrigar
122.0,38.3,172.3,6.11,18.3,24.0,44.0,irrigar
125.1,38.2,170.9,6.23,18.6,24.0,43.4,irrigar
124.5,38.9,173.6,6.08,18.1,23.6,42.4,irrigar
121.0,38.6,170.8,6.31,18.1,23.8,41.3,irrigar
124.0,38.6,174.6,6.18,17.7,24.2,40.0,irrigar
119.1,38.3,173.8,6.13,17.7,24.2,39.5,irrigar
123.3,37.2,174.7,6.22,17.5,23.8,38.3,irrigar
120.1,37.4,168.6,6.10,17.6,24.0,37.5,irrigar
122.9,38.2,169.9,6.14,17.3,23.9,35.7,irrigar
122.5,37.3,171.2,6.27,17.2,24.4,35.8,irrigar
120.3,37.5,169.5,6.08,16.7,23.7,35.8,irrigar
121.5,37.9,168.6,6.08,16.7,24.6,34.0,irrigar
118.0,37.4,168.2,6.15,17.1,24.0,34.5,irrigar
118.9,37.0,170.8,6.25,16.6,24.2,33.9,irrigar
119.0,37.8,169.3,6.33,16.5,24.4,34.2,irrigar
116.5,37.2,166.8,6.31,17.1,23.9,36.8,irrigar
118.5,37.3,166.8,6.28,17.3,23.1,40.5,irrigar
117.9,36.5,169.9,6.21,17.3,22.2,42.2,irrigar
119.1,36.8,168.2,6.11,17.3,22.0,44.5,irrigar
115.5,36.1,164.9,6.31,18.0,21.0,46.5,irrigar
116.6,36.8,165.8,6.27,17.7,20.6,47.5,irrigar
148.5,46.9,205.7,6.12,18.2,70.4,59.1,nao_fazer_nada
149.9,47.9,203.3,6.11,18.6,67.7,59.8,nao_fazer_nada
149.8,47.1,202.2,5.96,18.7,69.4,60.5,nao_fazer_nada
146.4,46.6,207.6,6.09,18.4,68.6,59.7,nao_fazer_nada
145.7,47.1,200.7,5.92,18.2,66.8,60.8,nao_fazer_nada
145.3,46.1,206.9,5.96,18.8,66.5,60.0,nao_fazer_nada
146.8,45.9,204.0,6.01,18.5,67.1,61.4,nao_fazer_nada
148.8,46.5,200.8,5.91,19.1,65.7,61.7,nao_fazer_nada
145.9,47.2,203.6,6.10,18.6,64.4,61.4,nao_fazer_nada
149.9,46.9,199.3,6.00,18.6,64.4,60.8,nao_fazer_nada
149.2,45.7,198.3,5.99,18.8,63.4,61.3,nao_fazer_nada
148.7,46.5,202.6,6.05,18.9,63.2,61.2,nao_fazer_nada
144.4,45.6,200.3,6.10,19.3,62.7,61.8,nao_fazer_nada
148.7,46.2,200.9,6.10,19.3,62.2,62.1,nao_fazer_nada
146.6,46.1,202.8,5.96,18.8,60.8,62.5,nao_fazer_nada
147.2,45.2,199.0,6.05,18.8,60.9,61.0,nao_fazer_nada
146.1,45.6,199.5,6.06,18.9,61.4,60.7,nao_fazer_nada
154.9,49.4,216.8,6.10,19.6,75.1,62.8,nao_fazer_nada
159.0,49.1,209.6,6.09,19.6,73.8,61.8,nao_fazer_nada
155.0,50.1,211.6,5.98,19.6,73.1,62.7,nao_fazer_nada
157.2,49.8,212.9,5.93,19.4,74.7,63.3,nao_fazer_nada
154.0,49.8,215.4,5.96,19.8,73.3,61.8,nao_fazer_nada
156.3,49.6,211.5,5.99,19.3,71.3,62.7,nao_fazer_nada
157.4,48.7,209.7,6.10,19.3,72.3,63.7,nao_fazer_nada
152.8,49.9,212.1,6.10,19.8,71.2,62.3,nao_fazer_nada
154.9,48.5,209.9,6.16,20.0,70.1,62.8,nao_fazer_nada
152.6,49.6,211.8,5.95,20.1,68.0,62.4,nao_fazer_nada
153.9,48.8,208.0,6.07,19.8,68.7,62.4,nao_fazer_nada
153.9,49.3,211.2,6.09,19.9,66.8,64.4,nao_fazer_nada
154.8,48.0,209.8,6.15,19.6,65.9,63.6,nao_fazer_nada
155.5,48.3,205.6,6.06,19.6,64.2,64.3,nao_fazer_nada
149.8,48.5,207.2,6.12,20.1,65.7,65.6,nao_fazer_nada
151.9,47.3,206.1,6.00,20.2,64.7,64.7,nao_fazer_nada
153.9,47.4,203.3,5.99,19.7,62.3,64.0,nao_fazer_nada
153.5,47.3,210.1,6.18,20.4,61.5,65.3,nao_fazer_nada
151.1,47.1,204.9,6.04,20.4,61.0,64.8,nao_fazer_nada
150.8,48.6,205.6,6.18,20.4,60.6,64.3,nao_fazer_nada
147.9,47.7,202.4,6.09,20.3,57.8,64.3,irrigar
148.7,48.0,206.0,6.17,20.5,58.0,65.5,irrigar
152.7,48.3,206.4,5.99,20.4,56.3,65.3,irrigar
151.5,46.8,200.8,6.14,20.2,54.7,65.1,irrigar
163.7,50.8,216.5,6.04,20.7,69.1,65.2,nao_fazer_nada
159.5,50.3,216.1,6.15,20.3,69.4,66.4,nao_fazer_nada
159.0,50.9,214.8,5.97,20.9,66.6,67.1,nao_fazer_nada
160.0,51.7,220.2,6.09,20.5,66.2,65.6,nao_fazer_nada
157.6,51.6,221.0,6.04,20.3,66.7,66.3,nao_fazer_nada
160.8,50.1,220.5,6.06,20.4,65.8,66.9,nao_fazer_nada
161.9,50.5,218.4,6.09,20.8,64.5,65.9,nao_fazer_nada
159.0,51.6,217.7,6.12,20.7,63.9,66.4,nao_fazer_nada
156.3,51.0,216.3,6.19,20.6,63.2,68.0,nao_fazer_nada
155.6,50.6,211.3,6.16,21.0,62.1,66.9,nao_fazer_nada
160.5,49.7,217.0,6.07,20.8,60.8,67.0,nao_fazer_nada
157.7,49.7,212.7,6.01,21.2,59.9,65.8,irrigar
157.5,50.7,214.4,6.23,21.0,60.3,66.3,travar_irrigacao
158.1,50.3,210.3,6.02,21.3,58.5,65.9,irrigar
158.3,49.1,215.8,6.18,20.9,58.6,67.4,irrigar
157.0,49.0,212.6,6.13,20.9,57.3,67.9,irrigar
154.3,50.7,215.0,6.11,21.2,58.2,66.1,irrigar
157.1,48.9,213.7,6.11,20.9,57.2,66.9,irrigar
167.9,53.5,224.3,6.13,20.9,70.5,67.6,nao_fazer_nada
167.9,54.3,222.0,6.21,20.7,70.4,68.0,travar_irrigacao
165.3,53.6,226.2,6.02,21.3,70.3,67.5,nao_fazer_nada
166.9,53.0,221.4,6.13,21.2,68.7,68.7,nao_fazer_nada
170.0,52.1,224.8,6.24,21.4,68.4,68.0,travar_irrigacao
165.4,53.8,220.6,6.08,21.5,69.9,68.5,nao_fazer_nada
164.2,53.8,228.2,6.19,21.3,68.1,68.7,nao_fazer_nada
163.6,53.4,227.6,6.19,21.4,69.1,68.5,nao_fazer_nada
168.0,52.4,221.6,6.04,21.0,67.4,67.3,nao_fazer_nada
166.9,53.4,222.6,6.21,21.6,67.3,68.1,travar_irrigacao
165.1,52.1,226.3,6.21,21.4,66.8,67.8,travar_irrigacao
166.7,52.3,225.0,6.15,21.2,66.5,68.0,nao_fazer_nada
162.7,51.9,223.0,6.06,20.8,65.2,67.2,nao_fazer_nada
166.6,52.4,224.9,6.23,21.4,63.7,66.7,travar_irrigacao
166.4,52.8,220.5,6.13,21.6,63.2,66.5,nao_fazer_nada
164.8,51.4,216.6,6.07,21.5,62.6,67.0,nao_fazer_nada
161.7,52.7,224.1,6.17,21.2,62.6,68.9,nao_fazer_nada
163.4,52.2,221.0,6.21,21.1,61.2,66.9,travar_irrigacao
161.2,51.8,219.4,6.23,21.5,61.2,68.2,travar_irrigacao
159.7,51.1,217.3,6.28,20.9,61.6,67.7,travar_irrigacao
163.3,51.8,217.6,6.08,21.5,61.6,70.2,proteger
159.8,50.9,214.3,6.10,22.5,60.9,70.8,proteger
161.6,51.9,214.1,6.21,23.0,60.1,72.3,proteger
162.1,52.2,219.7,6.14,23.9,57.8,74.0,proteger
163.8,50.6,217.5,6.15,25.0,57.3,75.3,proteger
158.2,50.0,216.9,6.25,24.4,56.6,76.5,proteger
157.3,50.3,215.0,6.20,24.6,56.2,74.0,proteger
160.8,51.3,213.8,6.20,24.3,56.9,72.3,proteger
161.2,51.3,217.2,6.18,25.0,56.6,70.9,proteger
156.9,50.7,220.0,6.10,24.3,55.5,71.8,proteger
161.3,51.0,214.0,6.20,24.8,54.4,70.8,proteger
156.1,51.1,217.0,6.10,24.4,54.9,67.8,proteger
157.7,50.6,214.1,6.21,24.9,53.8,67.1,proteger
159.6,49.6,213.8,6.23,25.1,52.9,66.2,proteger
160.9,50.0,214.5,6.07,24.3,51.4,66.2,proteger
159.8,50.4,211.6,6.27,24.2,51.5,65.0,proteger
154.8,50.5,216.9,6.10,24.5,51.6,66.5,proteger
156.6,50.0,215.2,6.10,25.0,51.4,64.9,proteger
156.3,50.4,211.9,6.23,24.4,50.4,65.0,proteger
155.6,48.8,214.6,6.32,24.8,50.3,65.0,proteger
156.5,49.3,213.8,6.09,24.2,48.1,63.4,proteger
155.1,49.3,210.9,6.26,24.3,48.6,62.2,proteger
149.0,47.3,200.7,5.92,18.3,69.6,59.0,nao_fazer_nada
147.7,47.4,205.0,6.11,18.8,69.4,60.8,nao_fazer_nada
148.6,48.0,205.0,6.08,18.5,69.0,60.5,nao_fazer_nada
150.2,47.4,201.7,5.95,18.5,67.8,59.7,nao_fazer_nada
147.2,47.7,201.8,6.06,18.5,67.5,60.2,nao_fazer_nada
147.2,46.0,199.4,5.93,18.9,65.4,59.5,nao_fazer_nada
150.0,46.1,204.0,5.95,18.6,66.3,61.2,nao_fazer_nada
146.3,47.4,200.3,5.90,18.8,64.3,61.3,nao_fazer_nada
149.3,47.4,203.8,5.98,19.1,65.2,61.1,nao_fazer_nada
148.6,45.7,202.1,5.97,18.6,65.1,60.4,nao_fazer_nada
148.3,46.4,204.4,5.95,18.7,63.1,61.1,nao_fazer_nada
144.5,47.1,197.7,6.05,18.9,64.3,60.1,nao_fazer_nada
143.2,45.3,202.6,6.11,19.2,62.5,60.5,nao_fazer_nada
143.9,47.0,197.2,6.09,19.3,63.0,62.1,nao_fazer_nada
142.8,46.2,196.3,6.12,18.9,61.4,60.3,nao_fazer_nada
144.4,46.4,195.7,6.13,18.9,61.2,61.1,nao_fazer_nada
144.0,46.4,201.8,6.11,19.1,61.6,63.0,nao_fazer_nada
143.5,45.4,197.9,6.13,19.1,60.2,62.6,nao_fazer_nada
144.8,45.3,196.1,6.14,19.2,58.8,63.3,irrigar
143.1,44.7,198.4,5.97,19.4,59.4,61.9,irrigar
145.7,45.5,194.4,6.07,19.6,57.2,62.2,irrigar
143.2,45.3,200.8,6.14,19.2,58.4,61.5,irrigar
142.8,45.7,193.6,5.93,19.7,56.4,62.2,irrigar
153.3,49.5,211.9,5.97,19.3,71.7,63.9,nao_fazer_nada
157.5,48.8,211.7,6.02,19.8,70.0,62.4,nao_fazer_nada
154.1,49.5,208.7,6.15,19.5,70.9,62.4,nao_fazer_nada
152.9,47.9,205.4,6.17,20.0,69.5,63.1,nao_fazer_nada
151.8,48.1,205.2,6.08,19.5,70.1,63.2,nao_fazer_nada
151.2,47.9,207.6,6.15,19.9,67.6,63.7,nao_fazer_nada
152.9,48.7,207.5,6.07,20.1,65.9,63.7,nao_fazer_nada
155.4,47.7,207.0,6.04,19.7,66.7,65.4,nao_fazer_nada
149.7,48.8,211.6,5.95,20.4,65.9,64.2,nao_fazer_nada
154.8,48.4,208.6,6.08,20.0,63.0,63.8,nao_fazer_nada
150.9,48.0,207.0,6.07,20.3,63.4,65.4,nao_fazer_nada
150.4,48.4,207.1,6.05,20.0,62.7,65.3,nao_fazer_nada
150.6,47.8,208.5,6.10,20.4,60.6,63.9,nao_fazer_nada
152.6,48.5,205.2,5.99,20.2,60.3,64.8,nao_fazer_nada
149.0,48.5,206.5,6.02,20.1,59.9,65.8,irrigar
149.1,47.2,203.5,6.12,20.7,58.6,66.2,irrigar
149.2,47.0,205.7,5.97,20.6,58.0,66.7,irrigar
150.9,46.9,202.5,6.15,20.8,55.7,66.8,irrigar
152.2,47.1,203.9,6.17,20.3,56.1,65.3,irrigar
149.1,47.8,205.7,6.10,20.5,54.1,65.9,irrigar
148.0,47.1,202.0,6.14,20.7,53.0,67.1,irrigar
146.4,46.4,200.8,6.07,20.5,51.9,67.3,irrigar
146.6,46.2,205.6,6.14,20.6,52.3,66.3,irrigar
146.3,47.2,202.7,6.20,20.4,50.4,66.7,irrigar
158.2,51.2,219.4,6.02,21.0,63.8,66.0,nao_fazer_nada
156.9,51.0,211.8,6.14,20.8,63.9,67.6,nao_fazer_nada
158.4,50.1,219.3,6.21,20.8,63.7,66.0,travar_irrigacao
156.2,50.0,212.6,6.01,20.6,62.5,66.4,nao_fazer_nada
157.4,50.5,214.8,6.13,20.9,60.7,67.7,nao_fazer_nada
156.5,50.9,214.5,6.15,20.9,60.1,67.7,nao_fazer_nada
155.0,49.9,212.7,6.13,21.0,59.4,67.9,irrigar
156.5,50.0,211.4,6.14,21.0,59.0,67.6,irrigar
155.6,50.4,212.6,6.06,21.2,58.9,67.7,irrigar
159.8,49.4,215.5,6.05,20.7,57.8,66.5,irrigar
153.5,48.9,213.2,6.01,20.9,58.8,66.4,irrigar
155.5,48.8,215.8,6.18,20.8,57.5,67.3,irrigar
164.9,53.2,228.0,6.03,20.7,72.0,68.6,nao_fazer_nada
170.7,53.8,228.0,6.22,21.0,70.6,66.4,travar_irrigacao
168.8,52.7,222.6,6.09,20.9,71.7,68.5,nao_fazer_nada
164.0,53.8,227.8,6.16,20.9,70.7,67.7,nao_fazer_nada
169.6,53.8,223.9,6.08,21.5,69.9,67.3,nao_fazer_nada
167.9,52.3,221.5,6.11,21.2,68.1,66.8,nao_fazer_nada
165.1,52.0,223.6,6.11,21.1,69.2,67.7,nao_fazer_nada
164.4,52.1,227.6,6.07,21.2,68.9,67.7,nao_fazer_nada
164.6,53.1,220.3,6.08,21.0,67.9,68.1,nao_fazer_nada
167.1,52.4,220.9,6.26,21.0,65.7,66.7,travar_irrigacao
163.7,52.2,224.7,6.19,21.5,65.1,67.8,nao_fazer_nada
162.7,51.9,220.2,6.06,20.9,65.5,67.0,nao_fazer_nada
164.5,52.9,225.5,6.09,20.9,64.6,66.9,nao_fazer_nada
162.2,52.4,224.9,6.20,21.4,63.6,67.7,nao_fazer_nada
165.5,51.3,223.3,6.06,21.1,64.5,67.9,nao_fazer_nada
163.6,52.9,224.3,6.20,21.9,64.6,68.6,nao_fazer_nada
165.5,51.7,217.8,6.25,22.6,62.7,72.6,proteger
165.6,51.3,216.7,6.08,24.1,62.7,73.3,proteger
162.2,51.9,219.5,6.09,24.5,62.7,74.1,proteger
160.7,52.4,220.4,6.23,24.5,60.7,78.3,proteger
164.6,52.1,218.2,6.25,25.5,59.7,80.0,proteger
158.9,51.7,215.6,6.14,26.1,60.4,79.0,proteger
158.9,52.3,216.8,6.10,26.0,59.8,82.4,proteger
158.6,51.8,218.4,6.10,26.6,59.3,80.9,proteger
159.3,51.8,214.5,6.18,27.5,57.7,82.2,proteger
160.3,50.2,216.9,6.26,26.8,56.4,80.4,proteger
160.1,51.8,212.7,6.14,26.8,57.0,80.3,proteger
158.8,50.4,219.3,6.14,26.8,56.0,77.1,proteger
160.3,49.9,217.9,6.08,26.7,54.9,76.4,proteger
161.3,50.4,212.3,6.30,26.3,54.7,73.0,proteger
160.8,50.3,217.5,6.10,26.2,54.0,73.8,proteger
158.0,50.9,212.6,6.13,25.6,53.8,71.0,proteger
158.7,51.1,218.6,6.25,25.7,52.9,69.7,proteger
156.2,51.1,214.8,6.23,25.8,52.6,70.7,proteger
155.4,50.4,212.1,6.27,26.0,52.8,68.8,proteger
155.8,49.4,215.0,6.10,25.8,52.1,68.2,proteger
158.5,50.0,211.3,6.26,25.0,51.5,67.8,proteger
157.0,49.9,210.5,6.11,25.5,51.0,66.8,proteger
155.3,50.4,215.0,6.32,25.3,50.2,65.6,proteger
155.7,49.3,210.7,6.30,25.0,48.1,65.9,proteger
159.1,48.6,208.7,6.13,23.9,47.4,64.2,proteger
157.9,48.9,208.0,6.25,23.8,48.2,65.1,proteger
156.5,49.0,208.1,6.18,22.8,46.2,63.3,proteger
157.4,49.4,211.4,6.11,22.4,45.9,63.0,proteger
157.0,49.6,210.8,6.24,22.5,45.5,63.7,proteger
157.2,49.1,206.8,6.24,21.5,45.7,63.2,irrigar
151.9,47.9,213.0,6.24,21.2,45.0,63.0,irrigar
151.9,48.7,206.4,6.13,21.3,43.6,62.0,irrigar
167.8,53.3,219.3,6.28,21.1,59.0,62.5,irrigar
167.5,52.5,221.1,6.17,20.4,57.1,62.8,irrigar
147.3,47.3,207.9,5.89,18.5,68.9,59.5,nao_fazer_nada
146.8,46.5,201.1,5.97,18.8,69.9,60.1,nao_fazer_nada
151.3,46.3,207.5,5.96,18.5,67.4,59.8,nao_fazer_nada
147.5,46.9,204.0,5.97,18.3,68.6,60.4,nao_fazer_nada
148.9,46.8,203.0,6.00,18.4,67.4,59.7,nao_fazer_nada
149.5,46.7,206.3,5.93,18.8,66.1,59.9,nao_fazer_nada
148.3,46.5,206.3,5.93,18.9,65.1,59.2,nao_fazer_nada
145.5,47.2,198.9,6.00,18.3,65.9,61.5,nao_fazer_nada
146.7,47.1,205.9,5.95,18.8,64.9,60.6,nao_fazer_nada
148.6,47.1,200.3,6.14,18.7,63.8,61.3,nao_fazer_nada
146.3,47.0,202.7,5.96,19.1,62.7,59.8,nao_fazer_nada
145.7,46.4,203.6,5.92,18.5,62.6,60.5,nao_fazer_nada
145.6,46.2,199.3,5.94,19.3,62.6,62.0,nao_fazer_nada
143.6,45.4,199.8,6.07,18.8,63.4,62.5,nao_fazer_nada
147.4,45.3,203.5,5.97,19.3,62.5,60.4,nao_fazer_nada
143.8,45.1,201.5,5.94,19.3,61.3,61.0,nao_fazer_nada
144.4,44.9,198.7,5.92,19.1,60.4,60.7,nao_fazer_nada
146.7,46.1,197.7,5.92,19.6,59.5,62.5,irrigar
144.7,45.3,197.7,6.16,19.0,60.1,61.5,nao_fazer_nada
142.0,46.3,194.9,6.12,19.2,58.0,62.5,irrigar
145.3,45.2,199.4,5.93,19.4,58.2,62.8,irrigar
142.5,45.9,194.4,5.99,19.3,57.4,62.7,irrigar
143.0,45.1,194.2,6.13,19.7,56.6,63.3,irrigar
157.7,49.6,212.9,6.11,19.6,70.9,62.3,nao_fazer_nada
156.6,49.1,206.6,5.93,19.6,72.0,63.5,nao_fazer_nada
151.2,48.7,211.8,6.03,19.5,69.4,62.6,nao_fazer_nada
153.8,48.5,210.4,6.16,19.5,69.4,63.8,nao_fazer_nada
155.2,47.8,205.5,6.05,19.9,68.2,62.7,nao_fazer_nada
155.3,49.3,207.7,6.14,19.6,68.0,65.0,nao_fazer_nada
153.3,48.5,209.9,5.97,19.7,67.4,64.3,nao_fazer_nada
154.2,47.9,208.3,6.04,19.6,65.7,63.6,nao_fazer_nada
155.3,48.5,206.8,6.16,19.9,65.8,63.1,nao_fazer_nada
149.5,47.8,209.4,6.15,19.9,64.3,65.1,nao_fazer_nada
148.8,47.9,206.1,6.07,20.5,63.3,64.0,nao_fazer_nada
152.9,48.7,210.0,6.10,19.9,60.9,64.3,nao_fazer_nada
153.3,48.7,208.1,6.02,20.4,60.2,64.7,nao_fazer_nada
148.8,48.2,202.4,6.12,20.2,59.7,65.4,irrigar
148.1,47.5,206.9,6.08,20.4,59.7,64.4,irrigar
151.7,47.0,206.2,6.03,20.3,57.0,65.0,irrigar
152.5,46.6,205.5,6.07,20.5,58.1,65.1,irrigar
151.2,48.0,208.2,6.01,20.5,55.2,65.4,irrigar
149.3,46.9,204.6,6.14,20.5,54.9,65.4,irrigar
151.1,47.8,206.6,6.14,20.2,53.2,65.7,irrigar
147.8,47.4,207.3,5.99,20.9,53.9,66.0,irrigar
150.8,47.0,206.5,6.17,20.5,51.9,66.6,irrigar
146.7,47.2,204.3,5.98,21.0,50.7,65.5,irrigar
149.5,46.4,199.1,6.16,20.8,50.8,65.8,irrigar
160.2,50.8,218.0,6.16,20.7,64.5,66.8,nao_fazer_nada
156.8,51.0,212.4,6.19,20.6,64.2,66.0,nao_fazer_nada
159.0,49.7,218.0,6.18,20.7,62.7,66.6,nao_fazer_nada
158.1,50.6,216.3,6.18,21.0,61.8,66.3,nao_fazer_nada
159.3,49.9,210.9,6.11,21.0,61.8,67.9,nao_fazer_nada
156.7,49.7,217.3,6.22,21.1,60.3,68.3,travar_irrigacao
158.7,50.8,211.9,6.17,20.6,59.8,67.1,irrigar
158.1,50.7,216.2,6.14,21.3,60.2,66.4,nao_fazer_nada
157.0,49.1,212.5,6.12,21.0,59.0,68.0,irrigar
160.0,49.7,210.2,6.22,20.8,59.4,68.1,irrigar
158.6,49.7,213.2,6.09,20.7,56.8,68.7,irrigar
155.3,49.3,212.6,6.15,20.8,57.7,68.1,irrigar
156.7,50.1,213.7,6.12,21.3,57.2,66.8,irrigar
157.9,50.0,210.0,6.23,21.4,56.6,66.3,irrigar
155.6,48.7,208.2,6.05,21.4,55.0,67.3,irrigar
156.5,48.2,213.8,6.04,21.1,55.4,68.1,irrigar
152.9,49.7,206.6,6.09,21.1,54.0,67.4,irrigar
153.5,49.8,206.7,6.02,20.8,53.5,66.9,irrigar
154.8,48.8,213.5,6.05,21.3,54.1,66.5,irrigar
152.7,48.3,209.3,6.16,21.0,53.9,68.2,irrigar
154.7,49.3,211.2,6.01,20.8,51.3,66.7,irrigar
153.6,48.6,204.7,6.13,20.9,51.9,68.4,irrigar
150.3,48.1,207.8,6.08,21.4,50.6,67.6,irrigar
152.8,48.5,208.5,6.17,20.8,51.0,67.3,irrigar
163.2,51.8,223.8,6.03,21.4,65.1,68.0,nao_fazer_nada
164.5,51.2,223.5,6.14,20.9,65.0,67.7,nao_fazer_nada
166.2,52.3,222.9,6.18,21.4,63.8,68.1,nao_fazer_nada
166.0,51.7,223.6,6.24,21.5,64.2,66.4,travar_irrigacao
162.2,52.2,219.1,6.23,20.8,61.6,66.7,travar_irrigacao
160.2,51.6,220.2,6.26,21.1,61.4,66.5,travar_irrigacao
159.9,51.1,221.4,6.20,21.0,62.7,68.2,travar_irrigacao
164.7,51.4,216.6,6.28,21.6,62.1,68.0,travar_irrigacao
161.1,50.8,219.8,6.23,21.5,60.1,66.5,travar_irrigacao
160.1,51.9,222.1,6.16,21.3,60.0,68.0,irrigar
158.6,51.8,220.3,6.04,21.4,59.8,67.0,irrigar
159.6,50.6,215.2,6.23,21.1,58.3,66.3,irrigar
160.0,50.4,220.5,6.28,20.7,57.6,68.1,irrigar
160.8,50.7,219.5,6.13,21.4,56.8,66.7,irrigar
160.5,50.1,220.5,6.09,21.3,56.1,66.6,irrigar
158.3,51.5,214.8,6.06,20.7,53.6,67.7,irrigar
157.8,50.8,212.0,6.11,21.2,52.5,66.2,irrigar
161.6,50.4,220.1,6.06,20.8,53.2,67.8,irrigar
159.5,50.5,217.0,6.15,21.2,51.3,67.5,irrigar
160.8,51.2,219.4,6.09,20.6,51.2,66.7,irrigar
160.1,51.1,218.2,6.07,21.1,48.5,66.2,irrigar
159.4,50.0,215.5,6.30,20.9,47.6,65.2,irrigar
155.4,50.7,214.2,6.12,20.6,47.0,66.3,irrigar
156.8,50.9,212.1,6.14,20.5,45.6,67.2,irrigar
167.5,54.5,230.2,6.19,20.8,59.8,65.5,irrigar
168.9,53.3,226.3,6.15,20.6,59.0,65.1,irrigar
171.7,54.8,222.3,6.14,20.8,59.7,65.4,irrigar
170.3,54.2,224.7,6.08,20.4,56.7,65.6,irrigar
165.9,54.0,226.0,6.16,20.6,56.3,65.7,irrigar
150.8,48.3,204.4,6.00,18.6,69.6,60.4,nao_fazer_nada
149.7,47.2,200.4,5.92,18.9,68.7,59.8,nao_fazer_nada
146.4,46.3,207.4,6.02,18.9,68.6,60.2,nao_fazer_nada
149.9,47.2,201.8,6.02,18.9,66.4,61.3,nao_fazer_nada
151.4,47.4,201.9,6.12,18.3,67.8,59.6,nao_fazer_nada
148.7,47.8,201.8,6.04,18.5,66.3,60.1,nao_fazer_nada
147.6,47.5,206.0,6.03,18.9,64.8,61.1,nao_fazer_nada
147.0,47.5,199.3,5.93,18.6,65.9,59.5,nao_fazer_nada
150.2,47.3,200.5,5.92,19.0,63.7,60.8,nao_fazer_nada
144.4,46.3,198.7,6.11,18.5,64.8,61.8,nao_fazer_nada
147.6,46.0,197.8,6.09,18.8,64.0,61.9,nao_fazer_nada
149.0,45.7,202.5,6.13,18.9,62.2,60.0,nao_fazer_nada
144.8,46.3,196.6,5.97,18.7,62.0,61.4,nao_fazer_nada
143.9,45.3,198.0,6.14,18.8,61.8,60.9,nao_fazer_nada
146.9,45.9,200.9,5.96,19.4,62.5,62.7,nao_fazer_nada
146.6,46.3,200.0,5.94,18.9,61.5,61.3,nao_fazer_nada
146.7,45.9,197.3,5.96,18.8,61.3,62.6,nao_fazer_nada
145.7,45.9,194.7,6.15,19.4,59.6,62.0,irrigar
146.5,46.1,195.9,5.92,19.0,60.3,61.7,nao_fazer_nada
142.1,46.0,196.1,5.98,19.7,58.1,61.9,irrigar
142.3,45.1,200.6,6.00,19.4,58.2,61.7,irrigar
140.7,46.1,194.9,6.02,19.1,57.0,63.6,irrigar
144.1,45.0,194.1,5.93,19.3,57.6,63.1,irrigar
142.9,44.5,193.4,6.01,19.9,56.6,62.5,irrigar
144.9,45.1,197.1,6.13,20.1,55.9,64.4,irrigar
144.1,45.8,192.8,6.17,21.4,55.3,67.0,irrigar
142.1,45.1,197.2,6.07,21.8,55.1,70.0,proteger
143.7,44.0,195.5,6.06,23.1,54.0,71.0,proteger
139.4,45.0,197.3,6.06,23.6,53.9,71.8,proteger
143.3,44.1,196.9,6.07,24.6,54.0,76.1,proteger
143.5,43.8,192.0,6.01,25.0,52.3,75.0,proteger
142.7,44.0,191.1,6.12,25.6,51.3,77.2,proteger
140.4,43.7,194.2,6.17,26.3,52.0,78.5,proteger
141.3,43.6,189.6,6.05,26.8,49.9,79.4,proteger
137.2,43.8,189.2,6.07,26.3,49.7,81.9,proteger
140.9,44.4,193.0,6.08,27.5,50.1,82.3,proteger
137.5,43.4,189.3,6.14,28.0,49.1,81.8,proteger
137.2,44.4,191.4,6.11,28.1,48.5,83.4,proteger
138.4,43.3,195.0,6.09,28.2,48.0,85.0,proteger
136.7,43.4,192.5,6.09,28.2,47.2,86.0,proteger
138.5,43.4,192.9,6.17,28.6,45.6,82.1,proteger
138.9,43.8,191.3,5.97,28.1,45.1,80.2,proteger
137.5,42.7,187.7,6.17,27.6,44.3,80.8,proteger
134.8,43.1,192.0,6.14,26.9,44.3,77.0,proteger
138.4,43.8,188.0,6.09,27.0,44.1,76.8,proteger
137.2,42.1,192.6,5.98,27.1,44.0,74.7,proteger
133.3,42.7,189.2,6.20,26.5,42.3,74.6,proteger
135.7,42.4,190.2,6.20,26.1,42.4,72.3,proteger
135.0,43.1,184.3,6.07,26.4,41.3,71.6,proteger
133.8,42.5,188.9,5.98,25.1,40.6,70.0,proteger
133.3,42.2,190.4,6.07,24.4,41.0,70.5,proteger
132.2,43.0,185.6,6.01,24.4,40.1,68.2,proteger
133.3,42.1,187.3,6.15,23.1,39.8,68.1,proteger
133.3,42.1,186.0,6.07,23.0,38.5,67.8,proteger
133.1,41.7,185.5,6.06,22.3,38.1,66.6,proteger
134.6,42.4,183.9,6.02,21.8,36.9,66.7,irrigar
131.1,41.4,185.1,6.14,21.5,36.7,63.9,irrigar
131.7,41.8,187.5,6.04,21.7,35.8,63.6,irrigar
133.1,41.7,184.3,6.10,20.8,36.1,63.2,irrigar
133.2,41.1,183.7,6.09,21.0,35.4,63.8,irrigar
134.0,41.2,183.7,6.13,20.6,34.2,62.3,irrigar
129.6,40.5,180.9,6.01,20.4,34.5,62.4,irrigar
132.2,40.7,181.4,6.19,20.7,33.8,62.9,irrigar
132.2,40.3,179.3,6.05,20.4,33.4,61.7,irrigar
132.2,41.4,179.0,6.03,20.1,31.8,62.6,irrigar
132.1,40.4,184.0,6.14,19.7,31.9,63.2,irrigar
132.5,41.1,180.2,6.18,19.4,30.7,62.1,irrigar
131.7,41.0,184.8,6.17,19.5,30.8,60.8,irrigar
130.8,40.4,179.2,6.22,19.4,30.5,60.4,irrigar
130.0,40.9,183.4,6.03,19.0,29.1,60.6,irrigar
131.1,40.8,177.0,6.07,19.9,28.8,61.8,irrigar
127.9,40.7,182.4,6.14,19.9,28.1,63.7,irrigar
128.5,40.0,176.7,6.11,19.9,28.0,62.6,irrigar
129.1,40.5,179.3,6.06,19.6,26.7,62.4,irrigar
127.8,40.1,177.8,6.14,20.4,27.0,63.0,irrigar
125.7,40.5,178.0,6.26,21.1,26.1,66.7,irrigar
126.4,39.6,175.1,6.11,21.9,25.5,68.4,irrigar
125.9,39.5,176.9,6.25,22.7,24.8,70.7,proteger
126.9,39.6,175.2,6.23,23.8,24.1,72.7,proteger
127.9,39.5,174.4,6.26,23.9,23.5,73.2,proteger
123.3,39.9,176.0,6.16,23.8,23.5,72.9,proteger
125.4,40.0,177.9,6.25,24.1,22.5,71.8,proteger
125.4,38.8,178.7,6.26,24.9,22.2,70.1,proteger
126.4,38.7,172.5,6.17,24.7,21.7,69.4,proteger
126.1,39.7,173.2,6.06,24.4,20.7,68.3,proteger
126.1,39.4,174.3,6.15,24.1,20.4,69.6,proteger
123.2,39.3,172.3,6.11,24.4,19.7,68.4,proteger
125.4,38.3,174.3,6.14,24.2,19.0,67.4,proteger
125.4,38.6,172.5,6.09,25.0,18.7,67.1,proteger
121.5,38.1,175.9,6.22,24.9,17.7,65.8,proteger
121.8,38.9,175.2,6.21,24.8,17.1,66.1,proteger
122.4,37.7,172.7,6.18,24.2,17.0,65.3,proteger
121.0,37.7,173.9,6.15,24.5,16.1,64.7,proteger
121.9,37.4,173.6,6.26,24.3,15.5,64.2,proteger
122.1,38.7,170.6,6.24,24.9,15.2,65.1,proteger
122.6,37.9,171.1,6.31,24.1,14.5,64.4,proteger
121.6,37.9,172.4,6.31,24.7,13.7,62.9,proteger
119.3,37.6,168.5,6.23,24.0,13.2,62.4,proteger
119.8,37.2,172.8,6.14,24.8,12.4,62.5,proteger
120.1,37.9,169.8,6.21,23.5,12.2,62.9,proteger
120.3,36.7,170.6,6.29,23.1,11.5,62.1,proteger
121.6,36.6,168.1,6.18,22.5,10.8,61.3,proteger
119.7,37.9,170.2,6.17,22.1,10.5,60.5,proteger
117.2,37.6,171.3,6.10,22.3,9.9,61.0,proteger
116.7,36.4,165.3,6.20,22.0,9.1,61.3,irrigar
120.0,36.5,165.8,6.25,21.2,8.7,61.9,irrigar
118.2,36.7,164.7,6.21,20.8,8.0,61.4,irrigar
118.2,36.6,164.9,6.24,21.0,7.6,61.4,irrigar
117.8,36.8,166.0,6.33,21.0,7.0,61.5,irrigar
118.2,37.1,168.6,6.23,20.3,6.5,59.8,irrigar
118.8,36.9,164.3,6.11,20.5,5.9,61.3,irrigar
117.1,35.8,163.6,6.10,20.3,5.4,60.4,irrigar
117.2,36.6,167.8,6.28,20.5,4.8,61.5,irrigar
117.5,36.0,168.2,6.32,19.8,4.2,61.1,irrigar
115.4,35.5,165.6,6.15,20.0,3.7,62.3,irrigar
115.5,36.2,165.5,6.28,20.0,3.0,62.1,irrigar
116.5,36.1,162.6,6.31,19.3,2.5,62.2,irrigar
114.4,36.1,161.0,6.33,19.6,2.0,62.0,irrigar
114.3,35.5,162.1,6.13,19.5,1.4,60.8,irrigar
128.2,40.0,179.6,6.20,19.3,15.6,61.8,irrigar
149.4,47.7,203.4,5.93,18.7,68.9,59.4,nao_fazer_nada
146.4,47.1,202.3,6.09,18.4,68.6,60.0,nao_fazer_nada
148.7,47.0,202.3,6.06,18.6,68.0,59.9,nao_fazer_nada
147.8,47.9,205.6,6.06,18.3,68.3,59.2,nao_fazer_nada
150.5,47.3,206.7,5.97,18.4,67.8,59.4,nao_fazer_nada
148.8,47.0,204.5,6.07,18.8,65.4,60.1,nao_fazer_nada
150.4,46.6,200.2,6.01,18.3,66.0,59.7,nao_fazer_nada
146.2,46.7,201.4,6.03,18.6,66.6,61.5,nao_fazer_nada
148.0,45.8,202.2,5.94,18.7,64.8,61.7,nao_fazer_nada
148.7,46.5,203.0,6.08,19.1,65.5,60.7,nao_fazer_nada
143.8,46.5,203.6,6.05,18.5,63.3,60.8,nao_fazer_nada
147.9,46.4,201.6,5.96,19.2,62.1,62.1,nao_fazer_nada
146.8,47.1,202.6,5.97,19.1,61.7,62.2,nao_fazer_nada
145.2,45.2,201.4,6.05,19.2,62.6,62.0,nao_fazer_nada
147.7,46.4,202.2,5.94,18.9,62.6,62.1,nao_fazer_nada
147.9,46.4,198.4,6.00,18.8,60.9,61.0,nao_fazer_nada
143.8,46.7,195.5,6.13,18.8,59.9,60.8,irrigar
143.2,45.8,195.3,6.03,19.3,60.3,61.1,nao_fazer_nada
142.6,45.0,197.4,6.06,19.1,59.8,63.1,irrigar
146.6,44.8,194.2,6.15,19.7,59.6,61.8,irrigar
142.5,45.3,194.2,6.14,19.1,57.1,63.0,irrigar
142.8,45.7,195.9,6.11,19.7,58.7,63.3,irrigar
142.2,44.7,197.4,6.13,20.5,56.5,63.5,irrigar
144.5,44.8,195.0,5.97,21.3,56.6,66.9,irrigar
141.6,44.8,192.8,5.96,22.0,55.3,68.1,irrigar
143.1,45.3,197.7,5.94,23.1,56.3,70.3,proteger
140.9,44.6,191.8,6.01,23.3,54.4,73.2,proteger
141.2,44.4,194.1,5.98,24.3,54.0,75.1,proteger
143.7,45.2,196.0,6.09,25.2,53.1,75.2,proteger
142.6,45.3,193.2,6.14,25.7,52.6,76.3,proteger
138.0,43.8,193.6,6.11,25.7,53.2,79.5,proteger
138.0,44.5,195.3,6.16,26.0,50.8,80.6,proteger
139.6,44.7,190.3,6.13,26.4,51.7,81.3,proteger
138.6,44.2,193.8,5.97,27.5,50.8,80.8,proteger
141.5,43.6,192.7,6.15,27.0,51.0,82.9,proteger
136.6,44.6,194.9,6.15,27.4,49.3,82.9,proteger
137.7,43.6,192.9,6.17,27.9,48.3,83.8,proteger
137.1,43.9,192.6,6.02,28.8,48.7,86.3,proteger
136.3,43.5,192.2,6.08,28.5,47.8,86.6,proteger
137.2,43.6,188.3,6.02,28.8,47.3,85.2,proteger
136.0,42.6,193.6,6.16,29.2,46.0,86.7,proteger
135.1,43.0,193.0,6.06,28.9,44.8,86.7,proteger
139.5,43.5,192.7,6.08,29.2,44.1,88.2,proteger
135.4,43.0,191.1,6.16,29.0,44.4,89.0,proteger
137.0,42.3,190.4,6.14,29.1,42.8,87.7,proteger
133.5,42.2,188.4,6.03,30.1,43.7,87.6,proteger
137.3,42.4,186.0,6.10,28.9,43.1,87.8,proteger
134.7,43.4,190.4,6.09,28.5,42.0,86.2,proteger
137.6,42.5,190.4,6.09,27.7,41.5,83.9,proteger
135.9,42.8,186.1,6.11,27.4,40.3,83.8,proteger
133.0,41.9,183.9,6.08,26.8,39.3,80.7,proteger
137.0,43.0,188.8,6.17,25.9,39.2,80.5,proteger
133.4,42.9,186.9,6.06,25.7,38.3,77.5,proteger
135.6,42.2,183.9,6.03,25.2,37.2,76.4,proteger
135.6,42.3,183.1,6.11,24.5,37.7,76.1,proteger
134.2,41.4,188.5,6.13,24.9,36.6,75.5,proteger
131.3,41.6,183.2,6.03,23.9,36.6,75.8,proteger
132.0,41.1,187.9,6.15,24.1,35.4,73.2,proteger
134.7,41.4,183.6,6.21,23.5,34.4,73.4,proteger
131.5,42.0,184.4,6.07,23.1,34.6,73.0,proteger
134.0,41.1,185.2,6.23,23.5,34.3,72.2,proteger
133.3,42.0,183.8,6.04,23.1,33.4,72.5,proteger
132.8,41.4,183.3,6.11,23.0,33.0,72.9,proteger
130.2,41.2,182.7,6.06,23.2,32.4,72.9,proteger
128.4,41.2,180.3,6.05,23.0,31.7,72.0,proteger
132.3,40.7,179.5,6.20,22.5,31.2,71.0,proteger
130.0,41.2,178.7,6.16,22.6,30.2,71.0,proteger
130.6,40.1,177.9,6.17,22.6,29.6,71.1,proteger
126.8,40.0,183.5,6.20,22.1,29.3,69.6,proteger
130.9,40.1,180.8,6.12,21.9,28.3,70.7,proteger
128.8,40.2,181.1,6.11,21.7,28.0,69.3,irrigar
128.4,40.2,181.9,6.15,22.0,28.1,68.1,proteger
128.2,39.9,182.7,6.27,21.7,27.1,67.9,irrigar
129.2,40.0,175.9,6.13,21.3,26.6,68.9,irrigar
126.0,39.8,180.8,6.23,21.5,26.4,68.9,irrigar
126.5,39.2,175.0,6.08,21.5,25.5,69.6,irrigar
128.0,39.3,179.1,6.15,21.2,25.3,69.2,irrigar
125.6,40.2,175.9,6.12,21.9,23.8,68.5,irrigar
126.8,40.3,177.7,6.06,21.8,24.0,67.0,irrigar
124.5,39.7,175.4,6.11,21.6,23.1,67.8,irrigar
124.8,39.3,175.4,6.15,21.1,22.6,67.0,irrigar
123.1,39.9,178.9,6.27,22.1,22.5,69.1,proteger
122.9,38.7,173.0,6.23,22.9,21.2,72.4,proteger
126.2,39.6,174.0,6.13,23.8,20.7,73.8,proteger
123.1,39.6,178.0,6.26,24.4,20.3,74.4,proteger
122.3,39.4,178.1,6.21,25.2,19.4,77.9,proteger
125.9,38.8,172.1,6.17,25.8,19.1,77.6,proteger
124.8,38.4,173.1,6.22,26.1,18.6,79.8,proteger
123.9,38.4,172.7,6.26,26.0,18.0,79.9,proteger
124.3,38.1,170.7,6.23,26.2,17.6,83.1,proteger
124.4,38.8,175.5,6.27,27.2,16.6,84.0,proteger
121.8,38.1,170.4,6.27,27.9,16.3,82.8,proteger
123.0,37.7,174.7,6.14,28.2,15.4,85.2,proteger
120.0,37.4,171.1,6.23,27.9,14.8,85.3,proteger
119.8,38.5,171.9,6.16,28.2,14.0,84.3,proteger
121.2,37.9,174.6,6.11,28.9,13.4,85.6,proteger
122.4,38.2,174.1,6.08,28.3,13.0,86.6,proteger
122.8,37.0,168.3,6.28,28.8,12.1,84.7,proteger
122.1,37.8,172.1,6.16,29.0,11.7,85.9,proteger
117.8,37.9,172.2,6.27,29.0,11.1,87.1,proteger
119.8,36.7,168.1,6.22,28.6,10.5,87.3,proteger
118.7,37.0,171.1,6.11,29.1,9.7,86.0,proteger
146.9,48.2,206.6,6.05,18.2,68.6,59.1,nao_fazer_nada
148.9,47.3,207.6,5.90,18.8,68.5,60.9,nao_fazer_nada
146.8,46.5,202.4,6.08,18.5,68.7,59.0,nao_fazer_nada
150.1,47.8,203.8,5.96,18.3,68.9,61.3,nao_fazer_nada
147.9,47.1,200.5,6.05,18.3,67.9,59.6,nao_fazer_nada
147.9,46.6,205.2,6.04,18.5,66.9,60.3,nao_fazer_nada
145.1,47.3,200.8,6.05,18.3,66.4,60.4,nao_fazer_nada
149.0,46.8,205.9,6.00,18.7,65.3,60.7,nao_fazer_nada
148.7,47.2,197.9,5.95,18.9,65.1,60.1,nao_fazer_nada
147.5,47.0,201.5,5.94,18.4,64.6,60.3,nao_fazer_nada
148.6,46.8,200.4,6.07,19.1,64.2,62.1,nao_fazer_nada
147.6,46.7,202.7,6.11,19.1,63.7,62.2,nao_fazer_nada
146.7,45.6,198.2,6.10,18.9,63.3,61.7,nao_fazer_nada
144.4,45.9,203.6,6.03,18.9,61.0,62.3,nao_fazer_nada
143.0,46.0,201.6,6.10,19.2,60.7,62.1,nao_fazer_nada
147.5,45.3,199.9,5.94,19.3,60.7,61.1,nao_fazer_nada
147.5,45.6,201.2,6.08,19.2,61.0,61.7,nao_fazer_nada
153.7,50.6,212.4,5.93,19.2,75.4,61.1,nao_fazer_nada
153.5,49.2,208.6,6.11,19.6,74.6,61.4,nao_fazer_nada
157.2,48.7,213.3,6.07,19.7,73.5,63.1,nao_fazer_nada
152.9,49.8,208.8,6.01,19.3,73.7,61.3,nao_fazer_nada
154.2,49.7,215.2,6.00,19.5,72.2,63.7,nao_fazer_nada
155.1,49.7,212.0,6.11,19.2,72.4,62.8,nao_fazer_nada
154.5,49.5,210.8,6.03,19.8,72.3,62.3,nao_fazer_nada
152.5,49.8,211.3,6.10,20.0,71.5,64.4,nao_fazer_nada
152.0,48.6,209.9,5.94,19.8,69.8,62.4,nao_fazer_nada
156.0,47.9,207.5,6.10,20.0,69.8,64.2,nao_fazer_nada
151.5,48.9,207.8,5.99,20.0,68.6,63.4,nao_fazer_nada
155.9,48.0,207.3,5.98,19.8,67.6,64.3,nao_fazer_nada
155.2,47.6,207.8,5.99,19.9,68.0,63.2,nao_fazer_nada
150.2,48.8,210.1,6.17,20.0,67.6,64.8,nao_fazer_nada
152.1,47.8,205.7,6.11,20.3,66.2,65.0,nao_fazer_nada
153.7,48.6,204.2,6.15,19.7,66.1,64.9,nao_fazer_nada
152.0,48.0,203.2,6.06,20.1,65.0,65.1,nao_fazer_nada
153.3,47.4,206.3,6.13,20.2,66.0,65.4,nao_fazer_nada
149.4,48.3,208.7,6.14,20.4,65.6,66.0,nao_fazer_nada
151.1,48.5,207.7,6.18,21.6,64.8,67.7,nao_fazer_nada
152.2,47.8,201.8,6.01,22.2,64.3,70.6,proteger
151.6,47.9,205.2,6.11,23.4,62.1,71.7,proteger
147.7,47.2,208.0,6.10,24.0,63.2,73.5,proteger
149.3,47.2,202.8,6.17,24.4,63.2,77.1,proteger
146.9,47.4,206.8,5.98,25.7,60.7,78.9,proteger
148.1,47.2,207.6,6.05,25.1,60.8,75.4,proteger
150.1,46.8,204.1,6.14,24.8,59.8,76.2,proteger
151.0,47.3,203.0,6.18,25.5,59.1,74.6,proteger
145.6,46.2,204.9,6.10,24.8,57.9,72.0,proteger
150.8,47.0,206.6,6.21,25.4,58.3,71.9,proteger
146.5,47.4,201.5,6.13,25.6,57.1,71.6,proteger
144.6,46.7,204.6,6.09,25.4,57.7,69.0,proteger
144.1,47.3,198.9,6.19,24.9,57.0,68.2,proteger
147.2,46.0,202.2,6.17,24.7,56.2,68.9,proteger
145.1,47.1,199.8,6.15,25.6,56.3,69.1,proteger
148.5,45.5,199.0,6.15,24.7,54.6,68.1,proteger
143.4,46.2,198.2,6.06,25.3,55.0,66.2,proteger
148.3,46.2,197.1,6.08,25.4,53.4,66.6,proteger
145.9,45.6,196.3,6.17,25.4,52.6,67.2,proteger
143.4,46.3,198.0,6.10,25.6,52.8,66.0,proteger
143.7,45.6,195.4,6.07,24.9,51.5,66.6,proteger
145.7,45.9,198.0,6.17,25.7,51.6,64.9,proteger
146.1,46.1,200.9,6.16,25.0,51.1,65.4,proteger
143.2,45.7,198.7,6.20,24.7,49.2,65.4,proteger
145.7,45.2,196.1,6.07,23.5,49.8,64.9,proteger
140.4,45.5,198.8,6.01,23.7,48.8,64.9,proteger
145.0,45.1,192.8,6.03,23.0,49.2,62.4,proteger
141.1,45.1,198.2,6.13,22.5,46.8,62.9,proteger
145.0,44.6,192.7,6.07,22.1,46.7,61.7,proteger
142.2,45.6,199.4,6.24,21.5,46.9,61.5,irrigar
139.5,45.0,198.6,6.20,21.4,46.2,63.1,irrigar
140.4,45.1,194.6,6.04,21.4,44.8,62.8,irrigar
138.4,43.6,191.5,6.06,21.2,45.7,63.1,irrigar
143.3,44.6,194.7,6.21,20.4,43.9,61.3,irrigar
142.5,44.6,194.4,6.10,20.6,43.6,61.7,irrigar
137.9,45.0,192.9,6.05,20.5,43.3,62.5,irrigar
138.4,44.4,193.9,6.03,19.7,43.2,61.2,irrigar
141.1,44.7,189.8,6.23,19.9,42.9,60.4,irrigar
140.4,43.1,189.7,6.24,19.7,41.4,60.3,irrigar
139.8,44.6,194.5,6.11,20.0,41.2,60.2,irrigar
148.6,48.1,202.5,6.09,19.8,55.0,61.8,irrigar
149.1,48.1,202.7,6.25,19.6,55.5,61.1,irrigar
147.6,47.9,203.7,6.19,19.6,53.7,59.8,irrigar
149.7,47.5,207.4,6.26,19.2,54.7,61.4,irrigar
148.0,47.3,204.8,6.25,19.3,54.1,59.6,irrigar
152.0,47.0,207.9,6.06,19.3,51.9,60.0,irrigar
149.7,47.1,205.7,6.26,18.8,51.4,59.4,irrigar
146.0,46.8,204.7,6.13,19.1,50.7,60.2,irrigar
148.0,47.0,200.6,6.21,19.3,51.9,60.0,irrigar
147.7,47.0,202.3,6.17,18.6,50.8,59.9,irrigar
150.1,46.2,199.3,6.17,18.6,49.5,60.1,irrigar
145.3,47.2,203.8,6.29,18.8,48.9,59.7,irrigar
149.6,46.8,201.0,6.11,19.1,48.3,60.9,irrigar
146.6,45.7,198.9,6.22,19.0,48.0,60.9,irrigar
147.6,45.6,202.7,6.28,18.6,46.8,60.4,irrigar
143.5,46.9,202.0,6.22,18.5,46.4,61.3,irrigar
146.0,45.6,197.8,6.29,19.0,46.4,61.1,irrigar
146.0,45.5,196.6,6.26,18.6,46.1,59.3,irrigar
145.8,45.3,195.8,6.23,18.7,44.8,59.5,irrigar
143.9,45.2,199.7,6.09,19.2,44.4,61.8,irrigar
147.1,45.8,198.6,6.25,20.2,44.2,65.2,irrigar
142.2,45.7,200.7,6.32,21.6,43.3,67.8,irrigar
146.3,45.5,196.1,6.32,22.0,42.4,68.3,proteger
142.1,45.9,198.0,6.32,23.2,42.2,69.7,proteger
144.7,45.5,197.8,6.22,23.5,41.7,71.8,proteger
141.1,44.9,194.2,6.13,24.5,42.0,73.9,proteger
143.8,45.9,200.3,6.10,24.5,40.2,75.6,proteger
144.3,45.4,196.3,6.23,25.2,40.6,77.3,proteger
143.3,44.5,192.2,6.31,25.2,39.6,78.2,proteger
142.7,45.1,197.7,6.16,25.7,39.1,77.7,proteger
138.9,44.6,194.9,6.30,26.1,37.7,80.7,proteger
140.4,44.5,195.9,6.32,26.8,37.6,79.1,proteger
141.4,43.9,194.0,6.26,26.5,36.9,82.1,proteger
140.1,43.9,193.7,6.34,27.1,36.5,82.9,proteger
142.1,45.1,191.9,6.14,27.7,36.1,81.6,proteger
142.8,45.0,196.8,6.21,27.7,36.0,83.1,proteger
141.7,44.7,195.4,6.30,27.0,35.2,82.6,proteger
137.4,43.3,192.0,6.19,27.0,34.1,80.2,proteger
139.2,43.1,194.6,6.24,26.3,33.5,77.6,proteger
141.1,44.0,188.3,6.14,26.0,33.1,75.5,proteger
140.3,44.2,188.1,6.35,26.4,31.6,76.6,proteger
139.9,43.3,190.2,6.34,26.0,31.4,72.8,proteger
135.9,42.9,194.1,6.30,25.3,31.4,72.7,proteger
150.8,48.3,201.9,5.96,18.2,70.8,60.6,nao_fazer_nada
152.2,47.8,203.3,6.01,18.6,67.7,60.4,nao_fazer_nada
148.8,47.2,206.6,5.93,18.5,69.1,61.2,nao_fazer_nada
147.9,46.3,204.8,6.04,18.3,66.6,59.6,nao_fazer_nada
150.2,46.7,203.5,6.06,18.7,67.3,61.0,nao_fazer_nada
150.3,47.6,200.6,6.12,19.0,66.4,59.5,nao_fazer_nada
145.2,46.8,205.0,6.07,18.3,65.9,60.1,nao_fazer_nada
146.4,45.9,204.7,5.98,18.9,66.4,59.9,nao_fazer_nada
148.1,45.9,198.5,6.00,18.9,65.4,61.1,nao_fazer_nada
145.7,47.2,201.2,5.99,19.0,63.8,60.0,nao_fazer_nada
144.5,46.7,204.6,6.12,18.5,63.3,61.1,nao_fazer_nada
147.1,46.9,198.1,6.12,19.1,62.2,61.3,nao_fazer_nada
146.2,46.7,203.3,6.02,18.6,63.1,62.3,nao_fazer_nada
148.5,46.1,197.7,6.11,18.7,61.7,60.6,nao_fazer_nada
147.4,46.4,201.4,5.95,19.3,60.4,61.3,nao_fazer_nada
143.2,46.5,196.0,6.03,19.2,60.0,62.8,irrigar
145.8,45.5,197.7,5.99,19.0,59.6,61.3,irrigar
142.0,45.1,195.8,5.94,19.5,60.5,61.0,nao_fazer_nada
141.6,46.0,199.8,5.94,19.4,58.7,63.1,irrigar
145.2,46.4,194.7,5.97,19.3,58.9,61.2,irrigar
141.9,45.8,195.4,5.96,19.6,58.3,61.9,irrigar
142.8,44.7,196.9,6.06,19.1,57.1,61.9,irrigar
143.9,45.0,194.4,6.06,19.5,57.8,62.4,irrigar
153.0,48.8,214.7,6.04,19.3,72.6,62.4,nao_fazer_nada
156.2,49.1,208.6,6.06,19.9,70.3,62.1,nao_fazer_nada
156.6,49.2,212.9,6.06,19.4,71.4,62.9,nao_fazer_nada
155.5,49.5,211.8,6.08,20.1,69.3,63.3,nao_fazer_nada
153.0,49.5,211.4,6.14,19.6,68.8,62.5,nao_fazer_nada
152.0,49.3,211.0,6.13,19.8,68.4,64.8,nao_fazer_nada
155.3,48.4,206.5,6.01,19.5,66.9,64.4,nao_fazer_nada
155.2,49.1,206.0,6.01,20.3,67.0,64.2,nao_fazer_nada
150.8,47.9,205.7,6.14,19.8,66.3,63.6,nao_fazer_nada
154.3,47.8,205.5,6.17,20.1,65.4,64.0,nao_fazer_nada
148.8,48.5,206.1,5.96,20.2,66.4,65.4,nao_fazer_nada
151.4,47.9,210.2,6.09,20.5,66.1,63.9,nao_fazer_nada
148.3,47.4,210.5,6.17,20.1,64.4,64.6,nao_fazer_nada
149.1,48.3,202.7,5.98,20.8,65.4,66.4,nao_fazer_nada
148.6,48.2,203.5,6.11,22.2,62.5,68.4,proteger
148.5,48.1,206.0,6.00,22.8,62.9,70.1,proteger
147.2,47.6,207.9,5.99,23.1,62.2,71.9,proteger
152.2,46.6,200.9,6.15,24.6,62.5,75.8,proteger
148.2,47.5,200.6,6.17,25.0,61.6,76.5,proteger
150.8,46.3,201.7,6.04,25.0,60.8,79.3,proteger
151.7,48.0,202.8,6.10,25.7,59.9,80.0,proteger
150.7,46.3,201.0,6.00,26.4,58.9,79.8,proteger
150.6,47.0,205.3,6.08,26.5,59.6,81.4,proteger
150.4,47.7,203.2,6.08,26.8,59.2,83.5,proteger
149.4,45.8,201.4,6.20,27.4,57.8,83.1,proteger
147.3,47.1,199.9,6.05,27.1,56.3,82.1,proteger
147.3,46.7,200.7,6.22,27.1,55.6,79.1,proteger
146.8,46.6,201.7,6.13,27.0,56.6,79.0,proteger
144.0,47.1,201.6,6.21,27.4,55.9,76.3,proteger
145.7,47.0,204.3,6.20,26.5,53.8,75.6,proteger
145.8,45.9,197.5,6.07,26.2,55.1,73.8,proteger
144.7,46.7,201.3,6.00,26.2,53.6,71.8,proteger
144.3,45.6,196.2,6.09,25.8,53.4,71.8,proteger
144.3,45.1,201.8,6.00,25.8,52.4,70.3,proteger
144.9,45.3,195.8,6.07,26.6,51.4,70.9,proteger
144.4,46.3,194.8,6.13,26.0,51.3,69.5,proteger
143.7,45.1,196.7,6.16,26.2,49.7,68.9,proteger
146.0,45.5,199.3,6.12,25.7,49.3,69.3,proteger
141.8,44.7,197.3,6.20,25.1,49.3,68.9,proteger
142.3,44.9,195.0,6.06,23.8,48.9,67.0,proteger
142.3,45.3,193.0,6.13,24.0,47.1,67.4,proteger
143.0,45.6,197.8,6.16,23.1,47.0,65.6,proteger
141.7,44.6,193.0,6.02,22.8,47.7,66.2,proteger
142.3,44.8,195.2,6.25,22.1,46.5,65.7,proteger
140.1,43.9,193.8,6.13,22.1,45.9,64.1,proteger
140.1,44.1,193.3,6.02,21.6,44.8,63.7,irrigar
140.8,45.3,195.6,6.15,21.4,44.6,63.4,irrigar
140.6,45.0,197.9,6.14,20.9,44.1,64.3,irrigar
155.0,48.4,209.6,6.16,20.7,59.1,62.4,irrigar
151.5,48.9,206.5,6.06,20.3,58.1,61.6,irrigar
154.3,48.8,206.2,6.27,20.4,56.7,63.2,irrigar
148.9,48.2,203.4,6.24,19.9,57.1,63.2,irrigar
151.2,47.3,203.2,6.21,20.1,56.3,61.6,irrigar
149.2,47.2,205.9,6.13,20.0,55.2,62.6,irrigar
148.6,47.2,203.9,6.25,20.1,54.4,62.2,irrigar
153.0,48.2,204.6,6.16,19.6,54.3,61.9,irrigar
149.4,47.2,202.7,6.25,19.6,54.8,61.9,irrigar
150.7,48.3,203.5,6.06,19.5,54.3,62.0,irrigar
148.0,47.9,206.7,6.23,19.6,52.3,61.2,irrigar
146.1,46.6,207.8,6.26,19.1,52.5,61.5,irrigar
163.6,51.6,218.1,6.15,19.2,65.9,61.5,nao_fazer_nada
158.3,51.1,215.7,6.28,19.3,66.8,61.7,travar_irrigacao
160.4,50.5,220.7,6.11,19.1,66.6,60.7,nao_fazer_nada
161.7,51.7,220.7,6.14,18.7,65.8,59.7,nao_fazer_nada
158.1,49.9,217.9,6.14,18.6,65.0,60.8,nao_fazer_nada
156.8,51.2,217.5,6.12,18.8,63.5,60.6,nao_fazer_nada
156.8,51.3,217.4,6.20,18.7,62.5,60.1,nao_fazer_nada
158.1,50.1,214.6,6.09,19.2,61.9,61.3,nao_fazer_nada
156.3,51.3,215.7,6.14,19.5,61.7,62.6,nao_fazer_nada
157.3,50.6,216.3,6.26,19.4,61.2,62.1,travar_irrigacao
155.4,49.2,212.6,6.11,19.7,61.1,61.3,nao_fazer_nada
160.5,49.3,217.5,6.16,19.4,60.7,63.2,nao_fazer_nada
157.9,50.5,212.1,6.24,19.3,58.9,61.5,irrigar
156.8,50.3,212.2,6.21,19.8,60.3,62.1,travar_irrigacao
158.6,49.8,209.8,6.10,19.3,59.6,62.2,irrigar
154.4,50.1,208.9,6.19,19.4,57.2,62.1,irrigar
153.0,49.2,211.7,6.29,19.6,58.7,62.6,irrigar
154.8,48.9,208.2,6.26,19.7,58.1,59.2,irrigar
156.8,49.8,209.1,6.20,19.3,58.5,57.0,irrigar
153.2,49.8,212.6,6.30,19.0,57.5,54.4,irrigar
157.3,49.7,214.8,6.19,18.1,57.9,51.1,irrigar
154.7,49.5,211.4,6.14,17.8,58.0,49.9,irrigar
157.1,49.7,212.9,6.14,18.1,57.3,46.6,irrigar
156.8,48.7,207.1,6.28,17.4,57.2,45.9,irrigar
162.6,52.7,224.3,6.22,17.2,74.5,44.2,travar_irrigacao
166.3,52.3,226.8,6.31,17.1,74.0,42.4,travar_irrigacao
162.7,53.1,222.1,6.19,17.2,74.0,41.2,nao_fazer_nada
163.9,52.9,222.1,6.15,16.8,73.1,39.7,nao_fazer_nada
164.1,52.1,225.7,6.34,16.7,72.6,38.3,travar_irrigacao
162.4,51.9,217.3,6.25,16.9,73.2,36.7,travar_irrigacao
149.0,47.5,205.4,6.08,18.4,70.4,59.3,nao_fazer_nada
148.6,47.1,202.0,6.00,18.2,69.9,60.9,nao_fazer_nada
147.8,48.0,204.5,6.07,18.5,69.1,59.3,nao_fazer_nada
146.9,48.0,205.8,5.91,18.7,67.6,59.3,nao_fazer_nada
145.7,47.5,199.6,5.93,18.4,67.2,60.8,nao_fazer_nada
146.8,47.5,205.6,6.07,18.3,66.7,60.3,nao_fazer_nada
148.1,47.4,203.9,5.98,18.4,65.9,60.1,nao_fazer_nada
146.1,47.5,198.5,5.90,18.5,65.4,60.1,nao_fazer_nada
146.3,46.9,200.7,6.03,18.9,66.1,59.5,nao_fazer_nada
146.7,45.9,202.7,5.93,18.4,63.2,61.5,nao_fazer_nada
146.2,47.2,198.6,5.92,18.6,63.2,62.0,nao_fazer_nada
148.7,46.5,204.4,5.96,19.1,62.9,61.8,nao_fazer_nada
146.9,46.8,196.9,5.92,19.0,63.7,62.3,nao_fazer_nada
146.0,45.4,202.5,6.05,18.8,63.3,61.4,nao_fazer_nada
144.5,46.9,201.5,6.08,18.9,60.6,61.5,nao_fazer_nada
143.2,46.7,199.1,6.01,19.2,60.0,61.4,irrigar
143.6,45.2,200.6,6.05,18.8,60.9,60.9,nao_fazer_nada
144.8,46.0,199.0,6.04,19.2,60.4,62.9,nao_fazer_nada
145.4,45.6,197.9,6.00,18.9,58.6,62.6,irrigar
144.7,45.0,199.3,6.13,19.0,59.8,63.1,irrigar
141.3,44.6,197.7,6.00,19.2,57.6,62.1,irrigar
142.6,44.6,201.0,6.16,19.4,56.8,63.4,irrigar
145.6,45.5,198.6,6.13,19.6,57.7,63.7,irrigar
157.4,49.4,210.4,5.94,19.3,72.8,63.1,nao_fazer_nada
155.7,48.5,208.8,5.94,19.3,70.3,64.0,nao_fazer_nada
155.2,48.2,209.6,6.06,19.3,69.4,62.5,nao_fazer_nada
156.6,47.8,207.8,6.09,20.1,69.1,63.0,nao_fazer_nada
155.2,48.7,209.9,6.11,19.8,69.7,63.4,nao_fazer_nada
151.0,48.4,210.4,6.04,19.8,69.2,63.8,nao_fazer_nada
150.3,47.7,207.4,5.94,20.3,68.9,63.7,nao_fazer_nada
155.4,48.2,205.2,6.11,20.1,68.0,63.2,nao_fazer_nada
151.6,47.8,203.9,6.00,19.8,66.8,65.3,nao_fazer_nada
154.8,48.4,209.3,5.99,19.9,66.4,64.9,nao_fazer_nada
154.3,47.9,207.6,5.98,21.1,65.3,66.3,nao_fazer_nada
150.9,47.7,209.0,6.08,21.6,66.0,68.0,nao_fazer_nada
153.0,47.6,204.4,6.16,22.7,65.1,71.0,proteger
152.9,47.9,205.0,6.09,23.9,65.5,73.8,proteger
148.0,47.2,208.0,6.17,24.6,63.0,76.0,proteger
150.4,47.6,207.0,6.15,25.1,63.3,77.4,proteger
150.3,48.3,209.0,6.13,25.4,62.8,76.8,proteger
152.4,48.2,205.3,5.98,25.8,60.9,80.4,proteger
152.4,47.6,208.2,6.11,26.5,61.7,80.1,proteger
151.5,46.8,200.3,6.17,26.5,60.9,81.3,proteger
146.7,46.9,207.6,6.03,26.8,59.6,81.6,proteger
147.4,47.7,207.3,6.09,27.4,59.5,83.4,proteger
145.4,47.3,203.3,6.13,28.5,58.9,83.9,proteger
149.4,47.3,200.7,6.19,28.6,59.1,86.2,proteger
147.7,47.3,203.5,6.15,28.3,58.0,87.0,proteger
147.9,45.8,205.2,6.00,27.9,56.4,82.8,proteger
149.7,45.7,204.2,6.06,28.2,56.6,80.3,proteger
146.9,47.1,202.9,6.10,28.1,55.3,79.5,proteger
147.8,47.1,198.6,6.10,27.1,55.6,78.0,proteger
146.6,46.9,196.8,6.08,27.8,54.2,77.1,proteger
144.5,46.7,196.9,6.04,26.6,54.6,76.5,proteger
146.6,46.2,198.1,6.10,26.6,53.7,73.4,proteger
147.0,46.7,197.1,6.00,27.1,52.5,72.7,proteger
147.5,46.1,196.6,6.16,26.6,52.3,72.4,proteger
144.8,44.8,195.2,6.12,25.4,51.7,72.1,proteger
141.5,45.9,196.0,6.12,25.4,50.8,71.4,proteger
146.1,45.6,200.5,6.18,24.2,50.7,70.2,proteger
143.7,45.8,196.0,6.15,23.7,49.0,68.8,proteger
144.7,45.0,199.6,6.03,23.5,49.5,66.2,proteger
144.7,44.8,194.0,6.21,23.0,47.7,65.9,proteger
143.3,45.2,194.2,6.15,22.9,47.1,66.7,proteger
140.5,44.9,198.2,6.07,22.3,48.0,65.8,proteger
139.4,45.0,194.6,6.01,21.9,45.9,64.2,irrigar
144.6,45.7,196.0,6.20,21.4,46.2,63.9,irrigar
140.5,44.4,194.7,6.06,20.9,46.0,62.8,irrigar
142.3,43.8,194.7,6.08,21.4,45.2,62.6,irrigar
138.8,44.6,192.6,6.23,20.8,45.0,63.9,irrigar
140.8,44.5,197.7,6.19,20.9,43.9,63.8,irrigar
155.3,49.0,208.8,6.21,20.4,57.8,63.4,irrigar
153.4,48.5,204.3,6.12,20.4,58.5,63.5,irrigar
150.3,49.0,206.4,6.18,20.0,57.3,62.6,irrigar
152.0,47.6,207.0,6.04,19.9,56.1,61.1,irrigar
153.9,48.5,204.8,6.27,19.8,56.9,62.2,irrigar
151.2,47.4,209.2,6.24,19.5,55.9,61.8,irrigar
151.3,47.8,207.1,6.27,19.3,54.8,62.2,irrigar
149.0,48.5,207.7,6.08,19.5,55.1,62.7,irrigar
152.5,48.4,208.4,6.14,19.5,53.7,62.9,irrigar
151.1,46.9,200.7,6.19,20.1,52.8,64.1,irrigar
147.1,47.5,202.6,6.10,20.1,51.8,63.9,irrigar
146.6,46.3,204.9,6.26,20.2,51.3,64.7,irrigar
149.2,47.0,202.9,6.15,19.7,51.4,64.8,irrigar
146.9,47.9,200.9,6.28,20.1,50.2,64.1,irrigar
149.0,46.6,199.7,6.12,19.9,49.5,63.2,irrigar
147.1,46.4,206.4,6.20,19.9,50.5,63.4,irrigar
146.5,45.9,199.8,6.09,20.1,49.7,59.8,irrigar
144.5,47.0,199.8,6.30,19.5,50.0,57.9,irrigar
147.4,47.0,204.2,6.24,19.6,50.2,54.6,irrigar
146.5,45.5,201.7,6.30,18.8,49.9,53.7,irrigar
143.7,47.0,198.0,6.28,18.5,50.5,50.7,irrigar
148.9,47.1,201.2,6.29,18.8,51.1,49.2,irrigar
148.0,46.4,199.5,6.17,18.2,49.4,46.1,irrigar
146.3,45.2,196.1,6.26,18.4,49.6,45.1,irrigar
159.8,50.0,216.7,6.18,17.6,66.4,44.5,nao_fazer_nada
157.5,49.1,211.9,6.28,17.6,65.8,42.9,travar_irrigacao
154.2,50.0,215.8,6.20,17.8,65.3,40.6,travar_irrigacao
153.3,49.2,215.5,6.28,17.2,65.4,39.7,travar_irrigacao
153.5,49.6,211.6,6.21,17.0,66.6,39.2,travar_irrigacao
152.8,50.2,212.2,6.08,17.2,65.1,37.8,nao_fazer_nada
157.3,50.0,211.3,6.32,17.0,64.3,37.3,travar_irrigacao
153.7,48.4,208.7,6.20,16.9,64.7,35.9,travar_irrigacao
152.5,48.8,206.8,6.11,17.0,66.4,35.9,nao_fazer_nada
157.0,48.9,209.6,6.22,16.9,65.5,35.5,travar_irrigacao
154.7,48.4,206.3,6.09,16.5,64.7,34.2,nao_fazer_nada
154.1,49.8,211.3,6.19,16.7,66.4,33.1,nao_fazer_nada
152.7,48.1,205.5,6.20,16.7,65.5,32.8,travar_irrigacao
154.5,48.0,205.4,6.22,16.3,65.2,32.0,travar_irrigacao
154.8,48.3,208.2,6.25,16.1,64.8,32.3,travar_irrigacao
155.3,49.0,210.2,6.29,16.3,66.8,32.0,travar_irrigacao
151.9,48.3,210.0,6.24,16.6,66.0,35.2,travar_irrigacao
150.7,47.6,206.2,6.31,16.7,65.6,36.8,travar_irrigacao
153.8,47.7,207.0,6.33,17.1,63.5,39.9,travar_irrigacao
152.5,47.9,207.4,6.30,16.8,64.7,42.1,travar_irrigacao
152.5,48.2,208.5,6.17,17.6,64.0,44.4,nao_fazer_nada
151.4,47.8,209.5,6.20,17.2,61.8,44.7,travar_irrigacao
150.1,47.9,203.4,6.35,17.3,62.1,47.6,travar_irrigacao
150.3,48.0,205.0,6.35,17.4,61.4,48.0,travar_irrigacao
147.7,48.2,207.9,5.91,17.6,48.8,48.8,irrigar
149.7,47.1,207.0,5.89,18.6,69.8,59.7,nao_fazer_nada
151.0,46.5,205.3,5.95,18.2,67.6,60.8,nao_fazer_nada
150.5,46.7,202.1,6.03,18.8,68.5,60.4,nao_fazer_nada
148.9,46.8,203.5,6.02,18.8,66.8,61.0,nao_fazer_nada
147.5,46.5,203.9,5.92,18.3,67.6,60.2,nao_fazer_nada
150.2,46.2,203.0,5.90,18.3,67.3,60.4,nao_fazer_nada
147.1,46.4,204.3,6.06,18.7,66.3,60.7,nao_fazer_nada
150.5,46.8,202.5,5.99,19.0,64.7,61.2,nao_fazer_nada
147.9,46.9,203.0,5.96,18.4,64.3,59.7,nao_fazer_nada
149.4,46.2,204.7,6.01,18.8,64.6,62.0,nao_fazer_nada
144.0,47.1,198.6,6.04,19.2,63.4,61.3,nao_fazer_nada
144.4,46.6,197.2,6.03,19.1,62.3,61.8,nao_fazer_nada
143.7,45.3,201.2,6.03,18.7,62.3,60.6,nao_fazer_nada
143.1,47.0,196.6,6.07,19.2,61.6,62.3,nao_fazer_nada
147.9,46.5,197.8,6.02,19.1,61.1,60.7,nao_fazer_nada
147.7,46.3,197.6,6.11,18.9,59.9,60.8,irrigar
147.1,46.4,200.0,6.13,18.8,60.9,60.7,nao_fazer_nada
145.2,45.5,202.1,6.06,19.0,59.6,62.2,irrigar
143.1,46.0,194.7,6.11,19.5,58.8,62.5,irrigar
145.6,45.3,196.0,5.97,19.6,58.9,63.5,irrigar
146.4,45.7,196.0,6.09,19.5,57.5,61.8,irrigar
144.0,46.0,197.1,6.09,19.7,57.9,61.4,irrigar
140.5,44.5,199.8,6.03,19.1,56.0,62.0,irrigar
142.9,45.8,196.9,5.96,19.7,56.1,63.9,irrigar
144.8,44.5,200.1,5.94,19.9,56.4,62.5,irrigar
139.6,44.2,192.9,6.09,19.7,54.3,63.8,irrigar
139.5,44.5,199.1,6.15,20.0,55.5,63.0,irrigar
141.6,44.4,198.8,6.10,20.1,53.5,62.5,irrigar
140.1,44.2,193.2,5.96,19.6,53.1,63.8,irrigar
142.8,44.1,194.4,6.14,20.2,54.1,64.2,irrigar
141.4,44.3,194.5,6.18,20.0,53.3,64.3,irrigar
142.7,44.8,197.2,6.01,20.2,52.9,64.8,irrigar
137.9,44.3,190.2,5.96,21.2,52.2,66.1,irrigar
141.8,44.8,194.6,6.15,22.2,51.1,69.1,proteger
